{"type":"FeatureCollection","features":[{"type":"Feature","properties":{"code":"971","nom":"Guadeloupe"},"geometry":{"type":"MultiPolygon","coordinates":[[[[-61.78809,16.16735],[-61.79197,16.16791],[-61.78817,16.16911],[-61.78809,16.16735]]],[[[-61.60712,15.83535],[-61.60992,15.83591],[-61.61134,15.83954],[-61.60712,15.83535]]],[[[-61.63356,15.83977],[-61.65092,15.84865],[-61.63513,15.87096],[-61.61436,15.85533],[-61.63356,15.83977]]],[[[-61.10879,16.16859],[-61.13124,16.17236],[-61.10722,16.17219],[-61.10879,16.16859]]],[[[-61.00982,16.34998],[-61.00528,16.33151],[-61.09724,16.29052],[-61.09063,16.31183],[-61.00982,16.34998]]],[[[-61.77792,16.36822],[-61.78163,16.36689],[-61.78063,16.37041],[-61.77792,16.36822]]],[[[-61.58462,15.83629],[-61.59713,15.83542],[-61.59171,15.84289],[-61.58462,15.83629]]],[[[-61.57841,15.85532],[-61.60665,15.85713],[-61.58433,15.86435],[-61.58155,15.88092],[-61.5782,15.87299],[-61.57159,15.88257],[-61.57129,15.87222],[-61.56645,15.87097],[-61.57841,15.85532]]],[[[-61.59119,15.87737],[-61.59681,15.87487],[-61.6017,15.87744],[-61.59119,15.87737]]],[[[-61.56573,15.87345],[-61.56642,15.87481],[-61.5652,15.87512],[-61.56573,15.87345]]],[[[-61.10392,16.18107],[-61.11064,16.17557],[-61.11385,16.17763],[-61.10392,16.18107]]],[[[-61.32312,15.94961],[-61.31902,15.97592],[-61.27569,16.00729],[-61.23309,15.98571],[-61.22449,15.96436],[-61.20061,15.94509],[-61.19587,15.92129],[-61.20455,15.90094],[-61.23449,15.87904],[-61.27918,15.86653],[-61.31501,15.88054],[-61.33102,15.89811],[-61.33706,15.94149],[-61.32312,15.94961]]],[[[-61.57893,16.34903],[-61.59191,16.34627],[-61.597,16.34233],[-61.59027,16.35349],[-61.57893,16.34903]]],[[[-61.52636,16.35061],[-61.52992,16.34996],[-61.52987,16.35082],[-61.52636,16.35061]]],[[[-61.54204,16.29406],[-61.54507,16.29444],[-61.54292,16.29515],[-61.54204,16.29406]]],[[[-61.55009,16.28038],[-61.55275,16.28121],[-61.55022,16.28218],[-61.55009,16.28038]]],[[[-61.50821,16.3499],[-61.50948,16.34883],[-61.51013,16.34973],[-61.50821,16.3499]]],[[[-61.55217,16.28405],[-61.55529,16.28606],[-61.55407,16.28641],[-61.55217,16.28405]]],[[[-61.55425,16.28673],[-61.55645,16.28702],[-61.55518,16.288],[-61.55425,16.28673]]],[[[-61.80606,16.268],[-61.79459,16.30677],[-61.80156,16.31435],[-61.78869,16.3221],[-61.78744,16.33574],[-61.77612,16.35004],[-61.74328,16.36201],[-61.6712,16.31787],[-61.65036,16.32103],[-61.62574,16.30158],[-61.60233,16.30341],[-61.61445,16.28316],[-61.62079,16.29224],[-61.62691,16.28053],[-61.61185,16.27948],[-61.61353,16.26765],[-61.59864,16.2817],[-61.5974,16.26605],[-61.57612,16.28512],[-61.55511,16.28475],[-61.55609,16.27296],[-61.5495,16.27757],[-61.55308,16.24958],[-61.54455,16.22534],[-61.57992,16.23688],[-61.59043,16.19325],[-61.5802,16.17899],[-61.5777,16.14286],[-61.56086,16.13114],[-61.57038,16.11394],[-61.56093,16.10163],[-61.55534,16.05324],[-61.57272,16.02195],[-61.61241,15.9913],[-61.61918,15.97173],[-61.70767,15.94891],[-61.71514,15.98258],[-61.74578,16.00942],[-61.75104,16.03449],[-61.76954,16.05873],[-61.7698,16.13091],[-61.77998,16.14023],[-61.77591,16.17094],[-61.78773,16.19518],[-61.78233,16.2144],[-61.80606,16.268]]],[[[-61.53048,16.21784],[-61.53283,16.22127],[-61.5255,16.21706],[-61.52329,16.22117],[-61.54969,16.25168],[-61.54738,16.27995],[-61.55448,16.28813],[-61.54113,16.28962],[-61.54226,16.29582],[-61.54699,16.30137],[-61.53726,16.30641],[-61.52963,16.33921],[-61.49371,16.35409],[-61.50136,16.36418],[-61.49504,16.37674],[-61.52575,16.39467],[-61.54148,16.43762],[-61.53545,16.45497],[-61.46475,16.51429],[-61.4614,16.49949],[-61.44355,16.50017],[-61.44144,16.48859],[-61.41005,16.46739],[-61.3979,16.42401],[-61.40538,16.38453],[-61.37951,16.34371],[-61.34167,16.32972],[-61.29705,16.32779],[-61.2595,16.3043],[-61.24326,16.27317],[-61.17373,16.2448],[-61.25567,16.25601],[-61.29446,16.24323],[-61.33858,16.24204],[-61.46419,16.19676],[-61.53048,16.21784]]],[[[-61.53468,16.21339],[-61.54281,16.21394],[-61.54273,16.21842],[-61.53468,16.21339]]],[[[-61.49064,16.19916],[-61.49209,16.19868],[-61.49175,16.20008],[-61.49064,16.19916]]]]}},{"type":"Feature","properties":{"code":"972","nom":"Martinique"},"geometry":{"type":"MultiPolygon","coordinates":[[[[-60.86711,14.39206],[-60.86884,14.39063],[-60.86836,14.39257],[-60.86711,14.39206]]],[[[-61.03784,14.44344],[-61.0409,14.44324],[-61.04029,14.44441],[-61.03784,14.44344]]],[[[-60.82522,14.4299],[-60.8304,14.43061],[-60.82598,14.43289],[-60.82522,14.4299]]],[[[-60.83118,14.41667],[-60.83233,14.41713],[-60.83125,14.41834],[-60.83118,14.41667]]],[[[-60.83199,14.41049],[-60.83426,14.41086],[-60.83253,14.41149],[-60.83199,14.41049]]],[[[-60.97905,14.47557],[-60.98021,14.47631],[-60.97857,14.47747],[-60.97905,14.47557]]],[[[-60.83458,14.56774],[-60.83576,14.57037],[-60.83433,14.56972],[-60.83458,14.56774]]],[[[-60.98735,14.78785],[-60.99065,14.78792],[-60.98743,14.78898],[-60.98735,14.78785]]],[[[-60.87401,14.4518],[-60.87528,14.45105],[-60.87504,14.45208],[-60.87401,14.4518]]],[[[-60.86212,14.60803],[-60.8578,14.61238],[-60.85277,14.61438],[-60.84961,14.61051],[-60.86212,14.60803]]],[[[-60.84601,14.62521],[-60.85029,14.62516],[-60.84711,14.62698],[-60.84601,14.62521]]],[[[-60.86034,14.61882],[-60.8642,14.61917],[-60.85817,14.62202],[-60.86034,14.61882]]],[[[-60.85446,14.6265],[-60.85181,14.62685],[-60.8539,14.626],[-60.85446,14.6265]]],[[[-60.86293,14.60582],[-60.86413,14.60687],[-60.86301,14.607],[-60.86293,14.60582]]],[[[-61.0169,14.54773],[-61.02163,14.54899],[-61.01651,14.55017],[-61.0169,14.54773]]],[[[-61.07836,14.54472],[-61.0801,14.54391],[-61.07939,14.54531],[-61.07836,14.54472]]],[[[-60.96249,14.77287],[-60.96458,14.77261],[-60.96456,14.77442],[-60.96249,14.77287]]],[[[-60.87858,14.75693],[-60.87979,14.75599],[-60.88001,14.75744],[-60.87858,14.75693]]],[[[-60.93295,14.73016],[-60.93419,14.73121],[-60.93243,14.73097],[-60.93295,14.73016]]],[[[-60.87432,14.77706],[-60.87597,14.77576],[-60.87564,14.77689],[-60.87432,14.77706]]],[[[-61.11754,14.62759],[-61.13569,14.63289],[-61.15676,14.65651],[-61.18484,14.70852],[-61.17725,14.74619],[-61.22716,14.80256],[-61.22644,14.83127],[-61.20656,14.86166],[-61.18054,14.87481],[-61.13884,14.87777],[-61.09786,14.86317],[-61.05725,14.83438],[-61.02916,14.83036],[-61.01871,14.80944],[-61.00115,14.80794],[-61.00431,14.79816],[-60.9796,14.77757],[-60.95805,14.73656],[-60.93463,14.76183],[-60.92049,14.75831],[-60.88843,14.78016],[-60.87463,14.77476],[-60.87271,14.7582],[-60.88367,14.76773],[-60.8968,14.76124],[-60.88847,14.75326],[-60.89935,14.74381],[-60.89069,14.73999],[-60.89555,14.73347],[-60.92586,14.75076],[-60.94313,14.74335],[-60.93755,14.73427],[-60.94473,14.72283],[-60.93448,14.71551],[-60.93121,14.72136],[-60.92541,14.72149],[-60.93311,14.70768],[-60.91394,14.7162],[-60.9142,14.70287],[-60.90072,14.69878],[-60.92851,14.68739],[-60.92488,14.67854],[-60.93663,14.68357],[-60.94304,14.66928],[-60.92899,14.65294],[-60.91185,14.66596],[-60.89375,14.65894],[-60.88296,14.66549],[-60.88588,14.65263],[-60.90603,14.64819],[-60.88859,14.64131],[-60.89906,14.62145],[-60.87018,14.61953],[-60.87797,14.61232],[-60.87246,14.59631],[-60.85186,14.59473],[-60.84623,14.58257],[-60.85243,14.58009],[-60.84227,14.57901],[-60.85359,14.57545],[-60.84295,14.5711],[-60.8453,14.55941],[-60.82547,14.56838],[-60.83856,14.55],[-60.82663,14.53738],[-60.83725,14.53349],[-60.8242,14.52954],[-60.83687,14.51169],[-60.82353,14.51307],[-60.82342,14.49593],[-60.8106,14.47978],[-60.82372,14.47184],[-60.80949,14.46019],[-60.82364,14.45245],[-60.83466,14.42287],[-60.84891,14.42711],[-60.83871,14.41063],[-60.86881,14.39456],[-60.89318,14.41918],[-60.8799,14.43843],[-60.8838,14.45193],[-60.87783,14.44623],[-60.87224,14.44826],[-60.8728,14.45691],[-60.86442,14.45489],[-60.86608,14.47046],[-60.87655,14.47213],[-60.89902,14.44767],[-60.9101,14.46892],[-60.93416,14.46242],[-60.96451,14.47288],[-60.97449,14.46803],[-60.98039,14.48205],[-60.98493,14.47277],[-60.99179,14.47881],[-60.99157,14.46633],[-61.00385,14.47881],[-61.0063,14.47105],[-61.01883,14.48065],[-61.03251,14.47708],[-61.05612,14.45394],[-61.07989,14.46872],[-61.07989,14.48938],[-61.09077,14.49262],[-61.08541,14.50529],[-61.10117,14.50817],[-61.08771,14.53411],[-61.06451,14.54195],[-61.0522,14.56242],[-61.05174,14.55144],[-61.0385,14.5568],[-61.04435,14.54659],[-61.02747,14.53497],[-61.00842,14.54215],[-61.00731,14.53608],[-60.98976,14.55024],[-60.99759,14.56142],[-61.0113,14.56107],[-61.00993,14.57827],[-61.02427,14.5848],[-61.0138,14.60172],[-61.02172,14.60331],[-61.01895,14.6117],[-61.03974,14.60647],[-61.03688,14.59263],[-61.06022,14.59511],[-61.05749,14.60359],[-61.05916,14.60406],[-61.09042,14.59864],[-61.11754,14.62759]]],[[[-60.87923,14.69258],[-60.89209,14.6931],[-60.89875,14.69637],[-60.87923,14.69258]]],[[[-60.88482,14.63254],[-60.88997,14.6334],[-60.88893,14.63488],[-60.88482,14.63254]]],[[[-60.88229,14.68763],[-60.88398,14.68733],[-60.88426,14.6905],[-60.88229,14.68763]]],[[[-60.90904,14.68573],[-60.91127,14.68526],[-60.9091,14.68736],[-60.90904,14.68573]]],[[[-60.89898,14.68692],[-60.90188,14.6859],[-60.90164,14.68698],[-60.89898,14.68692]]],[[[-60.88161,14.67005],[-60.88393,14.67101],[-60.88285,14.67137],[-60.88161,14.67005]]]]}},{"type":"Feature","properties":{"code":"973","nom":"Guyane"},"geometry":{"type":"MultiPolygon","coordinates":[[[[-53.90259,5.74655],[-53.86464,5.74295],[-53.88376,5.7365],[-53.90259,5.74655]]],[[[-52.17997,4.89393],[-52.18157,4.88863],[-52.1902,4.89246],[-52.17997,4.89393]]],[[[-52.2032,4.92512],[-52.20617,4.92934],[-52.20104,4.93122],[-52.2032,4.92512]]],[[[-53.46939,5.56526],[-53.40307,5.5637],[-53.31831,5.53874],[-53.28022,5.54305],[-53.25077,5.52123],[-53.26205,5.53803],[-53.30056,5.5529],[-53.27474,5.56324],[-53.26143,5.5485],[-53.13142,5.50816],[-53.07247,5.46828],[-53.02008,5.45805],[-52.99557,5.43198],[-53.00315,5.45578],[-52.99695,5.45973],[-52.94077,5.4497],[-52.8551,5.37761],[-52.83165,5.33329],[-52.78816,5.30754],[-52.74718,5.25804],[-52.66638,5.20027],[-52.6283,5.16281],[-52.6277,5.14633],[-52.57599,5.10651],[-52.55644,5.10698],[-52.54725,5.09479],[-52.5567,5.09606],[-52.55225,5.08784],[-52.5382,5.08848],[-52.46036,5.01215],[-52.41635,4.98177],[-52.36473,4.92075],[-52.33431,4.93137],[-52.33554,4.94273],[-52.30229,4.95135],[-52.25881,4.91351],[-52.26278,4.89989],[-52.22914,4.85964],[-52.20112,4.85128],[-52.18595,4.82164],[-52.16974,4.81686],[-52.14575,4.79091],[-52.13942,4.79694],[-52.11003,4.78476],[-52.00623,4.70183],[-51.91607,4.66885],[-51.90374,4.67663],[-51.86183,4.67209],[-51.83605,4.65428],[-51.81062,4.63165],[-51.7897,4.5907],[-51.7766,4.49024],[-51.74751,4.43897],[-51.75238,4.41825],[-51.71188,4.38806],[-51.69226,4.39508],[-51.71922,4.35284],[-51.71047,4.31221],[-51.67593,4.25378],[-51.66107,4.24388],[-51.66093,4.22659],[-51.6348,4.20072],[-51.61907,4.20109],[-51.63497,4.17635],[-51.6477,4.0795],[-51.65607,4.0539],[-51.67572,4.03606],[-51.74573,4.00149],[-51.77577,3.97647],[-51.78258,3.92075],[-51.79865,3.88696],[-51.8564,3.83267],[-51.874,3.80317],[-51.88598,3.79467],[-51.90471,3.79835],[-51.89809,3.78385],[-51.92125,3.77839],[-51.9217,3.72428],[-51.95577,3.72044],[-51.9726,3.70546],[-51.99347,3.6429],[-51.98827,3.62773],[-52.01978,3.59306],[-52.06041,3.51968],[-52.07315,3.51557],[-52.09523,3.46177],[-52.18667,3.32005],[-52.19084,3.29674],[-52.23361,3.24068],[-52.24269,3.23737],[-52.25976,3.2531],[-52.29251,3.22642],[-52.30272,3.1729],[-52.32958,3.17188],[-52.34077,3.14442],[-52.33142,3.1385],[-52.35286,3.12796],[-52.33925,3.12089],[-52.34546,3.09773],[-52.32594,3.07781],[-52.36211,3.01713],[-52.38311,2.95055],[-52.39339,2.94462],[-52.39513,2.92783],[-52.38752,2.91747],[-52.37677,2.91955],[-52.37931,2.91299],[-52.39015,2.8982],[-52.40559,2.90089],[-52.42264,2.89034],[-52.47345,2.79389],[-52.47902,2.75314],[-52.52934,2.65161],[-52.54205,2.65397],[-52.55524,2.64031],[-52.54232,2.62248],[-52.54993,2.61089],[-52.53146,2.59802],[-52.52768,2.58105],[-52.53692,2.55864],[-52.55128,2.5609],[-52.56121,2.55029],[-52.5517,2.52086],[-52.58866,2.49236],[-52.59379,2.47793],[-52.61798,2.47524],[-52.62158,2.46205],[-52.61029,2.45247],[-52.6367,2.44465],[-52.64637,2.43212],[-52.66058,2.37398],[-52.71046,2.35862],[-52.7168,2.3438],[-52.80372,2.2996],[-52.84183,2.29139],[-52.83823,2.2813],[-52.8559,2.28163],[-52.85404,2.26368],[-52.86901,2.25902],[-52.87727,2.23842],[-52.88734,2.23858],[-52.8862,2.21928],[-52.9045,2.18672],[-52.93461,2.19434],[-52.94116,2.17861],[-52.98784,2.16808],[-52.9986,2.17828],[-53.05191,2.18985],[-53.07969,2.22221],[-53.13062,2.22548],[-53.22419,2.20113],[-53.24475,2.21113],[-53.26308,2.18919],[-53.2742,2.19034],[-53.27893,2.2187],[-53.26318,2.21951],[-53.25594,2.24879],[-53.25187,2.24136],[-53.22716,2.25483],[-53.22685,2.26403],[-53.25598,2.27009],[-53.28145,2.305],[-53.30091,2.30706],[-53.31921,2.34505],[-53.33191,2.33409],[-53.34009,2.35197],[-53.35638,2.34789],[-53.37214,2.31304],[-53.39922,2.30501],[-53.41074,2.28726],[-53.43082,2.28861],[-53.46108,2.25353],[-53.48404,2.2621],[-53.54676,2.25253],[-53.56751,2.26715],[-53.58661,2.26321],[-53.60446,2.28073],[-53.6175,2.27311],[-53.65692,2.27948],[-53.65188,2.29612],[-53.66549,2.30208],[-53.68284,2.2928],[-53.69896,2.31118],[-53.73963,2.30581],[-53.74771,2.31984],[-53.73318,2.32239],[-53.73829,2.33246],[-53.72084,2.34995],[-53.75089,2.35803],[-53.7361,2.37245],[-53.76604,2.37557],[-53.83464,2.33232],[-53.81521,2.32229],[-53.81326,2.31142],[-53.83824,2.30216],[-53.85272,2.30373],[-53.8556,2.3133],[-53.86432,2.30449],[-53.88277,2.30883],[-53.88524,2.27513],[-53.90545,2.26069],[-53.91515,2.26227],[-53.9151,2.27818],[-53.9344,2.28111],[-53.9414,2.25931],[-53.93278,2.23707],[-53.94433,2.21536],[-53.96236,2.21933],[-53.9735,2.20622],[-53.99041,2.20914],[-54.02353,2.18137],[-54.0656,2.19679],[-54.08288,2.17253],[-54.0843,2.13618],[-54.09369,2.13978],[-54.10649,2.12131],[-54.10138,2.11176],[-54.12617,2.12407],[-54.14216,2.11306],[-54.1686,2.12948],[-54.18718,2.17891],[-54.22414,2.14983],[-54.25431,2.15581],[-54.28045,2.1464],[-54.32067,2.15925],[-54.34188,2.15183],[-54.33916,2.16931],[-54.36307,2.17967],[-54.35473,2.2025],[-54.36228,2.21178],[-54.41565,2.19483],[-54.41588,2.20792],[-54.42675,2.21456],[-54.4489,2.20353],[-54.47724,2.21331],[-54.47813,2.22861],[-54.49584,2.2328],[-54.49589,2.24863],[-54.52313,2.252],[-54.54821,2.26951],[-54.51391,2.28084],[-54.53371,2.29254],[-54.53912,2.32474],[-54.55721,2.33029],[-54.58765,2.32163],[-54.60155,2.33666],[-54.59049,2.35196],[-54.56974,2.35418],[-54.53363,2.33363],[-54.50642,2.33807],[-54.50502,2.39113],[-54.47616,2.43541],[-54.43779,2.43029],[-54.41956,2.43688],[-54.39924,2.46768],[-54.3871,2.47037],[-54.38912,2.48073],[-54.37278,2.49127],[-54.37004,2.50896],[-54.34863,2.52474],[-54.34533,2.56279],[-54.32818,2.57452],[-54.31281,2.61336],[-54.31842,2.63001],[-54.26642,2.68884],[-54.27306,2.69327],[-54.26477,2.72319],[-54.24483,2.73272],[-54.20821,2.77775],[-54.21083,2.78907],[-54.19792,2.80436],[-54.20784,2.83126],[-54.18596,2.83786],[-54.17945,2.85855],[-54.19521,2.88498],[-54.18573,2.90441],[-54.19114,2.92529],[-54.17941,2.92806],[-54.17596,2.95774],[-54.16072,2.9686],[-54.18145,2.98374],[-54.18558,2.99924],[-54.16961,3.0156],[-54.19464,3.06535],[-54.17431,3.07257],[-54.18114,3.09083],[-54.17445,3.10932],[-54.19178,3.13499],[-54.19852,3.1238],[-54.21139,3.12774],[-54.21409,3.1364],[-54.20119,3.14196],[-54.21389,3.15021],[-54.20316,3.15761],[-54.18909,3.20636],[-54.17529,3.20611],[-54.13635,3.26604],[-54.10052,3.30041],[-54.0809,3.29251],[-54.06429,3.31269],[-54.06223,3.35206],[-54.05354,3.36345],[-54.05851,3.38547],[-54.01218,3.42707],[-54.02006,3.4427],[-54.00004,3.52421],[-54.00931,3.53556],[-53.98063,3.60836],[-54.00669,3.64855],[-54.02266,3.64678],[-54.02946,3.63124],[-54.04637,3.63315],[-54.05039,3.65275],[-54.08289,3.67444],[-54.0791,3.71359],[-54.12195,3.79271],[-54.1498,3.80417],[-54.19776,3.80551],[-54.20181,3.82328],[-54.1919,3.84741],[-54.23694,3.8605],[-54.25342,3.89866],[-54.24924,3.90887],[-54.29002,3.9358],[-54.31789,4.01481],[-54.35762,4.05018],[-54.34248,4.0896],[-54.34437,4.11348],[-54.32309,4.14444],[-54.39123,4.18717],[-54.39609,4.20874],[-54.38237,4.26331],[-54.39449,4.30657],[-54.38729,4.35405],[-54.41365,4.37546],[-54.43648,4.36171],[-54.44195,4.37081],[-54.43168,4.41016],[-54.44228,4.43785],[-54.43219,4.46316],[-54.45008,4.52592],[-54.42474,4.55499],[-54.41529,4.6065],[-54.43796,4.6426],[-54.42372,4.66549],[-54.43347,4.69737],[-54.42729,4.71498],[-54.43547,4.72481],[-54.4586,4.7258],[-54.46631,4.73988],[-54.46002,4.77781],[-54.46667,4.87252],[-54.47873,4.90356],[-54.44355,4.94013],[-54.4379,5.01734],[-54.41933,5.0517],[-54.41555,5.08471],[-54.37539,5.1079],[-54.36487,5.13797],[-54.35061,5.1439],[-54.27901,5.26252],[-54.1842,5.32338],[-54.14193,5.37062],[-54.11753,5.4174],[-54.01886,5.52147],[-54.0037,5.5731],[-54.01488,5.65248],[-53.96839,5.74519],[-53.79928,5.72392],[-53.5926,5.6083],[-53.46939,5.56526]]],[[[-52.58621,5.28484],[-52.59398,5.2869],[-52.58662,5.289],[-52.58621,5.28484]]],[[[-52.5851,5.29029],[-52.58314,5.29646],[-52.58002,5.29501],[-52.5851,5.29029]]]]}},{"type":"Feature","properties":{"code":"976","nom":"Mayotte"},"geometry":{"type":"MultiPolygon","coordinates":[[[[45.04101,-12.64686],[45.03175,-12.65602],[45.01841,-12.64345],[45.0266,-12.63659],[45.04101,-12.64686]]],[[[45.0283,-12.65543],[45.02791,-12.65712],[45.02702,-12.65815],[45.0283,-12.65543]]],[[[45.13846,-13.00247],[45.13757,-13.00526],[45.13845,-13.0012],[45.13846,-13.00247]]],[[[45.23123,-12.89514],[45.23174,-12.90177],[45.22952,-12.89908],[45.23123,-12.89514]]],[[[45.06653,-12.7595],[45.0663,-12.75988],[45.06612,-12.75985],[45.06653,-12.7595]]],[[[45.08949,-12.84598],[45.08957,-12.84697],[45.08857,-12.84687],[45.08949,-12.84598]]],[[[45.21729,-12.98083],[45.21724,-12.98618],[45.21604,-12.98632],[45.21729,-12.98083]]],[[[45.16105,-12.97534],[45.15978,-12.97592],[45.15946,-12.97587],[45.16105,-12.97534]]],[[[45.14159,-12.9173],[45.1418,-12.92254],[45.13906,-12.9214],[45.14159,-12.9173]]],[[[45.20126,-12.93271],[45.20218,-12.93507],[45.19787,-12.93243],[45.20126,-12.93271]]],[[[45.20675,-12.9202],[45.20785,-12.92132],[45.20543,-12.92016],[45.20675,-12.9202]]],[[[45.20585,-12.91095],[45.20535,-12.91109],[45.20561,-12.91086],[45.20585,-12.91095]]],[[[45.20522,-12.9096],[45.2052,-12.90982],[45.20502,-12.90977],[45.20522,-12.9096]]],[[[45.12768,-12.72436],[45.12851,-12.72483],[45.1279,-12.72475],[45.12768,-12.72436]]],[[[45.17372,-12.71816],[45.17327,-12.71881],[45.17314,-12.71866],[45.17372,-12.71816]]],[[[45.1277,-12.72311],[45.12775,-12.72349],[45.12757,-12.72337],[45.1277,-12.72311]]],[[[45.19544,-12.90692],[45.19559,-12.90717],[45.19548,-12.9072],[45.19544,-12.90692]]],[[[45.11359,-12.67322],[45.11824,-12.67669],[45.11088,-12.67547],[45.11359,-12.67322]]],[[[45.05996,-12.67518],[45.05708,-12.67767],[45.05515,-12.67673],[45.05996,-12.67518]]],[[[45.04865,-12.67127],[45.04945,-12.67305],[45.04613,-12.6718],[45.04865,-12.67127]]],[[[45.12954,-12.68912],[45.12881,-12.68979],[45.12814,-12.68916],[45.12954,-12.68912]]],[[[45.11898,-12.68848],[45.11878,-12.68869],[45.1187,-12.68853],[45.11898,-12.68848]]],[[[45.05146,-12.67552],[45.0516,-12.67576],[45.05141,-12.67579],[45.05146,-12.67552]]],[[[45.09984,-12.80194],[45.11262,-12.79396],[45.09389,-12.78454],[45.10248,-12.76653],[45.07697,-12.76659],[45.06017,-12.75088],[45.05164,-12.75623],[45.04258,-12.74402],[45.05777,-12.72699],[45.03981,-12.72219],[45.0516,-12.70009],[45.07264,-12.69188],[45.06655,-12.68108],[45.08111,-12.68145],[45.09262,-12.65724],[45.10501,-12.65074],[45.10542,-12.6623],[45.08825,-12.67017],[45.13052,-12.70045],[45.12261,-12.7057],[45.1316,-12.72111],[45.12148,-12.72288],[45.12544,-12.72734],[45.1401,-12.7346],[45.148,-12.72814],[45.15483,-12.73668],[45.1662,-12.71753],[45.17679,-12.73014],[45.2142,-12.73244],[45.21329,-12.74087],[45.23979,-12.76123],[45.22564,-12.77427],[45.23367,-12.77615],[45.23791,-12.78482],[45.22093,-12.78962],[45.20311,-12.80952],[45.20372,-12.81965],[45.19464,-12.82425],[45.19639,-12.83315],[45.18407,-12.84207],[45.19566,-12.84488],[45.21328,-12.87307],[45.22206,-12.8719],[45.19246,-12.90576],[45.205,-12.92014],[45.18645,-12.91703],[45.17596,-12.93254],[45.17945,-12.94345],[45.16936,-12.94303],[45.17692,-12.96537],[45.20436,-12.97456],[45.19386,-12.98748],[45.18066,-12.98436],[45.17818,-12.99497],[45.16048,-12.97259],[45.14914,-12.99977],[45.13413,-12.98887],[45.12634,-12.99567],[45.12504,-12.97991],[45.10881,-12.99389],[45.10828,-12.95724],[45.09259,-12.96651],[45.07887,-12.96253],[45.09505,-12.9532],[45.1043,-12.93282],[45.09792,-12.9249],[45.08713,-12.92989],[45.07115,-12.89932],[45.09917,-12.89861],[45.10568,-12.92321],[45.13704,-12.93814],[45.15497,-12.92356],[45.1385,-12.89077],[45.09294,-12.8531],[45.12126,-12.83966],[45.10096,-12.83416],[45.09984,-12.80194]]],[[[45.28765,-12.81726],[45.26022,-12.78779],[45.25451,-12.78111],[45.26808,-12.78945],[45.28464,-12.75883],[45.29999,-12.78423],[45.28487,-12.80316],[45.28765,-12.81726]]],[[[45.23124,-12.8071],[45.23939,-12.81416],[45.23293,-12.81684],[45.23124,-12.8071]]],[[[45.26738,-12.77905],[45.2671,-12.7816],[45.26562,-12.78058],[45.26738,-12.77905]]],[[[45.21006,-12.80702],[45.20547,-12.81204],[45.20447,-12.80977],[45.21006,-12.80702]]],[[[45.27009,-12.77698],[45.27041,-12.7783],[45.26936,-12.77823],[45.27009,-12.77698]]]]}},{"type":"Feature","properties":{"code":"01","nom":"Ain"},"geometry":{"type":"Polygon","coordinates":[[[4.78021,46.17668],[4.81099,46.25992],[4.85342,46.3299],[4.85146,46.35627],[4.88821,46.40298],[4.89354,46.44404],[4.91354,46.46074],[4.91556,46.48894],[4.94125,46.51965],[4.95454,46.51269],[4.9442,46.51063],[4.95006,46.50081],[4.98355,46.51539],[5.01059,46.51107],[5.01297,46.50129],[5.05643,46.48393],[5.09725,46.49996],[5.11455,46.49265],[5.13507,46.50898],[5.16625,46.50312],[5.16728,46.51907],[5.20186,46.50826],[5.21506,46.46836],[5.25765,46.44985],[5.3149,46.44513],[5.32447,46.42849],[5.2988,46.41268],[5.37788,46.38223],[5.36282,46.3699],[5.37705,46.36412],[5.38058,46.34579],[5.40142,46.33955],[5.40465,46.31034],[5.42366,46.34768],[5.43783,46.3157],[5.46692,46.32327],[5.4753,46.31539],[5.45684,46.27448],[5.47385,46.26428],[5.5391,46.2688],[5.56516,46.29345],[5.59354,46.29436],[5.61324,46.3272],[5.63051,46.33021],[5.64314,46.34478],[5.64443,46.3248],[5.71472,46.30877],[5.71449,46.28091],[5.72518,46.26073],[5.76565,46.26829],[5.85307,46.26151],[5.86433,46.27121],[5.86919,46.26497],[5.89463,46.28661],[5.9092,46.28394],[5.92177,46.31223],[5.94136,46.30873],[5.98354,46.36304],[6.0282,46.38564],[6.06058,46.41751],[6.09819,46.40879],[6.17022,46.36648],[6.13859,46.33939],[6.1198,46.31223],[6.11946,46.29427],[6.10237,46.28485],[6.12013,46.26475],[6.12425,46.25101],[6.11668,46.24489],[6.10176,46.23749],[6.06318,46.2457],[6.04616,46.23118],[6.03372,46.23842],[5.99059,46.222],[5.9934,46.21557],[5.97474,46.21512],[5.96368,46.19696],[5.99529,46.18299],[5.96563,46.13665],[5.89404,46.11947],[5.88532,46.1079],[5.89352,46.09562],[5.88745,46.08582],[5.85932,46.08534],[5.83155,46.10625],[5.81956,46.10311],[5.80564,46.01429],[5.81051,45.9882],[5.83403,45.97203],[5.83502,45.95111],[5.82187,45.92931],[5.82854,45.9093],[5.78407,45.81651],[5.7835,45.74431],[5.76984,45.74131],[5.77624,45.72638],[5.755,45.70731],[5.7006,45.70995],[5.70976,45.68648],[5.68488,45.66616],[5.6872,45.64312],[5.6536,45.63715],[5.62879,45.61083],[5.58641,45.66707],[5.55251,45.67229],[5.54595,45.69733],[5.56682,45.68413],[5.57368,45.69473],[5.52567,45.71673],[5.42216,45.80767],[5.42117,45.82202],[5.43619,45.82813],[5.41313,45.85222],[5.35383,45.88327],[5.30202,45.84765],[5.28892,45.81112],[5.27024,45.79172],[5.22359,45.76866],[5.19153,45.77169],[5.17571,45.79419],[5.12554,45.81106],[5.11246,45.80991],[5.11016,45.79788],[5.10372,45.81367],[4.91834,45.80703],[4.91793,45.84303],[4.90057,45.8576],[4.90902,45.8741],[4.88383,45.87999],[4.87208,45.90346],[4.84804,45.91298],[4.80518,45.89633],[4.80856,45.92015],[4.7898,45.92281],[4.77707,45.93843],[4.75421,45.93483],[4.7287,45.94433],[4.75451,45.97227],[4.73953,46.04721],[4.76168,46.06884],[4.74681,46.08779],[4.80255,46.15207],[4.78021,46.17668]]]}},{"type":"Feature","properties":{"code":"02","nom":"Aisne"},"geometry":{"type":"Polygon","coordinates":[[[3.17296,50.01131],[3.22731,50.0325],[3.27102,50.02937],[3.27769,50.01434],[3.32786,50.01585],[3.36349,50.03674],[3.49066,50.01889],[3.50714,50.03578],[3.54321,50.04596],[3.54136,50.05521],[3.59403,50.04415],[3.61412,50.02505],[3.64172,50.03873],[3.6585,50.02936],[3.66231,50.03911],[3.6486,50.04256],[3.66079,50.05196],[3.71518,50.06927],[3.77793,50.04599],[3.81583,50.03904],[3.83553,50.04827],[3.87503,50.03657],[3.88719,50.03043],[3.87832,50.02789],[3.88969,50.02264],[3.88743,50.00955],[3.98231,50.04443],[3.9955,50.02768],[3.9808,49.99358],[4.00537,49.99606],[4.01171,49.98549],[4.03112,49.98207],[4.0567,49.98543],[4.08366,49.979],[4.08428,49.96932],[4.17282,49.9772],[4.19711,49.96772],[4.19632,49.9553],[4.23316,49.95775],[4.2176,49.91268],[4.2557,49.90321],[4.24876,49.85675],[4.23297,49.84841],[4.21427,49.80611],[4.22668,49.79303],[4.20592,49.77819],[4.24283,49.76714],[4.2496,49.75711],[4.22971,49.74661],[4.23191,49.73045],[4.19145,49.71601],[4.18519,49.69888],[4.14418,49.68854],[4.14859,49.67832],[4.12702,49.67792],[4.11575,49.63292],[4.04108,49.63827],[4.03791,49.62292],[4.02461,49.62126],[4.04729,49.59953],[4.06648,49.59443],[4.05793,49.59155],[4.05945,49.57614],[4.07657,49.57113],[4.04876,49.54527],[4.0758,49.54146],[4.07584,49.51835],[4.06215,49.52272],[4.05756,49.50818],[4.04071,49.50853],[4.04237,49.46869],[4.06791,49.44488],[4.05033,49.44761],[4.03766,49.43826],[4.05027,49.41227],[4.0355,49.3599],[4.01273,49.3583],[3.99494,49.3779],[3.96131,49.37734],[3.92523,49.40758],[3.89574,49.39278],[3.88118,49.40529],[3.82238,49.40238],[3.85985,49.38615],[3.8561,49.36424],[3.84789,49.36457],[3.85874,49.35412],[3.85284,49.34497],[3.82406,49.35735],[3.77753,49.35582],[3.74109,49.34759],[3.74222,49.33651],[3.64394,49.31272],[3.63834,49.30136],[3.65899,49.28682],[3.65387,49.25423],[3.66069,49.26008],[3.67815,49.23533],[3.65283,49.21543],[3.68179,49.20534],[3.68158,49.19747],[3.69861,49.2055],[3.70487,49.19859],[3.69731,49.18843],[3.71123,49.17819],[3.75115,49.1777],[3.74877,49.15708],[3.70274,49.14145],[3.68726,49.15418],[3.62225,49.1511],[3.60002,49.12069],[3.6118,49.11809],[3.63847,49.07744],[3.58771,49.05939],[3.5852,49.03887],[3.61571,49.03363],[3.65008,49.04282],[3.67772,49.01397],[3.63989,49.00409],[3.62121,48.96603],[3.59156,48.96037],[3.60255,48.94393],[3.57444,48.93902],[3.57645,48.92325],[3.56418,48.9113],[3.52858,48.91214],[3.50191,48.87192],[3.48183,48.86594],[3.48519,48.85191],[3.47046,48.851],[3.46266,48.8398],[3.44536,48.84323],[3.45223,48.85629],[3.44563,48.86035],[3.40421,48.86398],[3.40586,48.87588],[3.38143,48.87157],[3.38369,48.88891],[3.36897,48.89368],[3.3765,48.90968],[3.36831,48.92766],[3.3303,48.90871],[3.31308,48.92122],[3.30475,48.94876],[3.26487,48.93915],[3.24935,48.97436],[3.23122,48.97675],[3.22918,48.98842],[3.20932,48.99379],[3.19754,49.00849],[3.1674,49.0124],[3.16103,49.02423],[3.1909,49.04762],[3.17663,49.06958],[3.15358,49.08328],[3.16523,49.09965],[3.07188,49.11755],[3.09669,49.13156],[3.09343,49.14206],[3.11123,49.13191],[3.11531,49.13908],[3.1055,49.14688],[3.12706,49.14507],[3.14808,49.16075],[3.10827,49.16637],[3.11673,49.17647],[3.11287,49.19265],[3.10074,49.1975],[3.08403,49.17274],[3.09422,49.15424],[3.08157,49.16479],[3.08504,49.19045],[3.05677,49.19665],[3.06495,49.2047],[3.00049,49.21363],[3.00424,49.18608],[3.02602,49.19297],[3.03507,49.18361],[3.0379,49.16921],[3.02298,49.16994],[2.99166,49.19393],[2.98372,49.1842],[2.97161,49.18771],[2.97065,49.21429],[2.95866,49.22696],[3.00339,49.23502],[3.01494,49.23],[3.00382,49.22143],[3.02167,49.21621],[3.04191,49.23038],[3.02585,49.25993],[3.03763,49.28639],[3.01707,49.28003],[3.02097,49.28967],[2.98712,49.28794],[2.9957,49.29626],[2.96786,49.30271],[2.98015,49.31141],[2.96675,49.31756],[2.96844,49.32631],[3.00151,49.34002],[3.04394,49.32875],[3.07472,49.34897],[3.07903,49.37394],[3.0951,49.37654],[3.09784,49.43723],[3.13188,49.43178],[3.16619,49.44701],[3.10446,49.47275],[3.12386,49.48633],[3.09633,49.5179],[3.12761,49.527],[3.13389,49.56],[3.1261,49.57008],[3.13836,49.57597],[3.12201,49.60374],[3.09358,49.62255],[3.11277,49.63133],[3.09778,49.65668],[3.11727,49.66672],[3.12771,49.66189],[3.11435,49.68376],[3.12637,49.69665],[3.0941,49.74935],[3.10044,49.76614],[3.06548,49.77045],[3.06133,49.78125],[3.08597,49.79202],[3.08784,49.8031],[3.07785,49.8127],[3.08495,49.81797],[3.06072,49.8201],[3.05542,49.83227],[3.08551,49.84382],[3.07022,49.87304],[3.07551,49.8785],[3.08477,49.87861],[3.08276,49.86625],[3.08755,49.8661],[3.11274,49.87794],[3.12275,49.92436],[3.16465,49.94743],[3.16265,49.96499],[3.20304,49.98394],[3.1557,49.99164],[3.17296,50.01131]],[[2.99888,49.19111],[2.99668,49.19262],[2.99665,49.19124],[2.99888,49.19111]],[[3.04702,49.22943],[3.04336,49.22775],[3.04835,49.22753],[3.04702,49.22943]],[[2.99023,49.21067],[3.00276,49.21884],[3.00041,49.22267],[2.98182,49.21643],[2.99023,49.21067]]]}},{"type":"Feature","properties":{"code":"03","nom":"Allier"},"geometry":{"type":"Polygon","coordinates":[[[3.03207,46.79491],[3.04153,46.76714],[3.06676,46.74548],[3.12978,46.7272],[3.16316,46.69354],[3.19545,46.68061],[3.22193,46.68523],[3.26979,46.71674],[3.30092,46.7163],[3.31397,46.68875],[3.34671,46.68442],[3.36575,46.6896],[3.37855,46.71238],[3.42182,46.71373],[3.43369,46.71223],[3.43298,46.69334],[3.45305,46.69009],[3.45464,46.67531],[3.44208,46.662],[3.45729,46.65176],[3.48183,46.65067],[3.51442,46.68358],[3.53206,46.68879],[3.54648,46.67829],[3.56115,46.68862],[3.54724,46.72143],[3.56882,46.71549],[3.57593,46.72288],[3.57731,46.71485],[3.598,46.72398],[3.57569,46.74952],[3.58865,46.76134],[3.59776,46.76203],[3.60204,46.75124],[3.62337,46.7538],[3.63764,46.70748],[3.65066,46.70517],[3.65783,46.68516],[3.67315,46.68184],[3.66898,46.67351],[3.69695,46.66058],[3.70919,46.63533],[3.72399,46.62633],[3.71286,46.61023],[3.73732,46.60157],[3.7431,46.5655],[3.73154,46.54958],[3.74185,46.53951],[3.77253,46.5385],[3.80513,46.51932],[3.83916,46.53129],[3.84647,46.52436],[3.84187,46.51421],[3.8638,46.51274],[3.86491,46.48974],[3.89521,46.48069],[3.91016,46.49538],[3.95572,46.49168],[3.95233,46.47849],[3.97471,46.47962],[3.99886,46.46487],[4.00554,46.44246],[3.98945,46.43782],[3.9961,46.42738],[3.97722,46.39922],[3.99161,46.36963],[3.98474,46.32973],[4.00457,46.32748],[3.98941,46.32296],[3.98981,46.31508],[3.94578,46.32124],[3.94543,46.30046],[3.89722,46.29246],[3.89124,46.28525],[3.89815,46.27493],[3.87766,46.27576],[3.86763,46.26253],[3.8038,46.25807],[3.80588,46.24093],[3.76821,46.23881],[3.79664,46.20701],[3.78817,46.20211],[3.78897,46.18568],[3.80881,46.16464],[3.79006,46.15112],[3.80175,46.13095],[3.79349,46.1122],[3.82153,46.08983],[3.80553,46.05234],[3.82973,45.99924],[3.82379,45.98735],[3.77932,45.97228],[3.75603,45.98283],[3.74179,45.96596],[3.70961,45.97413],[3.6934,45.94756],[3.69402,45.93073],[3.67676,45.95806],[3.64161,45.96658],[3.63199,45.96107],[3.6256,45.98539],[3.59209,46.024],[3.54354,46.01315],[3.52338,46.02165],[3.52531,46.01208],[3.50642,46.01696],[3.46414,46.00817],[3.46183,46.03995],[3.47188,46.03918],[3.45935,46.06103],[3.43369,46.06079],[3.41856,46.07367],[3.33205,46.0441],[3.33535,46.05478],[3.30239,46.06577],[3.24483,46.06213],[3.21451,46.07494],[3.184,46.075],[3.17533,46.06593],[3.13091,46.0694],[3.09828,46.08361],[3.09062,46.11453],[3.06738,46.10281],[3.01428,46.10291],[3.00104,46.12031],[2.9624,46.13024],[2.95199,46.17133],[2.91327,46.17666],[2.92074,46.19089],[2.90959,46.20349],[2.9147,46.21404],[2.94112,46.22496],[2.93162,46.23289],[2.94539,46.24082],[2.92143,46.25031],[2.83791,46.2512],[2.81916,46.24179],[2.82331,46.21995],[2.80876,46.19469],[2.73305,46.22332],[2.72072,46.21176],[2.7322,46.19426],[2.7231,46.18152],[2.67492,46.17204],[2.67638,46.15706],[2.65496,46.12438],[2.64069,46.11848],[2.60693,46.13035],[2.59138,46.12678],[2.56538,46.14303],[2.55852,46.17495],[2.52599,46.18769],[2.51462,46.23994],[2.48916,46.24753],[2.47709,46.26936],[2.48076,46.28101],[2.44303,46.295],[2.42134,46.28462],[2.41421,46.29691],[2.42066,46.31013],[2.38608,46.33197],[2.36497,46.3107],[2.3549,46.32568],[2.33588,46.32329],[2.30099,46.34223],[2.30944,46.34867],[2.30275,46.35442],[2.32314,46.36738],[2.33789,46.36414],[2.33139,46.37872],[2.28673,46.38285],[2.27694,46.42513],[2.30079,46.47237],[2.32787,46.47377],[2.32377,46.49011],[2.33464,46.50103],[2.3654,46.51785],[2.43006,46.52654],[2.44549,46.52005],[2.48293,46.5327],[2.49695,46.53367],[2.49718,46.52152],[2.53076,46.52943],[2.53665,46.5197],[2.61496,46.55328],[2.60328,46.56428],[2.60938,46.57133],[2.60011,46.59524],[2.58156,46.59316],[2.57778,46.60788],[2.56838,46.60938],[2.58832,46.61596],[2.58425,46.62582],[2.59665,46.63722],[2.5931,46.64658],[2.56674,46.65293],[2.57055,46.65927],[2.60543,46.67121],[2.60715,46.6605],[2.62391,46.65663],[2.63382,46.67356],[2.62005,46.67972],[2.62337,46.68964],[2.64513,46.68725],[2.67438,46.70193],[2.68556,46.72262],[2.70228,46.71817],[2.70498,46.73939],[2.7145,46.74449],[2.73453,46.74622],[2.75852,46.71775],[2.7859,46.7225],[2.79509,46.73434],[2.84677,46.72706],[2.84542,46.74286],[2.87617,46.76845],[2.91039,46.77939],[2.91327,46.79103],[2.95323,46.79113],[2.9628,46.80399],[3.03207,46.79491]]]}},{"type":"Feature","properties":{"code":"04","nom":"Alpes-de-Haute-Provence"},"geometry":{"type":"Polygon","coordinates":[[[5.65159,44.18958],[5.69209,44.18648],[5.75107,44.20935],[5.77651,44.20553],[5.79539,44.21346],[5.90931,44.19047],[5.91474,44.20343],[5.87643,44.21436],[5.86002,44.24509],[5.82666,44.26251],[5.82391,44.2789],[5.83613,44.29754],[5.86655,44.29584],[5.87733,44.28929],[5.88013,44.27101],[5.92183,44.24841],[5.92461,44.26651],[5.913,44.26832],[5.91273,44.28873],[5.92643,44.29322],[5.92481,44.31498],[5.89844,44.31571],[5.90325,44.33741],[5.91751,44.3385],[5.93736,44.35936],[5.95707,44.39738],[6.0184,44.41854],[6.02631,44.43464],[6.05696,44.45198],[6.07565,44.43845],[6.07114,44.45054],[6.08376,44.47777],[6.15562,44.46196],[6.15988,44.43504],[6.17502,44.43878],[6.22822,44.3817],[6.24819,44.38909],[6.26249,44.41225],[6.23277,44.46287],[6.26594,44.46602],[6.29349,44.48093],[6.32711,44.46346],[6.33874,44.47072],[6.34827,44.49809],[6.3324,44.51],[6.35731,44.52264],[6.39881,44.49416],[6.41206,44.47012],[6.435,44.47508],[6.45912,44.46555],[6.46856,44.45129],[6.6323,44.44692],[6.64167,44.48554],[6.6685,44.5003],[6.68092,44.54103],[6.70419,44.53915],[6.73718,44.55254],[6.75221,44.57048],[6.77183,44.57576],[6.769,44.58823],[6.79206,44.59229],[6.80122,44.60434],[6.84336,44.60899],[6.85842,44.62941],[6.88262,44.63044],[6.9156,44.66],[6.94834,44.65482],[6.96831,44.62472],[6.94926,44.61918],[6.95031,44.61004],[6.93768,44.60338],[6.93287,44.57337],[6.91358,44.56927],[6.91622,44.56038],[6.90192,44.55391],[6.87856,44.55434],[6.86984,44.53684],[6.8534,44.52881],[6.85967,44.50279],[6.87737,44.48079],[6.90618,44.46766],[6.91278,44.45049],[6.94809,44.4297],[6.89287,44.42078],[6.89518,44.37016],[6.85962,44.34417],[6.84027,44.34646],[6.80892,44.33052],[6.78649,44.28948],[6.79034,44.27234],[6.76353,44.2796],[6.75909,44.26206],[6.72399,44.24984],[6.7176,44.20818],[6.69808,44.18982],[6.70191,44.17831],[6.68654,44.16925],[6.70729,44.14436],[6.70759,44.12447],[6.75648,44.07959],[6.74711,44.04093],[6.78873,44.02344],[6.79798,44.00533],[6.83873,43.9897],[6.84762,43.95438],[6.87547,43.95282],[6.88432,43.93502],[6.91326,43.92777],[6.94395,43.8995],[6.88461,43.88912],[6.85327,43.91467],[6.82995,43.91836],[6.79859,43.90966],[6.78162,43.88355],[6.74839,43.87168],[6.67157,43.88734],[6.69622,43.8755],[6.70283,43.85604],[6.67823,43.85195],[6.66791,43.83061],[6.7028,43.82423],[6.71201,43.81486],[6.70606,43.80841],[6.6364,43.78895],[6.62372,43.80475],[6.58691,43.80532],[6.54568,43.7753],[6.54241,43.79188],[6.51728,43.80876],[6.4869,43.79171],[6.43881,43.79775],[6.41443,43.79159],[6.41335,43.76023],[6.38354,43.73443],[6.37474,43.743],[6.35117,43.73617],[6.32628,43.74687],[6.26862,43.77722],[6.25422,43.80043],[6.21671,43.79951],[6.15429,43.74364],[6.1297,43.73622],[6.10673,43.74446],[6.07705,43.7072],[6.03513,43.69407],[6.03945,43.67865],[6.02174,43.66828],[5.98794,43.69506],[5.98544,43.71396],[5.94048,43.72733],[5.93876,43.74879],[5.92547,43.75691],[5.90296,43.75343],[5.90498,43.73743],[5.88455,43.72391],[5.84904,43.71818],[5.83117,43.74693],[5.78134,43.75566],[5.75733,43.72941],[5.71695,43.75553],[5.71356,43.78112],[5.68573,43.78721],[5.65445,43.82511],[5.5746,43.83029],[5.56428,43.81973],[5.54429,43.81835],[5.54862,43.85148],[5.57348,43.86338],[5.60823,43.91477],[5.58159,43.91508],[5.56892,43.94225],[5.51267,43.94539],[5.50766,43.9577],[5.51765,43.9917],[5.54363,44.02596],[5.54499,44.06842],[5.50264,44.06344],[5.49879,44.11572],[5.5414,44.13263],[5.55133,44.14979],[5.57873,44.15208],[5.58298,44.15762],[5.56437,44.1709],[5.57619,44.18804],[5.60933,44.19071],[5.61613,44.1778],[5.63959,44.16759],[5.63114,44.15058],[5.67794,44.14638],[5.68236,44.16363],[5.64327,44.17072],[5.65159,44.18958]]]}},{"type":"Feature","properties":{"code":"05","nom":"Hautes-Alpes"},"geometry":{"type":"Polygon","coordinates":[[[6.26057,45.12685],[6.29355,45.10851],[6.33448,45.12284],[6.36574,45.10096],[6.37467,45.08317],[6.36488,45.07017],[6.39635,45.06105],[6.43427,45.06359],[6.4518,45.05172],[6.48725,45.05685],[6.48049,45.09417],[6.51042,45.109],[6.53916,45.09909],[6.5613,45.10531],[6.57653,45.1231],[6.61555,45.12148],[6.64676,45.08497],[6.64524,45.07564],[6.66211,45.07164],[6.65883,45.05221],[6.66949,45.04424],[6.6642,45.03385],[6.67388,45.01962],[6.7454,45.0143],[6.75169,44.99663],[6.73785,44.98923],[6.76525,44.96197],[6.74414,44.93721],[6.7609,44.9332],[6.74886,44.92244],[6.75071,44.90565],[6.80152,44.89112],[6.80335,44.87807],[6.86324,44.85061],[6.91316,44.84499],[6.93121,44.86353],[7.00125,44.84229],[7.00983,44.82599],[7.02384,44.82307],[6.9994,44.78968],[7.02229,44.77079],[7.02991,44.72976],[7.06602,44.71333],[7.07711,44.68092],[6.98707,44.69014],[6.96318,44.67811],[6.94834,44.65482],[6.9156,44.66],[6.88262,44.63044],[6.85842,44.62941],[6.84336,44.60899],[6.80122,44.60434],[6.79206,44.59229],[6.769,44.58823],[6.77183,44.57576],[6.75221,44.57048],[6.73718,44.55254],[6.70419,44.53915],[6.68092,44.54103],[6.6685,44.5003],[6.64167,44.48554],[6.6323,44.44692],[6.46856,44.45129],[6.45912,44.46555],[6.435,44.47508],[6.41206,44.47012],[6.39881,44.49416],[6.35731,44.52264],[6.3324,44.51],[6.34827,44.49809],[6.33874,44.47072],[6.32711,44.46346],[6.29349,44.48093],[6.26594,44.46602],[6.23277,44.46287],[6.26249,44.41225],[6.24819,44.38909],[6.22822,44.3817],[6.17502,44.43878],[6.15988,44.43504],[6.15562,44.46196],[6.08091,44.47658],[6.08284,44.46326],[6.07114,44.45054],[6.07565,44.43845],[6.05696,44.45198],[6.02631,44.43464],[6.0184,44.41854],[5.95707,44.39738],[5.93736,44.35936],[5.91751,44.3385],[5.90325,44.33741],[5.89844,44.31571],[5.92481,44.31498],[5.92643,44.29322],[5.91273,44.28873],[5.913,44.26832],[5.92461,44.26651],[5.92183,44.24841],[5.88013,44.27101],[5.87733,44.28929],[5.86655,44.29584],[5.83613,44.29754],[5.82391,44.2789],[5.82666,44.26251],[5.86002,44.24509],[5.87643,44.21436],[5.91474,44.20343],[5.90931,44.19047],[5.79539,44.21346],[5.77651,44.20553],[5.75107,44.20935],[5.69209,44.18648],[5.67817,44.19051],[5.68645,44.19716],[5.67602,44.21215],[5.68241,44.2343],[5.67299,44.24619],[5.68657,44.26692],[5.67561,44.27589],[5.64678,44.26709],[5.63211,44.2839],[5.643,44.29381],[5.63821,44.299],[5.6079,44.30667],[5.63082,44.33299],[5.54727,44.33],[5.52137,44.35108],[5.49129,44.33786],[5.46786,44.35216],[5.46255,44.36738],[5.43191,44.37099],[5.44415,44.37945],[5.44303,44.39124],[5.4184,44.42477],[5.43672,44.4337],[5.47649,44.41972],[5.4983,44.43732],[5.46443,44.44789],[5.459,44.46903],[5.46773,44.47333],[5.45841,44.49939],[5.60338,44.46542],[5.61813,44.47481],[5.62979,44.50119],[5.6645,44.50189],[5.62737,44.53458],[5.59725,44.54327],[5.63533,44.60915],[5.64719,44.61156],[5.64172,44.65107],[5.67996,44.65223],[5.72804,44.6392],[5.73865,44.64064],[5.73679,44.64975],[5.75356,44.64858],[5.74748,44.65471],[5.75394,44.66271],[5.79062,44.65329],[5.79942,44.67415],[5.83044,44.69055],[5.82541,44.70147],[5.80125,44.70828],[5.82931,44.74161],[5.82709,44.75969],[5.88181,44.74663],[5.90015,44.75832],[5.91901,44.75143],[5.93727,44.76361],[5.95112,44.75962],[5.95316,44.77131],[5.98015,44.78118],[5.97778,44.79098],[5.95175,44.80067],[5.96024,44.81198],[6.00552,44.82082],[6.01594,44.83548],[6.03021,44.8381],[6.0565,44.81581],[6.11068,44.84316],[6.1329,44.8645],[6.16845,44.85225],[6.19638,44.85898],[6.24699,44.85173],[6.26941,44.87047],[6.29501,44.8742],[6.32409,44.85221],[6.35395,44.85348],[6.35884,44.94128],[6.32292,44.95302],[6.32954,44.96924],[6.31482,44.98018],[6.32352,44.99907],[6.3064,45.00475],[6.25343,44.99521],[6.20393,45.01247],[6.22008,45.06537],[6.24452,45.07171],[6.22885,45.10831],[6.26057,45.12685]]]}},{"type":"Feature","properties":{"code":"06","nom":"Alpes-Maritimes"},"geometry":{"type":"MultiPolygon","coordinates":[[[[7.06711,43.51365],[7.04344,43.51568],[7.03158,43.52104],[7.04834,43.52376],[7.06711,43.51365]]],[[[7.05544,43.50782],[7.03709,43.50679],[7.0371,43.5085],[7.05544,43.50782]]],[[[6.88743,44.36105],[6.92257,44.35073],[6.92724,44.33242],[6.96053,44.31085],[6.95753,44.29511],[6.99572,44.27988],[6.99663,44.25209],[7.00852,44.23524],[7.03884,44.22373],[7.07681,44.23221],[7.1436,44.20012],[7.16274,44.20801],[7.17766,44.19725],[7.18613,44.20135],[7.2194,44.16847],[7.2409,44.17336],[7.25169,44.15608],[7.28136,44.14087],[7.34187,44.14585],[7.358,44.11602],[7.39289,44.12503],[7.42475,44.11193],[7.42979,44.12975],[7.46068,44.12579],[7.56482,44.15517],[7.62005,44.14951],[7.63662,44.1771],[7.67783,44.17682],[7.68399,44.17153],[7.67084,44.15293],[7.67946,44.14715],[7.66656,44.13112],[7.71881,44.08253],[7.70046,44.04073],[7.66225,44.02822],[7.67044,43.99826],[7.65244,43.97371],[7.61081,43.95422],[7.56938,43.94742],[7.57115,43.92918],[7.55795,43.9176],[7.56195,43.89974],[7.5115,43.88487],[7.49788,43.87165],[7.49667,43.84978],[7.53016,43.78805],[7.49021,43.7672],[7.48209,43.75688],[7.48683,43.749],[7.45782,43.7596],[7.43082,43.74873],[7.40575,43.71937],[7.35587,43.72073],[7.3298,43.70247],[7.33388,43.68961],[7.34974,43.68701],[7.33522,43.68639],[7.3313,43.67452],[7.31989,43.69031],[7.32534,43.70016],[7.31472,43.70653],[7.30402,43.68483],[7.28417,43.69782],[7.24065,43.68777],[7.21162,43.64732],[7.20072,43.64521],[7.19454,43.65792],[7.15698,43.65349],[7.13729,43.63634],[7.12647,43.60528],[7.13025,43.59029],[7.1218,43.58704],[7.12951,43.58343],[7.12501,43.57382],[7.14056,43.56893],[7.13465,43.55553],[7.14507,43.55165],[7.13637,43.54458],[7.119,43.54289],[7.12175,43.5595],[7.09626,43.57089],[7.06941,43.563],[7.03773,43.53471],[7.01657,43.55077],[6.97183,43.54545],[6.93837,43.51639],[6.95705,43.5008],[6.93373,43.48007],[6.88423,43.50254],[6.89638,43.52716],[6.87876,43.52917],[6.8878,43.55274],[6.90824,43.56391],[6.89843,43.58156],[6.91199,43.59833],[6.89427,43.61153],[6.85172,43.60441],[6.81679,43.62976],[6.79874,43.62818],[6.78324,43.65362],[6.7608,43.66649],[6.77424,43.70364],[6.75247,43.74105],[6.71498,43.73866],[6.7014,43.75407],[6.68271,43.75794],[6.65742,43.74872],[6.6354,43.78566],[6.64152,43.79547],[6.71201,43.81486],[6.66791,43.83061],[6.67823,43.85195],[6.70283,43.85604],[6.69622,43.8755],[6.67325,43.888],[6.74839,43.87168],[6.78162,43.88355],[6.79859,43.90966],[6.83229,43.91846],[6.85327,43.91467],[6.88461,43.88912],[6.94395,43.8995],[6.91326,43.92777],[6.88432,43.93502],[6.87547,43.95282],[6.84762,43.95438],[6.83873,43.9897],[6.79798,44.00533],[6.78873,44.02344],[6.74711,44.04093],[6.75648,44.07959],[6.70759,44.12447],[6.70729,44.14436],[6.68654,44.16925],[6.70191,44.17831],[6.69808,44.18982],[6.7176,44.20818],[6.72399,44.24984],[6.75909,44.26206],[6.76353,44.2796],[6.79034,44.27234],[6.78649,44.28948],[6.80892,44.33052],[6.88743,44.36105]]]]}},{"type":"Feature","properties":{"code":"2A","nom":"Corse-du-Sud"},"geometry":{"type":"MultiPolygon","coordinates":[[[[8.59421,41.87416],[8.58667,41.87601],[8.59789,41.88207],[8.59421,41.87416]]],[[[9.37449,41.56152],[9.37082,41.56044],[9.37098,41.56292],[9.37449,41.56152]]],[[[8.5376,42.37276],[8.54166,42.36619],[8.53514,42.37075],[8.5376,42.37276]]],[[[9.2592,41.34743],[9.25896,41.33363],[9.24887,41.34111],[9.2592,41.34743]]],[[[9.36321,41.54966],[9.36185,41.55372],[9.36486,41.55263],[9.36321,41.54966]]],[[[9.2683,41.37294],[9.26656,41.36239],[9.25038,41.36856],[9.2683,41.37294]]],[[[9.22633,41.37072],[9.22795,41.3741],[9.23027,41.37224],[9.22633,41.37072]]],[[[9.35497,41.54042],[9.35196,41.54033],[9.35231,41.54126],[9.35497,41.54042]]],[[[9.39651,41.66997],[9.38975,41.67043],[9.39411,41.67273],[9.39651,41.66997]]],[[[9.36316,41.63409],[9.36091,41.63323],[9.36134,41.63448],[9.36316,41.63409]]],[[[8.57341,42.38141],[8.60164,42.36904],[8.6407,42.37367],[8.65005,42.36233],[8.68265,42.35946],[8.68348,42.34803],[8.75897,42.33814],[8.77089,42.32476],[8.81992,42.31602],[8.86132,42.32993],[8.85902,42.29995],[8.87748,42.29321],[8.88623,42.28377],[8.882,42.27115],[8.90477,42.25386],[8.92317,42.25778],[8.94011,42.2372],[8.97429,42.23248],[9.02164,42.20314],[9.04566,42.20692],[9.04805,42.17503],[9.0655,42.16669],[9.07203,42.13001],[9.12505,42.10493],[9.13483,42.087],[9.13092,42.0544],[9.16153,42.02493],[9.22108,42.0276],[9.21523,41.99363],[9.22656,41.97207],[9.21545,41.94203],[9.23049,41.93232],[9.21328,41.91746],[9.24843,41.90992],[9.25221,41.89898],[9.23497,41.87934],[9.23225,41.84979],[9.26844,41.83982],[9.30143,41.8449],[9.31717,41.83246],[9.37611,41.8675],[9.40227,41.8587],[9.40595,41.81782],[9.39408,41.79791],[9.39595,41.77444],[9.40815,41.76636],[9.40647,41.7137],[9.40019,41.69296],[9.37231,41.67883],[9.3881,41.67026],[9.38131,41.66436],[9.38546,41.64626],[9.37712,41.64813],[9.37042,41.63662],[9.34943,41.63846],[9.35461,41.6166],[9.32008,41.61511],[9.32585,41.61828],[9.30761,41.6283],[9.30619,41.6152],[9.28094,41.59719],[9.29602,41.5847],[9.31806,41.60486],[9.34054,41.59419],[9.36863,41.59739],[9.36796,41.59124],[9.34761,41.5752],[9.34281,41.55937],[9.2738,41.53091],[9.28453,41.51734],[9.26821,41.50081],[9.28581,41.49924],[9.28775,41.48385],[9.26705,41.47071],[9.27794,41.46422],[9.26644,41.46614],[9.22395,41.44249],[9.22887,41.42612],[9.21543,41.41442],[9.21971,41.40522],[9.2651,41.42829],[9.22004,41.36739],[9.18035,41.3662],[9.16724,41.38559],[9.12672,41.39431],[9.13294,41.39976],[9.09358,41.39386],[9.09503,41.41179],[9.12237,41.44149],[9.09384,41.44984],[9.07012,41.44461],[9.06745,41.46554],[9.07994,41.47749],[9.0418,41.45681],[9.0374,41.47035],[9.02254,41.46256],[9.01819,41.47781],[9.003,41.47505],[8.99589,41.48531],[8.98355,41.4738],[8.95991,41.49193],[8.92003,41.48911],[8.91475,41.50721],[8.8833,41.50524],[8.89046,41.51638],[8.87781,41.52379],[8.84088,41.51969],[8.85557,41.53433],[8.85328,41.54711],[8.82181,41.54435],[8.8084,41.55621],[8.78884,41.55725],[8.78219,41.56633],[8.80262,41.57574],[8.77415,41.59226],[8.78706,41.59731],[8.79435,41.63269],[8.80581,41.64174],[8.82047,41.62967],[8.85122,41.64791],[8.87244,41.64718],[8.88125,41.67024],[8.91337,41.67977],[8.9135,41.691],[8.84344,41.69684],[8.81272,41.71413],[8.78283,41.69921],[8.78787,41.70854],[8.77115,41.7136],[8.7846,41.73225],[8.77498,41.74142],[8.7072,41.7218],[8.70456,41.73938],[8.65872,41.74026],[8.65976,41.74946],[8.68452,41.747],[8.72801,41.7739],[8.73275,41.7796],[8.71083,41.80101],[8.73931,41.79738],[8.74895,41.81115],[8.77129,41.81124],[8.78452,41.83112],[8.75093,41.84516],[8.78823,41.85046],[8.79028,41.86642],[8.77927,41.88361],[8.80331,41.89314],[8.78582,41.92027],[8.76285,41.9227],[8.75238,41.93339],[8.74039,41.93131],[8.74131,41.91582],[8.71944,41.90815],[8.64148,41.90991],[8.60661,41.89517],[8.6234,41.93484],[8.60934,41.93948],[8.59208,41.9644],[8.6482,41.96841],[8.66887,41.98243],[8.65446,41.99925],[8.65999,42.01231],[8.7469,42.04877],[8.73784,42.06521],[8.71886,42.06379],[8.70034,42.11231],[8.65893,42.10129],[8.64701,42.12114],[8.62387,42.12263],[8.61209,42.1346],[8.57986,42.12942],[8.59371,42.14441],[8.58546,42.15173],[8.55879,42.14632],[8.5934,42.16831],[8.56114,42.1716],[8.58511,42.17901],[8.58139,42.20594],[8.56772,42.20452],[8.57712,42.21434],[8.56713,42.21958],[8.57385,42.22797],[8.55164,42.22746],[8.53971,42.23713],[8.6928,42.26829],[8.66047,42.30235],[8.64128,42.29952],[8.62799,42.31208],[8.60165,42.30896],[8.59782,42.31874],[8.62822,42.33201],[8.61487,42.34959],[8.59038,42.35236],[8.55413,42.33335],[8.55773,42.36005],[8.54322,42.36729],[8.54462,42.37524],[8.56918,42.36941],[8.57834,42.37527],[8.57341,42.38141]]]]}},{"type":"Feature","properties":{"code":"2B","nom":"Haute-Corse"},"geometry":{"type":"MultiPolygon","coordinates":[[[[9.4064,43.02766],[9.40392,43.02591],[9.40434,43.02737],[9.4064,43.02766]]],[[[9.34291,42.96376],[9.34015,42.96533],[9.34135,42.96567],[9.34291,42.96376]]],[[[9.40227,41.8587],[9.37611,41.8675],[9.31717,41.83246],[9.30143,41.8449],[9.26844,41.83982],[9.23225,41.84979],[9.23497,41.87934],[9.25221,41.89898],[9.24843,41.90992],[9.21328,41.91746],[9.23049,41.93232],[9.21545,41.94203],[9.22656,41.97207],[9.21523,41.99363],[9.22108,42.0276],[9.16153,42.02493],[9.13092,42.0544],[9.13483,42.087],[9.12505,42.10493],[9.07203,42.13001],[9.0655,42.16669],[9.04805,42.17503],[9.04566,42.20692],[9.02164,42.20314],[8.97429,42.23248],[8.94011,42.2372],[8.92317,42.25778],[8.90477,42.25386],[8.882,42.27115],[8.88623,42.28377],[8.87748,42.29321],[8.85902,42.29995],[8.86132,42.32993],[8.81992,42.31602],[8.77089,42.32476],[8.75897,42.33814],[8.68348,42.34803],[8.68265,42.35946],[8.65005,42.36233],[8.6407,42.37367],[8.60164,42.36904],[8.57341,42.38141],[8.60791,42.38612],[8.60611,42.41645],[8.65682,42.4168],[8.66372,42.43447],[8.64822,42.44228],[8.66834,42.44478],[8.66467,42.45685],[8.67966,42.47006],[8.65018,42.47886],[8.6636,42.49045],[8.66667,42.51559],[8.7202,42.52542],[8.71026,42.53573],[8.72282,42.55678],[8.71837,42.57057],[8.70663,42.57041],[8.72527,42.58445],[8.72704,42.56161],[8.75576,42.57139],[8.76044,42.55857],[8.78105,42.55652],[8.80481,42.57089],[8.79795,42.5831],[8.8111,42.59167],[8.80263,42.60257],[8.86739,42.6084],[8.87916,42.62873],[8.91147,42.62896],[8.93434,42.63899],[8.93066,42.64531],[8.94669,42.63364],[9.01495,42.64136],[9.05932,42.66007],[9.0571,42.69548],[9.07024,42.69223],[9.08582,42.71489],[9.12456,42.73164],[9.1629,42.73668],[9.19806,42.72498],[9.2211,42.73567],[9.23308,42.72033],[9.25779,42.7179],[9.254,42.70621],[9.26898,42.70156],[9.28442,42.67634],[9.30099,42.67827],[9.32283,42.69701],[9.32279,42.71702],[9.34512,42.73639],[9.33751,42.76382],[9.34158,42.79757],[9.30955,42.83378],[9.3403,42.86567],[9.32905,42.87379],[9.32204,42.90014],[9.36147,42.92476],[9.34969,42.92882],[9.35905,42.9454],[9.3471,42.95277],[9.35054,42.96827],[9.34016,42.99306],[9.35769,43.00727],[9.4199,43.01161],[9.46355,42.9864],[9.45159,42.96176],[9.46935,42.93633],[9.47286,42.87437],[9.48145,42.86743],[9.48015,42.83715],[9.49279,42.80588],[9.46671,42.76061],[9.44619,42.67358],[9.4622,42.64012],[9.51911,42.57895],[9.53269,42.54802],[9.52962,42.48944],[9.54349,42.4293],[9.53224,42.37191],[9.55996,42.28231],[9.55251,42.23312],[9.55912,42.1967],[9.54998,42.10416],[9.41705,41.96123],[9.41368,41.91509],[9.39702,41.87462],[9.40227,41.8587]]]]}},{"type":"Feature","properties":{"code":"07","nom":"Ardèche"},"geometry":{"type":"Polygon","coordinates":[[[4.48313,45.23645],[4.50845,45.2313],[4.5094,45.24479],[4.53136,45.23417],[4.5604,45.24779],[4.5848,45.24407],[4.60679,45.25463],[4.59065,45.27344],[4.5986,45.28949],[4.62283,45.29141],[4.61447,45.3106],[4.64057,45.31698],[4.64315,45.32925],[4.732,45.36381],[4.756,45.36567],[4.77256,45.35486],[4.76054,45.32746],[4.80946,45.28985],[4.80134,45.24289],[4.81257,45.20431],[4.80481,45.19403],[4.81053,45.16686],[4.8291,45.15669],[4.80323,45.12502],[4.82996,45.09731],[4.82987,45.07185],[4.86075,45.05543],[4.84034,45.03578],[4.84557,45.0201],[4.83621,45.00788],[4.88659,44.93665],[4.85586,44.90136],[4.86094,44.8737],[4.84438,44.84601],[4.82016,44.83623],[4.82251,44.81709],[4.79985,44.81296],[4.79567,44.79377],[4.76094,44.77171],[4.7693,44.7602],[4.759,44.74799],[4.78111,44.68283],[4.77907,44.6547],[4.7404,44.60239],[4.74151,44.58927],[4.71027,44.58155],[4.70476,44.56188],[4.69277,44.55854],[4.69364,44.54223],[4.70741,44.5339],[4.6882,44.5055],[4.70038,44.45991],[4.69365,44.4435],[4.66738,44.43066],[4.66395,44.39647],[4.64895,44.37246],[4.64922,44.27036],[4.63493,44.28482],[4.616,44.27818],[4.60453,44.29138],[4.5587,44.30244],[4.54879,44.32572],[4.51275,44.32809],[4.50368,44.34419],[4.45422,44.33963],[4.45321,44.29787],[4.44042,44.28342],[4.43311,44.29113],[4.39538,44.29086],[4.38959,44.30109],[4.40326,44.33358],[4.3913,44.34694],[4.32577,44.33832],[4.32995,44.33212],[4.31663,44.32069],[4.28837,44.31502],[4.28861,44.29188],[4.25789,44.26481],[4.1872,44.29931],[4.17799,44.31774],[4.14287,44.31335],[4.12675,44.33773],[4.11576,44.32687],[4.09379,44.3345],[4.04683,44.31938],[4.03573,44.3302],[4.05353,44.33867],[4.05757,44.36346],[4.04048,44.3913],[4.06453,44.39456],[4.06844,44.40511],[4.03549,44.42009],[4.04646,44.43271],[4.0376,44.44572],[4.02321,44.44558],[3.98765,44.47278],[3.9881,44.50419],[3.95148,44.57059],[3.92946,44.56875],[3.91828,44.58848],[3.90517,44.59271],[3.9071,44.61059],[3.894,44.6137],[3.89475,44.65113],[3.86954,44.67825],[3.8843,44.69758],[3.86965,44.6971],[3.87256,44.70723],[3.86151,44.71202],[3.87752,44.73745],[3.86253,44.74386],[3.86946,44.7548],[3.89876,44.75265],[3.90021,44.76415],[3.92538,44.77012],[3.91077,44.77873],[3.92254,44.7774],[3.937,44.79542],[3.94495,44.82456],[3.96318,44.82975],[3.98854,44.8118],[3.98248,44.83263],[4.00039,44.81931],[4.00528,44.83802],[4.02652,44.83114],[4.02005,44.84586],[4.03396,44.87159],[4.07134,44.86666],[4.11658,44.8789],[4.15692,44.87341],[4.17948,44.88651],[4.18219,44.90801],[4.21657,44.93357],[4.22732,44.96579],[4.23599,44.9704],[4.25314,44.9589],[4.3139,44.97351],[4.28983,44.99731],[4.30154,45.02609],[4.35211,45.02796],[4.38172,45.04158],[4.37775,45.05483],[4.35961,45.05568],[4.34604,45.06884],[4.36693,45.08896],[4.35922,45.09921],[4.39957,45.10476],[4.40019,45.11839],[4.36947,45.12855],[4.37394,45.14396],[4.42298,45.13727],[4.43604,45.10874],[4.43794,45.12198],[4.4564,45.11908],[4.44324,45.14537],[4.44846,45.16319],[4.48056,45.19546],[4.47658,45.21191],[4.49066,45.22359],[4.48313,45.23645]]]}},{"type":"Feature","properties":{"code":"08","nom":"Ardennes"},"geometry":{"type":"Polygon","coordinates":[[[4.23316,49.95775],[4.30874,49.9697],[4.35012,49.95203],[4.3815,49.95423],[4.44694,49.9375],[4.52326,49.95041],[4.54224,49.9693],[4.56425,49.97014],[4.58208,49.98357],[4.69358,49.99552],[4.68465,50.02724],[4.69967,50.05356],[4.68018,50.06645],[4.69302,50.08482],[4.75135,50.11174],[4.74781,50.12229],[4.75596,50.12164],[4.76216,50.1364],[4.82507,50.16912],[4.83224,50.15323],[4.87601,50.15391],[4.88124,50.14134],[4.89708,50.13779],[4.86718,50.1187],[4.87213,50.08773],[4.85089,50.10132],[4.83765,50.09289],[4.84632,50.08492],[4.83793,50.06711],[4.81931,50.06588],[4.84132,50.04],[4.81938,50.0258],[4.81894,49.99514],[4.7933,49.9821],[4.79011,49.97002],[4.79092,49.9584],[4.84711,49.94902],[4.88998,49.90927],[4.87741,49.9045],[4.88727,49.89866],[4.86308,49.86726],[4.8512,49.86499],[4.87693,49.8194],[4.85148,49.79355],[4.90574,49.78548],[4.93093,49.78685],[4.95712,49.8017],[4.99878,49.79963],[5.01355,49.78009],[5.06318,49.76193],[5.0935,49.76373],[5.11851,49.73834],[5.12564,49.71238],[5.15822,49.71682],[5.16621,49.69292],[5.20517,49.69614],[5.24285,49.68598],[5.27067,49.69532],[5.332,49.65478],[5.30491,49.63006],[5.3135,49.6108],[5.3402,49.61686],[5.34725,49.63135],[5.39354,49.61709],[5.37811,49.59302],[5.34016,49.59477],[5.31177,49.55929],[5.26271,49.54182],[5.23558,49.56919],[5.20854,49.57435],[5.16275,49.56252],[5.14431,49.59092],[5.11379,49.59187],[5.10457,49.57585],[5.11311,49.56062],[5.09608,49.55779],[5.08804,49.54492],[5.09931,49.53157],[5.0595,49.50057],[5.08351,49.48412],[5.08296,49.47036],[5.09505,49.45964],[5.11122,49.45754],[5.10028,49.44088],[5.11484,49.41898],[5.07674,49.40307],[5.10415,49.38978],[5.10115,49.37815],[5.06147,49.37198],[5.02631,49.33623],[5.03815,49.3162],[5.02545,49.31043],[5.05941,49.28987],[5.04904,49.28531],[5.05118,49.27405],[4.99644,49.26404],[4.95795,49.23838],[4.92158,49.25211],[4.93427,49.25957],[4.91692,49.26041],[4.92398,49.26654],[4.87738,49.26268],[4.88305,49.25652],[4.86185,49.23986],[4.86646,49.22657],[4.83081,49.23337],[4.81542,49.24985],[4.74423,49.24147],[4.72701,49.25353],[4.68893,49.25747],[4.6705,49.24124],[4.63426,49.2318],[4.61865,49.23864],[4.60801,49.26933],[4.59214,49.27345],[4.60041,49.28997],[4.57587,49.29665],[4.44722,49.27254],[4.39617,49.29218],[4.37562,49.32381],[4.34384,49.31398],[4.33751,49.32596],[4.3083,49.32665],[4.28799,49.34916],[4.29405,49.35266],[4.27714,49.35146],[4.2584,49.36352],[4.24832,49.38226],[4.20131,49.38378],[4.19143,49.40104],[4.04797,49.40564],[4.0423,49.41665],[4.03766,49.43826],[4.05033,49.44761],[4.06791,49.44488],[4.04237,49.46869],[4.04071,49.50853],[4.05756,49.50818],[4.05662,49.52104],[4.07195,49.51645],[4.07742,49.52451],[4.0758,49.54146],[4.04876,49.54527],[4.07657,49.57113],[4.05945,49.57614],[4.05793,49.59155],[4.06648,49.59443],[4.04729,49.59953],[4.02461,49.62126],[4.03791,49.62292],[4.04108,49.63827],[4.11575,49.63292],[4.12702,49.67792],[4.14859,49.67832],[4.14418,49.68854],[4.18519,49.69888],[4.19145,49.71601],[4.23191,49.73045],[4.22971,49.74661],[4.2496,49.75711],[4.24283,49.76714],[4.20592,49.77819],[4.22668,49.79303],[4.21427,49.80611],[4.22359,49.83411],[4.25276,49.86965],[4.2557,49.90321],[4.21696,49.91439],[4.23316,49.95775]]]}},{"type":"Feature","properties":{"code":"09","nom":"Ariège"},"geometry":{"type":"Polygon","coordinates":[[[1.67361,43.28134],[1.70215,43.25708],[1.69499,43.24699],[1.72384,43.22452],[1.72551,43.21194],[1.70819,43.19824],[1.71133,43.18669],[1.74087,43.18411],[1.7836,43.1512],[1.79276,43.15912],[1.84942,43.14602],[1.84161,43.15534],[1.85196,43.16061],[1.85663,43.14451],[1.88008,43.14713],[1.88091,43.12679],[1.89372,43.11541],[1.91417,43.13355],[1.94915,43.12107],[1.95578,43.08545],[1.94973,43.08003],[1.96386,43.06918],[1.943,43.0674],[1.94076,43.05295],[1.97308,43.04616],[1.985,43.03261],[1.97086,43.00957],[1.98677,43.00255],[1.98496,42.96727],[2.00594,42.96219],[1.9949,42.95298],[1.95758,42.96425],[1.93645,42.95397],[1.93373,42.93914],[1.98057,42.92958],[1.99193,42.9051],[1.98101,42.87842],[1.98692,42.87101],[1.94566,42.8562],[1.87589,42.85274],[1.85951,42.82023],[1.89609,42.80867],[1.92884,42.77495],[1.90938,42.76921],[1.91361,42.75788],[1.95163,42.73669],[2.00384,42.73348],[2.05641,42.756],[2.08629,42.7518],[2.09217,42.73466],[2.16786,42.69618],[2.176,42.68145],[2.16605,42.66392],[2.12784,42.67227],[2.10897,42.66386],[2.04702,42.66359],[2.02763,42.65251],[1.99856,42.66133],[1.97176,42.61692],[1.95012,42.61774],[1.93339,42.60482],[1.90018,42.6149],[1.89127,42.59331],[1.87423,42.59],[1.87449,42.58141],[1.83706,42.58454],[1.79601,42.57148],[1.78094,42.5826],[1.72612,42.58969],[1.73607,42.61715],[1.6836,42.62486],[1.6644,42.61904],[1.63716,42.6303],[1.60205,42.62548],[1.57489,42.64803],[1.54925,42.65578],[1.51891,42.64548],[1.47877,42.65165],[1.46834,42.63082],[1.47656,42.61302],[1.43783,42.60321],[1.4207,42.62473],[1.41366,42.65552],[1.38778,42.66837],[1.38933,42.68679],[1.35124,42.70266],[1.35738,42.71941],[1.32538,42.72422],[1.25316,42.71463],[1.22911,42.72772],[1.16593,42.70871],[1.13327,42.72807],[1.12808,42.75538],[1.07908,42.78828],[1.0468,42.78076],[1.00559,42.7908],[0.98649,42.78652],[0.96013,42.80574],[0.92612,42.7891],[0.85835,42.82374],[0.84821,42.86533],[0.83506,42.87236],[0.844,42.88976],[0.82687,42.91627],[0.88364,42.93129],[0.87491,42.95778],[0.97624,42.97309],[1.00324,43.00506],[1.02239,43.0102],[0.98685,43.0254],[0.98427,43.04445],[0.99303,43.0396],[0.99431,43.04588],[0.98406,43.05093],[0.97896,43.07258],[1.00646,43.08212],[0.99094,43.09215],[1.00424,43.10446],[1.00207,43.11362],[1.03605,43.0993],[1.05062,43.11932],[1.05354,43.14545],[1.08798,43.13383],[1.12404,43.15596],[1.14543,43.13782],[1.16597,43.1303],[1.17498,43.14097],[1.20823,43.11911],[1.22357,43.08593],[1.26185,43.09165],[1.2602,43.10923],[1.30272,43.12259],[1.27387,43.14839],[1.21896,43.15263],[1.21398,43.16244],[1.23213,43.18827],[1.25105,43.18341],[1.27407,43.19623],[1.3205,43.18992],[1.32782,43.20456],[1.37437,43.21375],[1.38343,43.22868],[1.37376,43.2447],[1.34027,43.24415],[1.31842,43.25115],[1.33067,43.26256],[1.29395,43.26366],[1.30195,43.2709],[1.29253,43.28837],[1.31803,43.29589],[1.33231,43.31564],[1.37302,43.31014],[1.36386,43.30773],[1.37626,43.28852],[1.42902,43.25425],[1.41611,43.22603],[1.46761,43.20884],[1.48735,43.22735],[1.50768,43.22147],[1.49335,43.23793],[1.50433,43.25034],[1.48943,43.25842],[1.49722,43.29178],[1.51759,43.28942],[1.51873,43.26917],[1.54621,43.27738],[1.56501,43.25333],[1.57204,43.27621],[1.63733,43.25548],[1.63508,43.2371],[1.6555,43.24393],[1.65001,43.26104],[1.67361,43.28134]]]}},{"type":"Feature","properties":{"code":"10","nom":"Aube"},"geometry":{"type":"Polygon","coordinates":[[[3.41328,48.3763],[3.4221,48.41619],[3.39167,48.42325],[3.40648,48.45245],[3.38336,48.47944],[3.43464,48.49025],[3.42355,48.51481],[3.4054,48.52801],[3.45695,48.52963],[3.48175,48.54145],[3.48589,48.54727],[3.46552,48.57049],[3.49318,48.59025],[3.51586,48.58978],[3.50321,48.60456],[3.55561,48.62028],[3.56259,48.60262],[3.57989,48.60486],[3.58259,48.58546],[3.5927,48.58763],[3.60424,48.57245],[3.62627,48.57765],[3.63355,48.54178],[3.64364,48.53626],[3.73842,48.53832],[3.79804,48.52911],[3.8259,48.51517],[3.86558,48.53793],[3.85861,48.55818],[3.86496,48.56817],[3.85386,48.58023],[3.90005,48.57484],[3.90842,48.60175],[3.94924,48.60343],[3.96845,48.63167],[3.97867,48.62639],[3.98471,48.65338],[4.0017,48.66388],[4.0582,48.66627],[4.07979,48.70112],[4.13109,48.68615],[4.16526,48.70763],[4.23304,48.70231],[4.24311,48.71667],[4.26405,48.70605],[4.29938,48.71459],[4.32559,48.70028],[4.32289,48.68366],[4.33425,48.67524],[4.32282,48.66385],[4.32839,48.65629],[4.31733,48.65166],[4.33438,48.63248],[4.31492,48.61622],[4.39741,48.56393],[4.49393,48.53875],[4.52197,48.54505],[4.52563,48.52815],[4.54541,48.52525],[4.55895,48.54342],[4.59579,48.55228],[4.64134,48.55388],[4.63774,48.54186],[4.66647,48.53785],[4.67662,48.51748],[4.65814,48.50591],[4.65347,48.47055],[4.62781,48.46864],[4.62935,48.46115],[4.67845,48.44053],[4.68953,48.42469],[4.68176,48.41761],[4.70836,48.40118],[4.70015,48.39595],[4.7053,48.39085],[4.74785,48.39215],[4.76019,48.38761],[4.75458,48.36655],[4.84005,48.34197],[4.81422,48.32301],[4.82628,48.30224],[4.85085,48.29625],[4.84239,48.28357],[4.86162,48.26636],[4.84499,48.2572],[4.83946,48.23748],[4.85387,48.22876],[4.83525,48.22106],[4.86161,48.21092],[4.86442,48.19921],[4.83689,48.16786],[4.83699,48.15149],[4.85237,48.14274],[4.8286,48.12908],[4.83439,48.10516],[4.73187,48.11944],[4.72416,48.10624],[4.7041,48.10011],[4.70613,48.08951],[4.65754,48.07924],[4.69048,48.07269],[4.72315,48.04576],[4.70504,48.02773],[4.71453,48.0212],[4.67323,48.01505],[4.61681,48.03137],[4.57863,48.02909],[4.54942,48.00446],[4.53577,48.00657],[4.55706,47.98187],[4.55424,47.96748],[4.49331,47.96818],[4.44696,47.9562],[4.4179,47.96846],[4.34321,47.95586],[4.3128,47.9625],[4.29792,47.9497],[4.30287,47.93851],[4.29342,47.92568],[4.27374,47.92348],[4.24546,47.92975],[4.22215,47.9497],[4.22596,47.97194],[4.20242,47.973],[4.19281,47.9646],[4.21307,47.9619],[4.20312,47.95917],[4.20591,47.94329],[4.19299,47.93932],[4.18539,47.94025],[4.18425,47.95542],[4.16633,47.9598],[4.14184,47.93711],[4.10961,47.92604],[4.09209,47.9282],[4.0897,47.94501],[4.06094,47.9457],[4.05888,47.93171],[4.04481,47.92512],[4.03128,47.93318],[4.01814,47.92847],[4.00386,47.94203],[3.98563,47.93051],[3.92645,47.93457],[3.90535,47.92505],[3.89403,47.9293],[3.91469,47.97569],[3.90221,47.9952],[3.88166,48.00029],[3.8833,47.9852],[3.87282,47.97742],[3.85003,47.98366],[3.83981,48.00389],[3.87068,48.00295],[3.87061,48.01681],[3.82198,48.04392],[3.82955,48.05772],[3.79808,48.0865],[3.80565,48.10051],[3.79169,48.11764],[3.76802,48.13376],[3.75691,48.12531],[3.73972,48.13275],[3.75482,48.15024],[3.74747,48.16625],[3.71352,48.17394],[3.72157,48.15527],[3.70502,48.14431],[3.69298,48.15462],[3.69092,48.14502],[3.66787,48.13921],[3.63494,48.18792],[3.62166,48.19198],[3.59418,48.17888],[3.57985,48.18434],[3.57519,48.18874],[3.62162,48.22574],[3.59985,48.23591],[3.62433,48.25453],[3.6168,48.27134],[3.5778,48.28459],[3.58797,48.30081],[3.56109,48.31194],[3.5634,48.32144],[3.5439,48.31979],[3.54511,48.33454],[3.50449,48.36578],[3.46747,48.37568],[3.42739,48.35809],[3.41328,48.3763]]]}},{"type":"Feature","properties":{"code":"11","nom":"Aude"},"geometry":{"type":"Polygon","coordinates":[[[1.68842,43.27355],[1.71629,43.29545],[1.70401,43.30282],[1.73581,43.3142],[1.72377,43.3409],[1.73351,43.33511],[1.75162,43.34961],[1.77227,43.33698],[1.78254,43.34613],[1.81348,43.34149],[1.80296,43.39255],[1.8261,43.39484],[1.81727,43.41065],[1.84212,43.41508],[1.84295,43.43254],[1.85644,43.44327],[1.89612,43.41845],[1.90478,43.40742],[1.89558,43.39658],[1.90499,43.39337],[1.92043,43.42157],[1.94945,43.41959],[1.95411,43.42645],[1.9883,43.40761],[2.03723,43.42211],[2.02913,43.4369],[2.05307,43.4303],[2.07459,43.3947],[2.10928,43.39455],[2.17013,43.41676],[2.18586,43.39534],[2.21398,43.38315],[2.22985,43.40554],[2.22347,43.43194],[2.2583,43.4601],[2.28201,43.44123],[2.30552,43.44771],[2.39684,43.41664],[2.42873,43.43567],[2.48963,43.43794],[2.51922,43.42357],[2.56579,43.42296],[2.59346,43.41259],[2.58762,43.39982],[2.56922,43.4003],[2.55522,43.38832],[2.557,43.36689],[2.5407,43.34596],[2.55133,43.33437],[2.58542,43.33344],[2.61708,43.28427],[2.63247,43.29822],[2.65907,43.29297],[2.68913,43.3225],[2.70714,43.29427],[2.69885,43.28062],[2.70491,43.27456],[2.72573,43.27274],[2.75252,43.25459],[2.77225,43.25779],[2.78752,43.27244],[2.78781,43.28875],[2.81835,43.30973],[2.80635,43.31999],[2.86926,43.33061],[2.87576,43.34031],[2.85538,43.37299],[2.8686,43.38211],[2.8697,43.37333],[2.89017,43.36535],[2.89237,43.3436],[2.88415,43.33504],[2.89045,43.32808],[2.9141,43.31973],[2.92125,43.32608],[2.94694,43.31208],[3.00435,43.32013],[3.0108,43.274],[3.02229,43.28194],[3.05374,43.28018],[3.07834,43.26183],[3.11094,43.25347],[3.12009,43.26156],[3.14163,43.25951],[3.14398,43.24725],[3.15758,43.24247],[3.19877,43.25036],[3.24056,43.21281],[3.14404,43.13258],[3.06571,43.02235],[3.03932,42.94168],[3.04047,42.9297],[3.06071,42.91742],[3.04351,42.83815],[2.98499,42.86703],[2.88261,42.89976],[2.86527,42.91834],[2.78905,42.89599],[2.73706,42.83557],[2.68046,42.83067],[2.55152,42.84669],[2.51658,42.84241],[2.50516,42.85123],[2.45247,42.83693],[2.38217,42.84847],[2.33745,42.84114],[2.31929,42.82399],[2.33213,42.82043],[2.33338,42.80193],[2.34392,42.80122],[2.35539,42.72701],[2.29706,42.701],[2.26471,42.70926],[2.24652,42.6812],[2.17695,42.64918],[2.16532,42.66585],[2.176,42.68145],[2.16786,42.69618],[2.09217,42.73466],[2.08629,42.7518],[2.05641,42.756],[2.00384,42.73348],[1.95163,42.73669],[1.91361,42.75788],[1.90938,42.76921],[1.92884,42.77495],[1.89609,42.80867],[1.85951,42.82023],[1.87589,42.85274],[1.94566,42.8562],[1.98692,42.87101],[1.98101,42.87842],[1.99193,42.9051],[1.98057,42.92958],[1.93373,42.93914],[1.93645,42.95397],[1.95758,42.96425],[1.9949,42.95298],[2.00594,42.96219],[1.98496,42.96727],[1.98677,43.00255],[1.97086,43.00957],[1.985,43.03261],[1.97308,43.04616],[1.94076,43.05295],[1.943,43.0674],[1.96386,43.06918],[1.94973,43.08003],[1.95578,43.08545],[1.94915,43.12107],[1.91417,43.13355],[1.89372,43.11541],[1.88091,43.12679],[1.88008,43.14713],[1.85663,43.14451],[1.85196,43.16061],[1.84161,43.15534],[1.84942,43.14602],[1.79276,43.15912],[1.7836,43.1512],[1.74087,43.18411],[1.71133,43.18669],[1.70819,43.19824],[1.72551,43.21194],[1.72384,43.22452],[1.69499,43.24699],[1.70215,43.25708],[1.68842,43.27355]]]}},{"type":"Feature","properties":{"code":"12","nom":"Aveyron"},"geometry":{"type":"Polygon","coordinates":[[[2.20748,44.61553],[2.22057,44.62203],[2.20841,44.64384],[2.21591,44.65069],[2.25089,44.65189],[2.28529,44.66676],[2.32679,44.66969],[2.33788,44.6566],[2.33296,44.64873],[2.35453,44.64013],[2.38005,44.65129],[2.435,44.63888],[2.44845,44.64868],[2.46804,44.64289],[2.47096,44.65161],[2.48319,44.65034],[2.50012,44.69019],[2.56042,44.72118],[2.5595,44.73149],[2.54453,44.72513],[2.55572,44.73352],[2.55058,44.75608],[2.56126,44.75915],[2.56284,44.77787],[2.6,44.79305],[2.59695,44.82028],[2.61161,44.83068],[2.60268,44.84317],[2.62317,44.86647],[2.65425,44.86968],[2.65796,44.88685],[2.67621,44.90386],[2.70522,44.90637],[2.71359,44.92713],[2.72402,44.92458],[2.72924,44.93693],[2.75524,44.93297],[2.77609,44.90896],[2.77859,44.8875],[2.76741,44.86558],[2.77385,44.85474],[2.80418,44.87439],[2.85968,44.87446],[2.8549,44.85041],[2.86513,44.84725],[2.85998,44.83879],[2.88786,44.78921],[2.90511,44.78377],[2.92019,44.79431],[2.93775,44.77487],[2.93074,44.76177],[2.91147,44.76182],[2.93377,44.74987],[2.92326,44.72864],[2.9444,44.68466],[2.93935,44.67758],[3.08386,44.56041],[3.06804,44.50287],[3.11585,44.47555],[3.13683,44.45624],[3.13487,44.44126],[3.14345,44.43534],[3.12672,44.41396],[3.13715,44.41091],[3.14042,44.39221],[3.11784,44.38427],[3.12444,44.38017],[3.11933,44.3641],[3.13198,44.35717],[3.13374,44.33033],[3.15426,44.33095],[3.14505,44.31815],[3.15425,44.30837],[3.12349,44.28464],[3.12017,44.26184],[3.13836,44.26414],[3.14649,44.27669],[3.16164,44.24454],[3.1893,44.24749],[3.23054,44.23034],[3.20409,44.18973],[3.23769,44.18996],[3.2939,44.20698],[3.36279,44.2015],[3.35741,44.19323],[3.37365,44.17076],[3.33462,44.15882],[3.33227,44.14179],[3.32029,44.1359],[3.32293,44.10982],[3.2626,44.09288],[3.29471,44.0678],[3.32891,44.07903],[3.33768,44.05829],[3.35184,44.0502],[3.39009,44.05755],[3.40082,44.04328],[3.44973,44.02327],[3.44946,44.01171],[3.43917,43.99804],[3.41775,43.99258],[3.40562,43.96968],[3.37816,43.96755],[3.37564,43.95601],[3.35709,43.94902],[3.35053,43.93233],[3.35836,43.91383],[3.34027,43.90173],[3.34257,43.89419],[3.26497,43.89526],[3.2344,43.85937],[3.25136,43.84343],[3.24904,43.82958],[3.21144,43.81335],[3.1811,43.81282],[3.13191,43.81624],[3.08646,43.83581],[3.06113,43.83329],[3.06308,43.80923],[3.04857,43.8015],[3.07588,43.76852],[3.05257,43.74578],[3.05905,43.7381],[3.05346,43.71617],[3.06917,43.70684],[3.06017,43.69294],[3.02733,43.69273],[2.98505,43.70879],[2.93759,43.69047],[2.92497,43.70615],[2.92157,43.73544],[2.87004,43.73887],[2.82225,43.76226],[2.78765,43.75205],[2.78119,43.73696],[2.74284,43.72904],[2.71209,43.74265],[2.68173,43.74351],[2.56168,43.84449],[2.56381,43.86577],[2.58022,43.87884],[2.55042,43.89249],[2.55382,43.92506],[2.49908,43.9451],[2.51981,43.95997],[2.52325,43.9811],[2.50213,43.98551],[2.49155,44.01882],[2.46403,44.03331],[2.46006,44.05135],[2.41021,44.05585],[2.4121,44.06971],[2.38921,44.09457],[2.3405,44.11025],[2.33244,44.12302],[2.28972,44.12152],[2.29782,44.13805],[2.27207,44.14811],[2.23759,44.13401],[2.18152,44.13858],[2.19306,44.14926],[2.19825,44.14346],[2.23243,44.15461],[2.23554,44.16384],[2.20594,44.1711],[2.19178,44.16203],[2.18061,44.17894],[2.15533,44.1803],[2.1622,44.18724],[2.14921,44.20054],[2.10613,44.19439],[2.10699,44.18116],[2.09701,44.1748],[2.09427,44.18891],[2.08091,44.17997],[2.05211,44.18873],[2.05938,44.17228],[1.99017,44.14945],[2.00062,44.15907],[1.97666,44.16197],[1.97805,44.17952],[1.94476,44.18256],[1.94071,44.16976],[1.93079,44.17811],[1.9334,44.18811],[1.9111,44.18546],[1.90285,44.19277],[1.90716,44.20075],[1.89035,44.20757],[1.91824,44.21969],[1.93346,44.2458],[1.96202,44.24234],[1.97044,44.27644],[1.90045,44.27916],[1.86878,44.29204],[1.88158,44.30428],[1.86108,44.3236],[1.88563,44.33527],[1.89189,44.35297],[1.90891,44.35007],[1.91205,44.35692],[1.86725,44.39761],[1.87584,44.40727],[1.87319,44.42414],[1.84986,44.4357],[1.85321,44.46303],[1.84082,44.48067],[1.88442,44.48471],[1.89029,44.50589],[1.91645,44.48632],[1.91299,44.50516],[1.96044,44.52],[1.98662,44.55],[2.02886,44.55822],[2.05737,44.58291],[2.06767,44.57565],[2.06068,44.56538],[2.08129,44.58701],[2.10156,44.57243],[2.12495,44.57941],[2.13253,44.56948],[2.15382,44.5719],[2.17855,44.59435],[2.19442,44.58537],[2.20179,44.59605],[2.19397,44.60004],[2.21096,44.60492],[2.20748,44.61553]]]}},{"type":"Feature","properties":{"code":"13","nom":"Bouches-du-Rhône"},"geometry":{"type":"MultiPolygon","coordinates":[[[[5.3967,43.173],[5.38636,43.17309],[5.37194,43.17965],[5.38041,43.18042],[5.3967,43.173]]],[[[5.39128,43.18615],[5.38364,43.18722],[5.38094,43.18986],[5.39128,43.18615]]],[[[5.61908,43.16141],[5.61533,43.15914],[5.61482,43.16234],[5.61908,43.16141]]],[[[5.30568,43.27676],[5.31189,43.27593],[5.28799,43.26116],[5.30355,43.27632],[5.29164,43.28028],[5.32393,43.28619],[5.30568,43.27676]]],[[[5.3374,43.21288],[5.32944,43.2111],[5.32852,43.21248],[5.3374,43.21288]]],[[[5.36144,43.19687],[5.37005,43.19544],[5.3705,43.19383],[5.36144,43.19687]]],[[[5.32666,43.27918],[5.32437,43.28036],[5.32771,43.28046],[5.32666,43.27918]]],[[[5.3189,43.34707],[5.34051,43.33426],[5.36168,43.30868],[5.35769,43.29929],[5.35323,43.31838],[5.3189,43.34707]]],[[[4.87679,43.36782],[4.87494,43.36236],[4.87366,43.36794],[4.87679,43.36782]]],[[[4.73906,43.92406],[4.85309,43.91138],[4.96631,43.87165],[5.02953,43.82779],[5.04966,43.78873],[5.17331,43.73881],[5.22999,43.74767],[5.31572,43.73649],[5.43758,43.68171],[5.53145,43.65901],[5.60694,43.65869],[5.67359,43.69366],[5.71413,43.69133],[5.75365,43.72462],[5.78529,43.71752],[5.78764,43.69695],[5.81324,43.68896],[5.79873,43.6612],[5.69871,43.64246],[5.67806,43.61137],[5.6916,43.58443],[5.65597,43.5774],[5.66932,43.56464],[5.72507,43.55126],[5.71583,43.50321],[5.69864,43.48342],[5.72784,43.4669],[5.75066,43.43451],[5.78835,43.42026],[5.75529,43.40232],[5.70128,43.40807],[5.68279,43.39916],[5.70503,43.35592],[5.68645,43.34019],[5.68981,43.32746],[5.67552,43.31956],[5.7266,43.31736],[5.76279,43.28236],[5.76093,43.26734],[5.68391,43.23606],[5.67188,43.17927],[5.62417,43.18698],[5.60414,43.16035],[5.56929,43.17488],[5.54797,43.19603],[5.54921,43.20802],[5.53569,43.21417],[5.49987,43.19689],[5.45893,43.21119],[5.4452,43.21116],[5.4545,43.20204],[5.40446,43.21292],[5.34182,43.21257],[5.37605,43.25516],[5.34546,43.28161],[5.35415,43.29375],[5.37348,43.29418],[5.36024,43.29567],[5.36406,43.3141],[5.34501,43.33319],[5.35107,43.33471],[5.30829,43.3614],[5.22938,43.32873],[5.08766,43.33242],[5.05019,43.32495],[5.01988,43.34233],[5.02528,43.35553],[4.98685,43.39224],[5.00107,43.39822],[4.98772,43.40652],[4.98248,43.3968],[4.97477,43.40122],[4.97,43.42488],[4.91933,43.43091],[4.88841,43.41216],[4.8935,43.40412],[4.88472,43.41372],[4.90342,43.42966],[4.88222,43.41928],[4.86083,43.45398],[4.85025,43.4508],[4.87731,43.41051],[4.8658,43.40464],[4.82986,43.42977],[4.82444,43.42439],[4.86147,43.40077],[4.84154,43.4036],[4.83868,43.39453],[4.87183,43.39004],[4.82891,43.37589],[4.85165,43.37607],[4.88305,43.3565],[4.90877,43.37471],[4.91113,43.38715],[4.91753,43.37989],[4.85505,43.33262],[4.83549,43.32875],[4.77376,43.3485],[4.65913,43.34625],[4.5858,43.36007],[4.55561,43.38282],[4.59287,43.40557],[4.5881,43.42271],[4.5682,43.44011],[4.5307,43.45257],[4.45793,43.45692],[4.40133,43.44683],[4.23028,43.46019],[4.23968,43.49917],[4.32467,43.5282],[4.3079,43.5452],[4.31399,43.55557],[4.32287,43.55431],[4.31608,43.54488],[4.33414,43.53545],[4.38741,43.5622],[4.40935,43.56113],[4.41659,43.57134],[4.40294,43.57299],[4.42554,43.58522],[4.46068,43.58926],[4.47252,43.61204],[4.43975,43.61067],[4.42617,43.62448],[4.4513,43.66413],[4.47747,43.67251],[4.48724,43.69924],[4.53985,43.70727],[4.59303,43.68746],[4.62745,43.68543],[4.61228,43.72475],[4.62949,43.76192],[4.65194,43.78407],[4.65508,43.80764],[4.64242,43.83144],[4.66679,43.84612],[4.64146,43.85114],[4.6483,43.85883],[4.64191,43.86748],[4.69223,43.88418],[4.73906,43.92406]],[[5.11807,43.51322],[5.10867,43.52549],[5.04561,43.5218],[5.02943,43.54871],[5.01329,43.55445],[5.01586,43.52747],[4.99804,43.5009],[5.00086,43.4741],[5.05188,43.46356],[5.06081,43.40286],[5.13727,43.40019],[5.20444,43.44214],[5.19842,43.45089],[5.20865,43.44369],[5.2266,43.45301],[5.22484,43.48107],[5.20558,43.492],[5.16346,43.47077],[5.15495,43.45581],[5.14585,43.45806],[5.11357,43.50466],[5.11807,43.51322]]]]}},{"type":"Feature","properties":{"code":"14","nom":"Calvados"},"geometry":{"type":"MultiPolygon","coordinates":[[[[-0.43131,48.86545],[-0.43295,48.86331],[-0.43336,48.86555],[-0.43131,48.86545]]],[[[-1.11962,49.35557],[-1.07267,49.38997],[-0.94723,49.39581],[-0.85117,49.36254],[-0.75529,49.34891],[-0.60348,49.33984],[-0.52871,49.34572],[-0.39661,49.333],[-0.30258,49.29844],[-0.22569,49.28182],[-0.08717,49.29791],[0.01061,49.33061],[0.12975,49.40299],[0.22358,49.42812],[0.29722,49.42986],[0.29675,49.40983],[0.30895,49.38936],[0.30179,49.37115],[0.32599,49.34037],[0.29815,49.31441],[0.31602,49.31131],[0.32302,49.29699],[0.309,49.28322],[0.32627,49.27793],[0.34253,49.29562],[0.36227,49.29708],[0.38391,49.28554],[0.38279,49.26402],[0.32074,49.2482],[0.36655,49.21588],[0.38879,49.21622],[0.39473,49.20844],[0.3859,49.15379],[0.43324,49.14068],[0.40827,49.12858],[0.40157,49.11114],[0.40039,49.09708],[0.41529,49.09621],[0.39737,49.09056],[0.41622,49.08823],[0.41728,49.07335],[0.39102,49.07786],[0.3671,49.0524],[0.37886,49.05102],[0.39062,49.03404],[0.42776,49.03229],[0.44628,49.01497],[0.42479,48.98514],[0.43116,48.96722],[0.41364,48.95051],[0.40015,48.95275],[0.40609,48.96346],[0.37731,48.97255],[0.3565,48.94955],[0.33323,48.94278],[0.30948,48.95388],[0.27748,48.94998],[0.27986,48.96319],[0.26305,48.96474],[0.24498,48.95915],[0.23258,48.93931],[0.19506,48.94369],[0.17962,48.92964],[0.1539,48.92438],[0.14342,48.94519],[0.12761,48.95222],[0.10068,48.93437],[0.08072,48.93798],[0.05609,48.9016],[-0.00706,48.88539],[-0.00693,48.87235],[-0.02669,48.87635],[-0.06873,48.84007],[-0.11409,48.83946],[-0.12442,48.84738],[-0.12335,48.83957],[-0.14634,48.83445],[-0.12751,48.81627],[-0.17012,48.82475],[-0.2044,48.84644],[-0.21287,48.84008],[-0.26218,48.85359],[-0.29855,48.84916],[-0.30545,48.85822],[-0.32852,48.8576],[-0.33594,48.84582],[-0.32739,48.83909],[-0.34624,48.822],[-0.37331,48.83486],[-0.35961,48.84747],[-0.38621,48.84526],[-0.40618,48.86984],[-0.42613,48.86567],[-0.43223,48.87484],[-0.49658,48.85831],[-0.49405,48.84857],[-0.5019,48.84649],[-0.54994,48.8474],[-0.57218,48.83014],[-0.58075,48.83801],[-0.64542,48.82721],[-0.64344,48.84095],[-0.69272,48.8473],[-0.7057,48.83785],[-0.68217,48.82183],[-0.71256,48.80069],[-0.78063,48.78665],[-0.82238,48.7526],[-0.84094,48.75222],[-0.82286,48.77185],[-0.88264,48.75618],[-0.89393,48.76743],[-0.93629,48.77517],[-0.95105,48.78924],[-0.96705,48.78608],[-0.97101,48.77283],[-1.01268,48.77178],[-1.04505,48.78316],[-1.05873,48.77335],[-1.08254,48.77777],[-1.10116,48.78972],[-1.09116,48.79308],[-1.1023,48.81426],[-1.15742,48.82388],[-1.15708,48.83637],[-1.12116,48.84822],[-1.0921,48.87909],[-1.07042,48.87018],[-1.01341,48.9152],[-1.01978,48.92739],[-1.06587,48.92027],[-1.03211,48.93811],[-1.00529,48.93538],[-0.98877,48.95193],[-0.94241,48.96799],[-0.91099,48.99354],[-0.90511,49.0114],[-0.86087,49.03083],[-0.8918,49.04555],[-0.86909,49.0679],[-0.88058,49.09071],[-0.87846,49.1171],[-0.89135,49.11935],[-0.92465,49.10238],[-0.88659,49.12943],[-0.94086,49.15246],[-0.93133,49.15787],[-0.95878,49.16139],[-0.92591,49.16405],[-0.91613,49.1844],[-0.90608,49.18383],[-0.91591,49.18949],[-0.88943,49.20441],[-0.90087,49.20297],[-0.926,49.232],[-0.93312,49.21589],[-0.94666,49.2152],[-0.9544,49.20023],[-0.97352,49.19145],[-1.02267,49.20339],[-1.03743,49.22226],[-1.06086,49.22522],[-1.09641,49.25428],[-1.13592,49.27032],[-1.13369,49.27858],[-1.12057,49.27907],[-1.13468,49.2868],[-1.14071,49.30601],[-1.11331,49.32669],[-1.11962,49.35557]]]]}},{"type":"Feature","properties":{"code":"15","nom":"Cantal"},"geometry":{"type":"Polygon","coordinates":[[[2.50841,45.4785],[2.54396,45.47898],[2.53653,45.45655],[2.56386,45.46558],[2.58821,45.44965],[2.60365,45.45002],[2.61751,45.4701],[2.62453,45.4439],[2.66262,45.43413],[2.68846,45.43769],[2.68073,45.40717],[2.70392,45.39886],[2.70126,45.39127],[2.71434,45.38183],[2.7422,45.39334],[2.78483,45.38467],[2.81389,45.4015],[2.83058,45.38965],[2.85238,45.39234],[2.86773,45.37608],[2.8863,45.38296],[2.92247,45.36811],[2.92576,45.34264],[2.94862,45.30913],[2.99903,45.29068],[3.0183,45.28707],[3.02179,45.29537],[3.05233,45.30279],[3.06562,45.31553],[3.06927,45.33664],[3.11285,45.35156],[3.11342,45.32709],[3.09042,45.32423],[3.11381,45.3091],[3.08461,45.29903],[3.08315,45.28937],[3.118,45.28419],[3.16099,45.29533],[3.16976,45.27987],[3.16494,45.26884],[3.20235,45.28238],[3.22322,45.27682],[3.22911,45.26486],[3.22095,45.24458],[3.23442,45.23765],[3.23536,45.22009],[3.27335,45.20841],[3.26061,45.17094],[3.26711,45.15453],[3.2816,45.15161],[3.27375,45.14528],[3.28803,45.12042],[3.29948,45.12524],[3.36145,45.10418],[3.32579,45.09514],[3.30457,45.1066],[3.28229,45.10319],[3.28977,45.08675],[3.31489,45.0851],[3.29982,45.06085],[3.30015,45.03132],[3.31088,45.02039],[3.32704,45.03061],[3.33717,45.02534],[3.32964,45.00786],[3.3472,45.01423],[3.34971,45.00166],[3.37013,45.00517],[3.36447,44.99024],[3.34531,44.98581],[3.34795,44.97387],[3.36134,44.97141],[3.35453,44.95482],[3.33795,44.95591],[3.28448,44.92609],[3.26153,44.93207],[3.26663,44.94229],[3.24841,44.93951],[3.24173,44.9337],[3.24969,44.91624],[3.22643,44.90998],[3.23633,44.88791],[3.19918,44.87464],[3.18855,44.86145],[3.16467,44.87381],[3.1411,44.90332],[3.10398,44.88656],[3.1077,44.86647],[3.09324,44.85424],[3.09916,44.83291],[3.07266,44.83744],[3.07698,44.82419],[3.04809,44.80425],[3.05172,44.78525],[3.04259,44.77221],[3.04904,44.76272],[3.03108,44.74941],[3.02636,44.72893],[3.03443,44.72919],[3.03913,44.71499],[3.01653,44.71437],[2.98168,44.64468],[2.93774,44.68055],[2.9444,44.68466],[2.92326,44.72864],[2.93377,44.74987],[2.91147,44.76182],[2.93074,44.76177],[2.93775,44.77487],[2.92019,44.79431],[2.90511,44.78377],[2.88786,44.78921],[2.85998,44.83879],[2.86513,44.84725],[2.8549,44.85041],[2.85968,44.87446],[2.80418,44.87439],[2.77385,44.85474],[2.76741,44.86558],[2.77859,44.8875],[2.77609,44.90896],[2.75524,44.93297],[2.74178,44.92961],[2.73825,44.94122],[2.72402,44.92458],[2.71359,44.92713],[2.70828,44.90834],[2.68048,44.90686],[2.65796,44.88685],[2.65425,44.86968],[2.63054,44.87284],[2.60268,44.84317],[2.61161,44.83068],[2.59695,44.82028],[2.6,44.79305],[2.56284,44.77787],[2.56126,44.75915],[2.55058,44.75608],[2.55572,44.73352],[2.54453,44.72513],[2.5595,44.73149],[2.56042,44.72118],[2.50012,44.69019],[2.48319,44.65034],[2.47096,44.65161],[2.46804,44.64289],[2.44845,44.64868],[2.435,44.63888],[2.38005,44.65129],[2.35453,44.64013],[2.33296,44.64873],[2.33788,44.6566],[2.32679,44.66969],[2.21591,44.65069],[2.20841,44.64384],[2.22057,44.62203],[2.20748,44.61553],[2.17435,44.63462],[2.17404,44.65365],[2.16184,44.6634],[2.17915,44.67445],[2.1553,44.70024],[2.12995,44.69867],[2.15574,44.74245],[2.14846,44.76655],[2.16972,44.77748],[2.16772,44.81096],[2.13531,44.827],[2.12809,44.84531],[2.08434,44.88567],[2.08591,44.90384],[2.10728,44.91028],[2.0778,44.93393],[2.0807,44.95329],[2.06291,44.97651],[2.13645,44.99016],[2.14089,45.00653],[2.11598,45.02224],[2.09516,45.05603],[2.14018,45.08652],[2.17455,45.08226],[2.18058,45.11255],[2.19034,45.11612],[2.17879,45.1363],[2.20256,45.13916],[2.21157,45.14844],[2.20843,45.16032],[2.232,45.16398],[2.20133,45.17979],[2.18932,45.22211],[2.24027,45.24759],[2.24284,45.26535],[2.25856,45.27022],[2.26899,45.28939],[2.29022,45.28805],[2.31575,45.32183],[2.35976,45.33651],[2.35026,45.34604],[2.36513,45.35608],[2.36936,45.3865],[2.35066,45.41292],[2.3875,45.41196],[2.44186,45.38426],[2.47498,45.3813],[2.47662,45.37028],[2.52318,45.38281],[2.52127,45.40264],[2.48754,45.41816],[2.50841,45.4785]]]}},{"type":"Feature","properties":{"code":"16","nom":"Charente"},"geometry":{"type":"Polygon","coordinates":[[[-0.10294,45.96966],[-0.03815,45.99242],[-0.05735,45.99894],[-0.04536,46.01981],[-0.02145,46.02887],[-0.0395,46.05311],[0.00515,46.05949],[0.01927,46.05285],[0.03768,46.07006],[0.06258,46.07269],[0.0508,46.07941],[0.06636,46.0912],[0.09691,46.08889],[0.09732,46.10568],[0.1157,46.09619],[0.13582,46.10405],[0.16992,46.08104],[0.19884,46.0973],[0.21972,46.09432],[0.25655,46.0801],[0.27752,46.06064],[0.38936,46.06767],[0.42481,46.0483],[0.48065,46.06543],[0.47237,46.07289],[0.47844,46.08483],[0.44453,46.09115],[0.44326,46.10157],[0.46192,46.11007],[0.4723,46.13013],[0.50869,46.13194],[0.49944,46.12184],[0.52094,46.11369],[0.53997,46.08556],[0.56356,46.09034],[0.57501,46.0799],[0.59373,46.08109],[0.59568,46.07266],[0.60988,46.07747],[0.60519,46.08459],[0.61748,46.09256],[0.68745,46.09725],[0.67544,46.11161],[0.68474,46.12048],[0.71054,46.12953],[0.71256,46.13959],[0.74382,46.14005],[0.78698,46.12949],[0.81158,46.13842],[0.82259,46.13087],[0.80851,46.12065],[0.82437,46.11586],[0.83454,46.09625],[0.81858,46.07723],[0.8272,46.06483],[0.81561,46.04934],[0.85247,46.03381],[0.86368,46.016],[0.88554,46.03194],[0.92527,46.01126],[0.91762,45.99749],[0.93375,45.99319],[0.93194,45.9781],[0.94699,45.96996],[0.94259,45.95744],[0.92244,45.95386],[0.92097,45.93791],[0.90515,45.93871],[0.88358,45.92317],[0.85955,45.91786],[0.81211,45.93127],[0.81262,45.89704],[0.82737,45.88275],[0.8075,45.87002],[0.82085,45.86723],[0.8168,45.858],[0.78223,45.82108],[0.78583,45.8075],[0.77688,45.80101],[0.78389,45.79168],[0.7684,45.78913],[0.7413,45.8057],[0.7122,45.80416],[0.70578,45.77765],[0.71489,45.76312],[0.69058,45.76124],[0.66489,45.73921],[0.65252,45.74047],[0.64498,45.7162],[0.63301,45.72119],[0.62238,45.69943],[0.60404,45.69415],[0.60245,45.67955],[0.59147,45.67596],[0.60039,45.67173],[0.56703,45.65326],[0.57545,45.64093],[0.53845,45.62874],[0.53576,45.64246],[0.52544,45.64432],[0.49965,45.61726],[0.51699,45.59887],[0.49858,45.56477],[0.50649,45.55389],[0.48621,45.5383],[0.46574,45.53962],[0.43213,45.50391],[0.43174,45.4856],[0.40925,45.49249],[0.3817,45.48626],[0.37663,45.47604],[0.36099,45.47676],[0.35888,45.46606],[0.33286,45.4594],[0.32939,45.44335],[0.30267,45.45906],[0.30194,45.44595],[0.31772,45.43572],[0.2749,45.42553],[0.24788,45.36927],[0.267,45.33173],[0.26734,45.29848],[0.24903,45.28852],[0.21979,45.28949],[0.20306,45.26236],[0.17486,45.26144],[0.16583,45.23039],[0.13076,45.20782],[0.09851,45.22732],[0.07866,45.22015],[0.05558,45.22716],[0.03485,45.20875],[0.00775,45.20202],[0.00433,45.19163],[-0.00245,45.19892],[0.00368,45.22875],[-0.03342,45.23448],[-0.04789,45.24885],[-0.11539,45.24807],[-0.10971,45.28966],[-0.14528,45.28818],[-0.15783,45.3056],[-0.19549,45.30493],[-0.22049,45.32243],[-0.25433,45.31156],[-0.25752,45.29879],[-0.28438,45.30896],[-0.29043,45.32726],[-0.27797,45.34798],[-0.2503,45.34134],[-0.24483,45.36062],[-0.28111,45.35497],[-0.27962,45.36476],[-0.30882,45.37306],[-0.31128,45.38453],[-0.23502,45.41071],[-0.23283,45.41951],[-0.25358,45.41802],[-0.24717,45.43536],[-0.26709,45.45519],[-0.28638,45.4574],[-0.2809,45.47422],[-0.26475,45.47069],[-0.25823,45.4887],[-0.24249,45.49015],[-0.24214,45.50312],[-0.26775,45.5086],[-0.25503,45.52118],[-0.28237,45.52071],[-0.29124,45.53153],[-0.32162,45.53496],[-0.29657,45.5645],[-0.3606,45.59785],[-0.38017,45.62214],[-0.4138,45.61614],[-0.43252,45.625],[-0.40873,45.65614],[-0.38238,45.65544],[-0.42292,45.68559],[-0.41494,45.69695],[-0.42007,45.72473],[-0.4002,45.73503],[-0.46001,45.73928],[-0.46315,45.75184],[-0.44933,45.766],[-0.40307,45.7707],[-0.40178,45.7866],[-0.32129,45.7845],[-0.28882,45.80646],[-0.23812,45.80372],[-0.24354,45.79617],[-0.22108,45.77521],[-0.16256,45.79252],[-0.1556,45.7893],[-0.16455,45.78112],[-0.15606,45.77951],[-0.14832,45.78909],[-0.15498,45.79784],[-0.13493,45.81895],[-0.14469,45.83967],[-0.12196,45.8498],[-0.11134,45.87159],[-0.12652,45.87265],[-0.13095,45.89101],[-0.14446,45.89184],[-0.14918,45.9006],[-0.13176,45.91025],[-0.15094,45.91375],[-0.15113,45.92662],[-0.09685,45.92848],[-0.08642,45.95071],[-0.09461,45.96242],[-0.1064,45.95892],[-0.10294,45.96966]]]}},{"type":"Feature","properties":{"code":"17","nom":"Charente-Maritime"},"geometry":{"type":"MultiPolygon","coordinates":[[[[-1.10533,45.95439],[-1.1192,45.95707],[-1.11947,45.96143],[-1.10533,45.95439]]],[[[-1.4836,46.20224],[-1.4582,46.22867],[-1.41294,46.23014],[-1.43919,46.21017],[-1.35472,46.20611],[-1.32135,46.18719],[-1.29276,46.18735],[-1.27424,46.16016],[-1.25495,46.16352],[-1.27956,46.14369],[-1.32163,46.14504],[-1.4616,46.20212],[-1.50402,46.19366],[-1.53394,46.20232],[-1.56293,46.24384],[-1.49465,46.25618],[-1.47455,46.23326],[-1.5148,46.22699],[-1.49446,46.20536],[-1.4836,46.20224]]],[[[-1.17559,46.008],[-1.17456,46.0242],[-1.15428,46.01929],[-1.17143,46.01858],[-1.17559,46.008]]],[[[-1.1294,46.31028],[-1.12057,46.3236],[-1.09781,46.31218],[-1.07547,46.3175],[-1.0813,46.32335],[-1.05338,46.349],[-1.05253,46.34254],[-1.01381,46.35562],[-1.01301,46.34903],[-0.9749,46.35105],[-0.96451,46.3654],[-0.95128,46.36038],[-0.92963,46.37152],[-0.94347,46.3366],[-0.9631,46.32262],[-0.93102,46.31004],[-0.89447,46.3169],[-0.88717,46.32665],[-0.84948,46.31777],[-0.83988,46.34037],[-0.80021,46.34238],[-0.80281,46.32529],[-0.75048,46.30426],[-0.74844,46.28329],[-0.73506,46.26821],[-0.75478,46.25304],[-0.75146,46.24507],[-0.68818,46.21666],[-0.68022,46.19716],[-0.69784,46.19223],[-0.68771,46.19083],[-0.69597,46.18634],[-0.69113,46.1798],[-0.66969,46.18497],[-0.64489,46.16501],[-0.60147,46.15633],[-0.63244,46.15057],[-0.61896,46.13719],[-0.58302,46.13965],[-0.57933,46.14826],[-0.547,46.14423],[-0.52856,46.12984],[-0.51155,46.13022],[-0.51639,46.11245],[-0.50608,46.10671],[-0.45195,46.10297],[-0.44044,46.09463],[-0.4402,46.10459],[-0.42246,46.11331],[-0.42251,46.09391],[-0.40145,46.08425],[-0.38312,46.09801],[-0.35856,46.08289],[-0.36273,46.07554],[-0.30365,46.07758],[-0.29177,46.08748],[-0.27303,46.05731],[-0.21296,46.0441],[-0.19256,46.05423],[-0.18913,46.02614],[-0.16027,46.03659],[-0.17165,46.0227],[-0.16252,46.02218],[-0.16464,46.01071],[-0.14479,46.00466],[-0.13686,45.97896],[-0.10294,45.96966],[-0.1064,45.95892],[-0.09461,45.96242],[-0.08636,45.94802],[-0.09685,45.92848],[-0.15113,45.92662],[-0.15094,45.91375],[-0.13176,45.91025],[-0.14918,45.9006],[-0.14446,45.89184],[-0.13095,45.89101],[-0.12652,45.87265],[-0.11134,45.87159],[-0.12196,45.8498],[-0.14469,45.83967],[-0.13493,45.81895],[-0.15498,45.79784],[-0.14832,45.78909],[-0.15606,45.77951],[-0.16455,45.78112],[-0.1556,45.7893],[-0.16256,45.79252],[-0.22108,45.77521],[-0.24354,45.79617],[-0.23812,45.80372],[-0.28882,45.80646],[-0.32129,45.7845],[-0.40178,45.7866],[-0.40307,45.7707],[-0.44933,45.766],[-0.46315,45.75184],[-0.46001,45.73928],[-0.4002,45.73503],[-0.42007,45.72473],[-0.41494,45.69695],[-0.42292,45.68559],[-0.38238,45.65544],[-0.40873,45.65614],[-0.43252,45.625],[-0.4138,45.61614],[-0.38017,45.62214],[-0.3606,45.59785],[-0.29657,45.5645],[-0.32162,45.53496],[-0.29124,45.53153],[-0.28237,45.52071],[-0.25503,45.52118],[-0.26775,45.5086],[-0.24214,45.50312],[-0.24249,45.49015],[-0.25823,45.4887],[-0.26475,45.47069],[-0.2809,45.47422],[-0.28638,45.4574],[-0.26709,45.45519],[-0.24717,45.43536],[-0.25358,45.41802],[-0.23283,45.41951],[-0.23502,45.41071],[-0.31128,45.38453],[-0.30882,45.37306],[-0.27962,45.36476],[-0.28111,45.35497],[-0.24483,45.36062],[-0.2503,45.34134],[-0.27797,45.34798],[-0.29043,45.32726],[-0.28438,45.30896],[-0.25752,45.29879],[-0.25433,45.31156],[-0.22049,45.32243],[-0.19549,45.30493],[-0.1604,45.30651],[-0.14528,45.28818],[-0.12898,45.29464],[-0.10879,45.28895],[-0.11539,45.24807],[-0.04789,45.24885],[-0.03342,45.23448],[0.00368,45.22875],[0.00221,45.18443],[-0.01922,45.165],[0.00472,45.15374],[-0.03675,45.14075],[-0.02922,45.1279],[-0.04199,45.11242],[-0.04025,45.10067],[-0.06357,45.09915],[-0.09788,45.12104],[-0.14161,45.09],[-0.19096,45.09389],[-0.25853,45.1145],[-0.2812,45.14373],[-0.30804,45.14903],[-0.31376,45.13782],[-0.32064,45.15617],[-0.34918,45.16956],[-0.36385,45.17026],[-0.38493,45.14609],[-0.40167,45.18846],[-0.42077,45.20853],[-0.40511,45.23982],[-0.40728,45.24783],[-0.42464,45.24828],[-0.41864,45.27385],[-0.47309,45.29393],[-0.51359,45.28633],[-0.56579,45.29593],[-0.57538,45.31555],[-0.56897,45.33152],[-0.5852,45.34334],[-0.59448,45.32114],[-0.6446,45.31515],[-0.64431,45.32205],[-0.71367,45.3279],[-0.75268,45.32177],[-0.77402,45.36921],[-0.84106,45.43508],[-1.02574,45.57469],[-0.98916,45.58134],[-0.99365,45.59759],[-1.01303,45.59963],[-1.00963,45.61143],[-1.02032,45.62152],[-1.04324,45.61754],[-1.20932,45.6967],[-1.23089,45.69134],[-1.21868,45.67452],[-1.19597,45.67363],[-1.213,45.67105],[-1.22829,45.67506],[-1.23806,45.71191],[-1.24257,45.78157],[-1.20896,45.79575],[-1.192,45.78937],[-1.1337,45.80276],[-1.13965,45.82374],[-1.17024,45.85593],[-1.11361,45.8593],[-1.07379,45.91423],[-1.07686,45.9367],[-1.09961,45.94438],[-1.06432,45.94991],[-1.08078,45.96324],[-1.08414,45.97993],[-1.12145,46.00297],[-1.09316,45.99182],[-1.05317,46.00338],[-1.06152,46.04527],[-1.08884,46.05395],[-1.10073,46.0938],[-1.14307,46.10632],[-1.12414,46.11204],[-1.12823,46.12655],[-1.17328,46.13803],[-1.16072,46.15549],[-1.20564,46.14581],[-1.24204,46.15745],[-1.20249,46.18895],[-1.20654,46.20436],[-1.199,46.21325],[-1.14845,46.23841],[-1.13933,46.25405],[-1.11116,46.26134],[-1.12101,46.28873],[-1.11476,46.29158],[-1.1216,46.28967],[-1.1294,46.31028]]],[[[-1.23939,45.80787],[-1.27005,45.88181],[-1.38598,45.95239],[-1.39578,45.97683],[-1.38787,46.00002],[-1.4124,46.04789],[-1.37023,46.03924],[-1.36951,46.02954],[-1.31515,45.99389],[-1.23755,45.98391],[-1.23266,45.9674],[-1.24168,45.95531],[-1.22631,45.9413],[-1.23377,45.92706],[-1.18741,45.8866],[-1.20771,45.85034],[-1.19545,45.82939],[-1.22626,45.80369],[-1.23939,45.80787]]]]}},{"type":"Feature","properties":{"code":"18","nom":"Cher"},"geometry":{"type":"Polygon","coordinates":[[[2.15135,47.6005],[2.28963,47.62906],[2.37262,47.58553],[2.4394,47.6095],[2.49136,47.5683],[2.5632,47.57213],[2.61674,47.5409],[2.61532,47.52386],[2.65409,47.5122],[2.6551,47.49178],[2.66654,47.48509],[2.72486,47.494],[2.72002,47.50485],[2.72956,47.52033],[2.72234,47.5213],[2.73262,47.53804],[2.746,47.52482],[2.78529,47.51595],[2.79324,47.4977],[2.80781,47.49436],[2.84708,47.51367],[2.87984,47.51671],[2.93195,47.43946],[2.91845,47.40553],[2.86995,47.33825],[2.87655,47.32193],[2.91231,47.30886],[2.98309,47.26081],[2.97888,47.22957],[3.02809,47.12907],[3.03138,47.09248],[3.01934,47.06817],[3.06382,47.04608],[3.07516,47.02932],[3.06258,46.9792],[3.07934,46.96024],[3.04999,46.90771],[3.06697,46.88178],[3.06891,46.85073],[3.03207,46.79491],[2.9628,46.80399],[2.95323,46.79113],[2.91327,46.79103],[2.91039,46.77939],[2.87617,46.76845],[2.84542,46.74286],[2.84677,46.72706],[2.79509,46.73434],[2.7859,46.7225],[2.75852,46.71775],[2.73453,46.74622],[2.7145,46.74449],[2.70498,46.73939],[2.70228,46.71817],[2.68556,46.72262],[2.67438,46.70193],[2.64513,46.68725],[2.62337,46.68964],[2.62005,46.67972],[2.63369,46.67527],[2.62864,46.65954],[2.60715,46.6605],[2.60543,46.67121],[2.56713,46.65374],[2.5931,46.64658],[2.58832,46.61596],[2.56838,46.60938],[2.57778,46.60788],[2.58156,46.59316],[2.59418,46.59719],[2.60011,46.59524],[2.60938,46.57133],[2.60328,46.56428],[2.61496,46.55328],[2.53665,46.5197],[2.52053,46.53089],[2.49718,46.52152],[2.49695,46.53367],[2.44549,46.52005],[2.43006,46.52654],[2.35985,46.51588],[2.32377,46.49011],[2.32983,46.47854],[2.32299,46.46968],[2.30079,46.47237],[2.28335,46.44928],[2.28105,46.42041],[2.19933,46.4283],[2.17254,46.42228],[2.15435,46.43408],[2.1514,46.4577],[2.19316,46.47026],[2.20432,46.48422],[2.15889,46.55753],[2.17465,46.56448],[2.16715,46.58898],[2.18628,46.60395],[2.17962,46.62813],[2.18945,46.64214],[2.17584,46.65085],[2.16284,46.64633],[2.16289,46.65412],[2.13907,46.66429],[2.13667,46.67728],[2.14798,46.67712],[2.15545,46.69216],[2.11811,46.71027],[2.08696,46.71258],[2.09122,46.72744],[2.07188,46.73513],[2.06689,46.7515],[2.09594,46.75548],[2.11665,46.77972],[2.04496,46.8365],[2.07631,46.83469],[2.09646,46.85525],[2.08297,46.86858],[2.1264,46.88005],[2.15483,46.91163],[2.11,46.91339],[2.07038,46.9344],[2.0702,46.95442],[2.08825,46.96045],[2.09212,46.98816],[2.10886,46.99719],[2.05148,47.04213],[2.02882,47.04585],[2.05568,47.07169],[2.04718,47.09444],[2.05339,47.10349],[2.02453,47.10445],[2.02894,47.0951],[2.00332,47.09418],[2.01257,47.11139],[2.00024,47.11392],[1.99666,47.127],[1.96366,47.12465],[1.92336,47.10193],[1.90493,47.1091],[1.88307,47.10051],[1.77478,47.13062],[1.82256,47.17345],[1.84224,47.17758],[1.83908,47.21931],[1.85279,47.22215],[1.87301,47.20532],[1.90381,47.21525],[1.91659,47.23599],[1.89218,47.24876],[1.89477,47.25466],[1.92463,47.26466],[1.92322,47.27469],[1.9426,47.29099],[1.99849,47.26405],[2.07729,47.2858],[2.12867,47.27984],[2.15808,47.29864],[2.14942,47.31877],[2.11939,47.33342],[2.12769,47.34496],[2.11395,47.37002],[2.09708,47.3668],[2.11499,47.42126],[2.13798,47.40596],[2.1889,47.43779],[2.20523,47.40525],[2.23039,47.40752],[2.24369,47.41482],[2.24789,47.4414],[2.23494,47.4517],[2.24522,47.45822],[2.23697,47.47126],[2.24775,47.49173],[2.22803,47.49698],[2.19607,47.4879],[2.21529,47.52211],[2.19784,47.54592],[2.12854,47.55126],[2.11958,47.58295],[2.15135,47.6005]]]}},{"type":"Feature","properties":{"code":"19","nom":"Corrèze"},"geometry":{"type":"Polygon","coordinates":[[[1.89873,45.69828],[1.92237,45.71366],[1.94842,45.70593],[1.94139,45.71306],[1.95658,45.72476],[1.99144,45.72081],[2.00152,45.74879],[2.05206,45.76512],[2.0839,45.74603],[2.08469,45.72805],[2.097,45.73419],[2.11355,45.72478],[2.13362,45.73548],[2.15658,45.72164],[2.16438,45.73634],[2.18299,45.72062],[2.20767,45.71562],[2.19448,45.69864],[2.21084,45.70185],[2.21152,45.71283],[2.22363,45.69584],[2.27107,45.69165],[2.26885,45.66336],[2.28252,45.66404],[2.30805,45.67642],[2.32621,45.6716],[2.34835,45.69262],[2.34854,45.70921],[2.41025,45.70963],[2.43586,45.69928],[2.4938,45.73771],[2.52301,45.71145],[2.51891,45.69764],[2.52868,45.6822],[2.51259,45.66976],[2.52828,45.65854],[2.51654,45.63897],[2.48339,45.6393],[2.48036,45.61151],[2.46117,45.59646],[2.49093,45.56039],[2.51684,45.55302],[2.5194,45.53224],[2.51176,45.5251],[2.52039,45.52045],[2.50778,45.50311],[2.50974,45.4731],[2.48754,45.41816],[2.52787,45.39161],[2.52318,45.38281],[2.47662,45.37028],[2.47498,45.3813],[2.44186,45.38426],[2.3875,45.41196],[2.35066,45.41292],[2.36936,45.3865],[2.36513,45.35608],[2.35026,45.34604],[2.35976,45.33651],[2.31575,45.32183],[2.29022,45.28805],[2.26899,45.28939],[2.25856,45.27022],[2.24284,45.26535],[2.24027,45.24759],[2.18932,45.22211],[2.20133,45.17979],[2.232,45.16398],[2.20843,45.16032],[2.21157,45.14844],[2.20256,45.13916],[2.17879,45.1363],[2.19034,45.11612],[2.18058,45.11255],[2.17455,45.08226],[2.14018,45.08652],[2.09516,45.05603],[2.11598,45.02224],[2.14089,45.00653],[2.13329,44.98574],[1.99148,44.97591],[1.94916,44.95252],[1.94028,44.95289],[1.93907,44.97322],[1.90866,44.97842],[1.88742,44.95657],[1.84277,44.93708],[1.83117,44.94549],[1.82643,44.92927],[1.80129,44.92209],[1.7857,44.93691],[1.77493,44.92372],[1.74934,44.93758],[1.7508,44.95573],[1.71103,44.96729],[1.70266,44.98783],[1.62996,45.03357],[1.57631,45.0407],[1.54512,45.02888],[1.53747,45.04669],[1.48254,45.03019],[1.46199,45.0137],[1.44432,45.01996],[1.40751,45.05306],[1.4134,45.06093],[1.39956,45.06118],[1.40691,45.06997],[1.39048,45.08838],[1.39418,45.09569],[1.37751,45.10473],[1.41023,45.11288],[1.4129,45.12508],[1.3852,45.13562],[1.35526,45.13244],[1.35198,45.14163],[1.32132,45.14309],[1.30952,45.13484],[1.25529,45.15864],[1.29212,45.18651],[1.27232,45.20176],[1.22851,45.20307],[1.23361,45.2222],[1.26395,45.23097],[1.2785,45.25014],[1.23938,45.26044],[1.2284,45.27222],[1.24156,45.30063],[1.2358,45.32204],[1.26517,45.32304],[1.28522,45.35318],[1.31579,45.36091],[1.32507,45.38012],[1.2936,45.39759],[1.27993,45.38388],[1.27402,45.39287],[1.28042,45.40192],[1.26694,45.39563],[1.25717,45.40216],[1.25913,45.41976],[1.27843,45.41265],[1.29033,45.41817],[1.28252,45.43235],[1.29405,45.43413],[1.25184,45.44619],[1.26419,45.45179],[1.27035,45.47759],[1.28746,45.48175],[1.28532,45.49028],[1.35008,45.46689],[1.37176,45.49241],[1.3896,45.49616],[1.40833,45.52731],[1.42568,45.53088],[1.43954,45.52041],[1.45417,45.53812],[1.45194,45.55322],[1.47551,45.55331],[1.48037,45.56594],[1.49223,45.56086],[1.4933,45.54967],[1.51792,45.55552],[1.51856,45.56434],[1.55495,45.54948],[1.5826,45.55499],[1.59998,45.58146],[1.63766,45.58035],[1.65788,45.59361],[1.6602,45.60797],[1.70891,45.64182],[1.72742,45.6381],[1.7764,45.65846],[1.78583,45.68266],[1.79813,45.67319],[1.81538,45.6811],[1.83197,45.66349],[1.84776,45.66176],[1.8546,45.67228],[1.87482,45.66467],[1.88183,45.68194],[1.9112,45.68065],[1.89873,45.69828]]]}},{"type":"Feature","properties":{"code":"21","nom":"Côte-d'Or"},"geometry":{"type":"MultiPolygon","coordinates":[[[[4.11597,47.12334],[4.10683,47.13],[4.11935,47.13624],[4.11507,47.14616],[4.19025,47.1461],[4.18446,47.12941],[4.16869,47.12328],[4.17753,47.11342],[4.1608,47.12187],[4.14743,47.11398],[4.12682,47.13063],[4.11597,47.12334]]],[[[4.29342,47.92568],[4.30287,47.93851],[4.29792,47.9497],[4.3128,47.9625],[4.34321,47.95586],[4.4179,47.96846],[4.44696,47.9562],[4.49331,47.96818],[4.55424,47.96748],[4.55706,47.98187],[4.53577,48.00657],[4.54942,48.00446],[4.57863,48.02909],[4.61681,48.03137],[4.67323,48.01505],[4.70037,48.02374],[4.74214,48.00462],[4.78908,48.00783],[4.81024,47.98858],[4.79497,47.98446],[4.78651,47.9642],[4.84518,47.96125],[4.8661,47.94051],[4.83122,47.91787],[4.83404,47.90679],[4.86043,47.89631],[4.86934,47.91745],[4.90291,47.92104],[4.92858,47.88623],[4.92746,47.87155],[4.95409,47.86677],[4.96043,47.8394],[4.99413,47.81975],[4.98226,47.80009],[4.91796,47.77709],[4.92268,47.75895],[4.95899,47.76187],[4.96615,47.74056],[4.9568,47.73245],[4.97166,47.72941],[4.95414,47.70146],[4.97198,47.69157],[4.96909,47.68583],[4.99675,47.68997],[5.02915,47.70992],[5.02877,47.69328],[5.06065,47.69479],[5.04359,47.67652],[5.0535,47.66827],[5.12537,47.64677],[5.16186,47.6805],[5.17834,47.68095],[5.1736,47.65257],[5.21141,47.64189],[5.23694,47.61678],[5.2586,47.62221],[5.23802,47.59654],[5.25312,47.57685],[5.2779,47.58136],[5.29821,47.60434],[5.32234,47.61236],[5.34547,47.60474],[5.34211,47.59466],[5.35557,47.59147],[5.36974,47.60541],[5.39588,47.59492],[5.42559,47.63207],[5.47755,47.60872],[5.48824,47.57701],[5.48049,47.56395],[5.49706,47.55418],[5.4864,47.52697],[5.47194,47.52727],[5.43888,47.49243],[5.39922,47.49901],[5.38762,47.48212],[5.40764,47.47724],[5.3673,47.46447],[5.38616,47.45903],[5.37984,47.45069],[5.40676,47.46182],[5.41823,47.44891],[5.43882,47.45043],[5.43043,47.42136],[5.44454,47.4041],[5.43383,47.39313],[5.45181,47.3832],[5.47738,47.39529],[5.49714,47.38984],[5.488,47.36201],[5.49531,47.3389],[5.48716,47.32652],[5.47691,47.3312],[5.4701,47.31654],[5.49811,47.31563],[5.51854,47.30419],[5.50498,47.28322],[5.48828,47.28935],[5.48006,47.25635],[5.4863,47.2434],[5.47402,47.23109],[5.48001,47.21737],[5.44575,47.19958],[5.45929,47.18256],[5.43851,47.14153],[5.40854,47.12666],[5.41066,47.11409],[5.38603,47.08198],[5.32659,47.07521],[5.31136,47.05814],[5.30577,47.06302],[5.28392,47.04791],[5.27533,47.02693],[5.31832,47.01281],[5.27429,46.99837],[5.25524,46.97989],[5.2051,46.98527],[5.19578,46.97047],[5.12017,46.96319],[5.09753,46.94487],[5.10259,46.95753],[5.07397,46.95967],[5.0493,46.98159],[5.03048,46.98114],[5.01689,46.96849],[5.00341,46.97214],[4.99523,46.96142],[5.00231,46.95806],[4.89469,46.96632],[4.89364,46.95086],[4.78847,46.93187],[4.79194,46.92604],[4.77459,46.91687],[4.72174,46.92185],[4.71746,46.90795],[4.6871,46.90011],[4.66452,46.91416],[4.67909,46.93024],[4.61643,46.94149],[4.58956,46.95571],[4.59224,46.96812],[4.57366,46.97339],[4.56704,46.99273],[4.54787,46.99206],[4.55481,47.02005],[4.51224,47.01178],[4.48975,47.03344],[4.4716,47.03049],[4.45528,47.04209],[4.42765,47.03737],[4.40093,47.05293],[4.41626,47.07659],[4.39953,47.08324],[4.37053,47.07957],[4.3588,47.06191],[4.34425,47.07243],[4.34678,47.1014],[4.30653,47.10327],[4.29714,47.11315],[4.2747,47.10714],[4.25379,47.11743],[4.25693,47.1258],[4.23664,47.14323],[4.2419,47.14823],[4.2132,47.14438],[4.21016,47.17997],[4.22931,47.19334],[4.22878,47.2081],[4.17927,47.25457],[4.13595,47.23757],[4.12558,47.2475],[4.11459,47.29261],[4.13389,47.3063],[4.11411,47.30796],[4.12891,47.31745],[4.1249,47.33586],[4.14332,47.35429],[4.10628,47.3352],[4.09788,47.36161],[4.106,47.36269],[4.10678,47.37627],[4.0789,47.37694],[4.09003,47.39461],[4.06677,47.39851],[4.0652,47.40726],[4.08453,47.42065],[4.08014,47.44083],[4.09863,47.43046],[4.10834,47.43743],[4.10113,47.44388],[4.11943,47.44355],[4.12981,47.4626],[4.12976,47.47484],[4.11538,47.4814],[4.12339,47.49059],[4.11463,47.51475],[4.13875,47.51919],[4.15653,47.55162],[4.17442,47.5521],[4.19686,47.6046],[4.21424,47.60153],[4.21212,47.62815],[4.24911,47.65949],[4.22564,47.67116],[4.22661,47.67821],[4.28406,47.68266],[4.26641,47.68993],[4.2675,47.70547],[4.23946,47.72443],[4.25798,47.72583],[4.2605,47.7422],[4.29304,47.73285],[4.3092,47.75128],[4.33247,47.75651],[4.33495,47.77802],[4.32723,47.78566],[4.3403,47.79957],[4.31998,47.81143],[4.31929,47.83744],[4.33032,47.83766],[4.32977,47.84621],[4.30081,47.84877],[4.2713,47.83878],[4.261,47.84385],[4.26456,47.8737],[4.24638,47.87387],[4.27849,47.89993],[4.31115,47.90392],[4.30587,47.92034],[4.29342,47.92568]]]]}},{"type":"Feature","properties":{"code":"22","nom":"Côtes-d'Armor"},"geometry":{"type":"MultiPolygon","coordinates":[[[[-3.47834,48.88437],[-3.48448,48.88139],[-3.48599,48.8832],[-3.47834,48.88437]]],[[[-3.43591,48.89883],[-3.43924,48.89916],[-3.43564,48.90064],[-3.43591,48.89883]]],[[[-2.97663,48.79723],[-2.98283,48.79951],[-2.97642,48.79837],[-2.97663,48.79723]]],[[[-2.97785,48.84631],[-2.98093,48.84684],[-2.98025,48.84831],[-2.97785,48.84631]]],[[[-2.98002,48.85949],[-2.98332,48.85903],[-2.98118,48.8608],[-2.98002,48.85949]]],[[[-3.48941,48.87803],[-3.49495,48.87909],[-3.48854,48.87929],[-3.48941,48.87803]]],[[[-2.95236,48.77875],[-2.94676,48.78055],[-2.94616,48.77992],[-2.95236,48.77875]]],[[[-3.01562,48.84003],[-3.02109,48.84442],[-3.01613,48.84465],[-3.01562,48.84003]]],[[[-2.98619,48.84885],[-2.98632,48.84496],[-2.98863,48.84864],[-2.98619,48.84885]]],[[[-2.98851,48.83918],[-2.99227,48.8399],[-2.98856,48.84035],[-2.98851,48.83918]]],[[[-2.18678,48.62281],[-2.19554,48.62066],[-2.1868,48.62686],[-2.18678,48.62281]]],[[[-3.00232,48.83632],[-3.01149,48.83703],[-3.01414,48.85015],[-2.99864,48.85156],[-3.01316,48.85691],[-2.98676,48.86491],[-3.00232,48.83632]]],[[[-3.58006,48.79871],[-3.58511,48.80441],[-3.56317,48.80537],[-3.57012,48.79724],[-3.58006,48.79871]]],[[[-3.59585,48.76979],[-3.59929,48.76695],[-3.60344,48.77097],[-3.59585,48.76979]]],[[[-3.59316,48.80092],[-3.59609,48.79747],[-3.60213,48.79824],[-3.59316,48.80092]]],[[[-3.60766,48.79602],[-3.60906,48.79395],[-3.61221,48.79532],[-3.60766,48.79602]]],[[[-3.01827,48.83675],[-3.02119,48.83584],[-3.02172,48.83762],[-3.01827,48.83675]]],[[[-3.57671,48.79519],[-3.57922,48.79627],[-3.57692,48.79753],[-3.57671,48.79519]]],[[[-3.1839,48.86442],[-3.1853,48.87273],[-3.19193,48.87161],[-3.19406,48.87538],[-3.18171,48.87435],[-3.1839,48.86442]]],[[[-3.40536,48.83639],[-3.40833,48.83254],[-3.40999,48.83994],[-3.40536,48.83639]]],[[[-3.03846,48.861],[-3.04463,48.86062],[-3.03202,48.8627],[-3.03846,48.861]]],[[[-3.2814,48.84685],[-3.28182,48.84389],[-3.28435,48.84512],[-3.2814,48.84685]]],[[[-3.19501,48.86555],[-3.19823,48.86431],[-3.19635,48.86773],[-3.19501,48.86555]]],[[[-3.30211,48.84506],[-3.30581,48.84645],[-3.30357,48.84773],[-3.30211,48.84506]]],[[[-3.25928,48.8542],[-3.25975,48.85355],[-3.26158,48.85581],[-3.25928,48.8542]]],[[[-3.2021,48.85371],[-3.20407,48.8505],[-3.20428,48.85419],[-3.2021,48.85371]]],[[[-3.55436,48.8019],[-3.55695,48.80293],[-3.55594,48.80429],[-3.55436,48.8019]]],[[[-3.30743,48.84741],[-3.31007,48.8466],[-3.30974,48.84793],[-3.30743,48.84741]]],[[[-3.29444,48.84557],[-3.2982,48.84553],[-3.29795,48.84634],[-3.29444,48.84557]]],[[[-3.27169,48.83885],[-3.27403,48.83905],[-3.27237,48.84075],[-3.27169,48.83885]]],[[[-3.29265,48.83745],[-3.29536,48.83867],[-3.29379,48.8392],[-3.29265,48.83745]]],[[[-2.12371,48.60441],[-2.12471,48.59135],[-2.09499,48.57095],[-2.0448,48.5642],[-2.0536,48.55399],[-2.04435,48.54134],[-2.00413,48.56874],[-1.98923,48.54544],[-1.97372,48.54413],[-1.97234,48.53464],[-1.9928,48.52332],[-1.98005,48.5162],[-1.98569,48.51162],[-1.98243,48.50058],[-1.99484,48.49757],[-2.00166,48.49173],[-1.98162,48.49835],[-1.96473,48.52633],[-1.9525,48.51828],[-1.94818,48.51917],[-1.95067,48.53402],[-1.93328,48.55031],[-1.92194,48.54375],[-1.92665,48.53785],[-1.91053,48.51482],[-1.92312,48.49881],[-1.909,48.48155],[-1.92846,48.47555],[-1.9263,48.45595],[-1.95166,48.43891],[-1.93609,48.41735],[-1.94292,48.40056],[-1.92997,48.39479],[-1.93983,48.39298],[-1.94772,48.36894],[-1.92908,48.34704],[-1.9669,48.34282],[-1.95402,48.31556],[-1.96824,48.30332],[-1.95805,48.29312],[-1.99316,48.29885],[-2.00489,48.2916],[-2.00217,48.28053],[-2.0141,48.27953],[-2.05329,48.29833],[-2.07949,48.29282],[-2.08055,48.27704],[-2.11046,48.27506],[-2.09578,48.2668],[-2.11119,48.25742],[-2.1066,48.25179],[-2.15444,48.26124],[-2.18379,48.24944],[-2.19088,48.22537],[-2.18445,48.21021],[-2.22824,48.21018],[-2.2183,48.20422],[-2.22302,48.17405],[-2.24897,48.1566],[-2.23589,48.14481],[-2.27113,48.1515],[-2.28728,48.13375],[-2.32118,48.13299],[-2.32303,48.12197],[-2.34919,48.12651],[-2.35753,48.11132],[-2.37541,48.12695],[-2.37445,48.14023],[-2.41845,48.17282],[-2.44924,48.17301],[-2.45331,48.1637],[-2.47181,48.15997],[-2.48783,48.16643],[-2.48781,48.1553],[-2.53217,48.15782],[-2.51397,48.13242],[-2.5541,48.09809],[-2.54773,48.07715],[-2.56497,48.06733],[-2.57735,48.07088],[-2.62821,48.0338],[-2.64543,48.03546],[-2.64512,48.04209],[-2.65557,48.03259],[-2.67301,48.06266],[-2.65027,48.09792],[-2.66098,48.13062],[-2.67623,48.13181],[-2.70398,48.11243],[-2.755,48.1154],[-2.7731,48.08637],[-2.78204,48.12094],[-2.80753,48.14623],[-2.85292,48.14157],[-2.89145,48.16473],[-2.93969,48.17158],[-2.99975,48.16071],[-2.99564,48.17072],[-3.01177,48.17215],[-3.02044,48.19244],[-3.01493,48.19796],[-3.07801,48.21088],[-3.13004,48.20032],[-3.1395,48.16369],[-3.19155,48.16476],[-3.21438,48.15445],[-3.2134,48.14273],[-3.24109,48.1516],[-3.27224,48.14001],[-3.30744,48.15609],[-3.32053,48.14883],[-3.32356,48.16068],[-3.34387,48.17096],[-3.4176,48.14564],[-3.43869,48.15984],[-3.42109,48.17446],[-3.44215,48.18518],[-3.45289,48.1774],[-3.4788,48.18621],[-3.56074,48.18221],[-3.56667,48.19003],[-3.51942,48.18947],[-3.52118,48.20223],[-3.53966,48.20653],[-3.55778,48.22853],[-3.55607,48.24202],[-3.52688,48.25325],[-3.51868,48.28091],[-3.555,48.29372],[-3.51853,48.31886],[-3.55094,48.31513],[-3.55539,48.34498],[-3.56324,48.34786],[-3.5543,48.37886],[-3.60768,48.38832],[-3.60054,48.42162],[-3.5505,48.44783],[-3.60762,48.47839],[-3.60454,48.49579],[-3.54106,48.53712],[-3.57147,48.55832],[-3.59873,48.5572],[-3.58424,48.57429],[-3.58864,48.58272],[-3.6406,48.59605],[-3.63843,48.61023],[-3.65428,48.61697],[-3.66562,48.6508],[-3.62405,48.68624],[-3.60967,48.66966],[-3.57002,48.67814],[-3.56881,48.68628],[-3.58455,48.69087],[-3.5843,48.71853],[-3.5649,48.73144],[-3.55537,48.72751],[-3.54959,48.74667],[-3.56602,48.76047],[-3.58499,48.75701],[-3.57809,48.7627],[-3.58593,48.77739],[-3.567,48.7979],[-3.55444,48.79157],[-3.53518,48.80203],[-3.54808,48.81404],[-3.53803,48.82479],[-3.51957,48.81898],[-3.52567,48.83003],[-3.51243,48.8354],[-3.50029,48.83787],[-3.51065,48.83433],[-3.50306,48.82429],[-3.47743,48.83702],[-3.45714,48.81581],[-3.42823,48.82039],[-3.44056,48.79831],[-3.39754,48.80075],[-3.38745,48.80486],[-3.38918,48.81569],[-3.35258,48.82055],[-3.32206,48.83803],[-3.29315,48.83],[-3.27671,48.84334],[-3.27592,48.83828],[-3.26433,48.8342],[-3.22448,48.86992],[-3.20601,48.84739],[-3.21827,48.83529],[-3.20273,48.83492],[-3.20682,48.81397],[-3.23669,48.78876],[-3.21969,48.78378],[-3.22356,48.79644],[-3.19898,48.81593],[-3.18282,48.84377],[-3.07417,48.88202],[-3.10145,48.86662],[-3.08513,48.86735],[-3.07595,48.85774],[-3.0935,48.86069],[-3.08417,48.84725],[-3.09751,48.83241],[-3.07162,48.83057],[-3.08489,48.82571],[-3.09878,48.80481],[-3.09899,48.78365],[-3.12343,48.77261],[-3.12348,48.76008],[-3.09765,48.76893],[-3.10418,48.78048],[-3.09499,48.78132],[-3.08819,48.80604],[-3.07277,48.82042],[-3.00899,48.81965],[-3.01681,48.8104],[-3.00493,48.799],[-3.0464,48.78557],[-3.00994,48.78215],[-3.02874,48.77801],[-3.01581,48.76632],[-2.96454,48.7625],[-2.9516,48.77167],[-2.95037,48.76329],[-2.92846,48.75475],[-2.94165,48.74531],[-2.93417,48.73709],[-2.9451,48.72081],[-2.89048,48.69877],[-2.88306,48.67549],[-2.85908,48.67515],[-2.82653,48.65536],[-2.81413,48.61023],[-2.82386,48.59721],[-2.77901,48.58469],[-2.76463,48.56689],[-2.71427,48.55564],[-2.7248,48.54691],[-2.72111,48.53131],[-2.71027,48.53296],[-2.71674,48.52447],[-2.68157,48.4917],[-2.67547,48.50869],[-2.68209,48.53201],[-2.63029,48.52609],[-2.63254,48.5373],[-2.58035,48.56955],[-2.55288,48.59953],[-2.51262,48.60264],[-2.47343,48.62252],[-2.46813,48.63581],[-2.48786,48.64515],[-2.43772,48.65281],[-2.42078,48.64627],[-2.41709,48.63309],[-2.40968,48.63691],[-2.41639,48.64155],[-2.33217,48.67062],[-2.31772,48.68865],[-2.31273,48.67214],[-2.28521,48.66448],[-2.33592,48.62001],[-2.31662,48.6104],[-2.27399,48.64016],[-2.24742,48.64605],[-2.25473,48.63261],[-2.24096,48.62402],[-2.2456,48.61519],[-2.22886,48.61117],[-2.22436,48.59478],[-2.21408,48.59294],[-2.21286,48.57276],[-2.19155,48.59231],[-2.1951,48.60902],[-2.18463,48.60592],[-2.18806,48.58376],[-2.17686,48.57623],[-2.15723,48.58836],[-2.17041,48.59661],[-2.14895,48.61855],[-2.12371,48.60441]]]]}},{"type":"Feature","properties":{"code":"23","nom":"Creuse"},"geometry":{"type":"Polygon","coordinates":[[[2.1155,46.42195],[2.28105,46.42041],[2.28673,46.38285],[2.33139,46.37872],[2.33789,46.36414],[2.32314,46.36738],[2.30275,46.35442],[2.30944,46.34867],[2.30099,46.34223],[2.33588,46.32329],[2.3549,46.32568],[2.36497,46.3107],[2.39186,46.32998],[2.42066,46.31013],[2.41421,46.29691],[2.42277,46.28386],[2.43187,46.29442],[2.47,46.28809],[2.48076,46.28101],[2.47709,46.26936],[2.48916,46.24753],[2.51462,46.23994],[2.52599,46.18769],[2.5598,46.17337],[2.56634,46.14376],[2.54728,46.11297],[2.55039,46.08607],[2.57073,46.0473],[2.60251,46.03346],[2.59359,45.98984],[2.61157,45.97208],[2.56357,45.95559],[2.56991,45.94721],[2.55164,45.94127],[2.5415,45.92153],[2.55501,45.91251],[2.51419,45.88568],[2.50221,45.88849],[2.49223,45.86403],[2.47062,45.87233],[2.44336,45.86661],[2.44951,45.84821],[2.43418,45.84525],[2.43094,45.83382],[2.40367,45.83843],[2.38802,45.82738],[2.42727,45.79464],[2.4445,45.75819],[2.45475,45.76115],[2.49158,45.74221],[2.47031,45.72776],[2.4729,45.7191],[2.43586,45.69928],[2.36358,45.71286],[2.34392,45.70651],[2.34835,45.69262],[2.32094,45.66859],[2.30805,45.67642],[2.26885,45.66336],[2.27107,45.69165],[2.22363,45.69584],[2.21152,45.71283],[2.21084,45.70185],[2.19448,45.69864],[2.20767,45.71562],[2.18299,45.72062],[2.16438,45.73634],[2.15658,45.72164],[2.13362,45.73548],[2.11355,45.72478],[2.097,45.73419],[2.08469,45.72805],[2.0839,45.74603],[2.05206,45.76512],[2.00152,45.74879],[1.99144,45.72081],[1.95658,45.72476],[1.94139,45.71306],[1.94842,45.70593],[1.92237,45.71366],[1.89873,45.69828],[1.87968,45.71237],[1.89247,45.71827],[1.88791,45.72631],[1.87334,45.72531],[1.88641,45.74519],[1.8743,45.75576],[1.90236,45.76739],[1.89194,45.76865],[1.88693,45.79161],[1.84645,45.80994],[1.83653,45.82536],[1.82843,45.80981],[1.79747,45.83148],[1.77648,45.83277],[1.773,45.84553],[1.78149,45.85304],[1.77078,45.86837],[1.75764,45.86773],[1.75584,45.85566],[1.73094,45.8419],[1.69217,45.84474],[1.65992,45.8338],[1.65476,45.84551],[1.6024,45.85747],[1.60499,45.88037],[1.59103,45.88307],[1.61585,45.89214],[1.61876,45.881],[1.61974,45.89937],[1.64124,45.89186],[1.63889,45.90408],[1.62794,45.90333],[1.63414,45.90787],[1.62464,45.91941],[1.63713,45.92597],[1.62566,45.92613],[1.62756,45.93253],[1.57929,45.93135],[1.58083,45.91774],[1.5671,45.91382],[1.50939,45.93284],[1.52076,45.95245],[1.56615,45.96325],[1.57736,45.97772],[1.56767,45.99709],[1.53395,46.00345],[1.53638,46.02629],[1.54847,46.0348],[1.53186,46.0574],[1.54341,46.07691],[1.52657,46.07837],[1.52969,46.0906],[1.5049,46.08815],[1.49847,46.10646],[1.48428,46.1046],[1.49141,46.11963],[1.50739,46.12461],[1.49467,46.13117],[1.49746,46.1428],[1.48484,46.13483],[1.47269,46.14959],[1.45136,46.15266],[1.46515,46.16032],[1.45646,46.17339],[1.46176,46.1778],[1.41658,46.17618],[1.39718,46.18551],[1.3952,46.19927],[1.38458,46.19922],[1.38384,46.21177],[1.37256,46.21603],[1.39663,46.24044],[1.41808,46.24111],[1.42054,46.24882],[1.40437,46.26192],[1.41466,46.27136],[1.43094,46.26758],[1.4314,46.27807],[1.41417,46.28049],[1.42657,46.29892],[1.44479,46.3053],[1.43656,46.31225],[1.44522,46.33441],[1.40954,46.34353],[1.44036,46.35637],[1.4349,46.36467],[1.44643,46.375],[1.46535,46.37478],[1.47766,46.39391],[1.49793,46.395],[1.52191,46.4264],[1.54409,46.4191],[1.54782,46.3933],[1.62001,46.42166],[1.61425,46.39953],[1.6398,46.38508],[1.6836,46.41818],[1.7109,46.39206],[1.72704,46.39021],[1.75055,46.40558],[1.76027,46.42714],[1.74759,46.45002],[1.78652,46.45525],[1.79838,46.45482],[1.8195,46.43004],[1.83978,46.42572],[1.90918,46.4435],[1.92424,46.43195],[1.97875,46.44152],[1.99308,46.43092],[2.0742,46.41984],[2.08894,46.4089],[2.1155,46.42195]]]}},{"type":"Feature","properties":{"code":"24","nom":"Dordogne"},"geometry":{"type":"Polygon","coordinates":[[[0.62974,45.71457],[0.65539,45.68859],[0.70313,45.68718],[0.72516,45.69556],[0.77644,45.66717],[0.75234,45.61666],[0.778,45.59134],[0.80596,45.59536],[0.8115,45.57587],[0.84259,45.58227],[0.86935,45.62353],[0.89793,45.59982],[0.90667,45.60894],[0.91565,45.6041],[0.94677,45.61502],[0.98155,45.60326],[0.99716,45.61527],[1.02325,45.60996],[1.04207,45.58598],[1.03242,45.57957],[1.04543,45.55731],[1.06294,45.55391],[1.08264,45.53214],[1.11956,45.54748],[1.16729,45.52482],[1.13424,45.50531],[1.11844,45.4879],[1.12026,45.47484],[1.13495,45.46964],[1.16193,45.47865],[1.17615,45.47147],[1.17761,45.45714],[1.20982,45.46322],[1.23594,45.45503],[1.23401,45.43994],[1.24328,45.43643],[1.25678,45.44511],[1.2756,45.43369],[1.29166,45.43572],[1.28252,45.43235],[1.28623,45.41557],[1.25913,45.41976],[1.25968,45.39794],[1.27618,45.40341],[1.27993,45.38388],[1.2936,45.39759],[1.32507,45.38012],[1.31579,45.36091],[1.28522,45.35318],[1.26517,45.32304],[1.2358,45.32204],[1.24156,45.30063],[1.2284,45.27222],[1.23938,45.26044],[1.2785,45.25014],[1.26395,45.23097],[1.23361,45.2222],[1.2278,45.20604],[1.23229,45.1977],[1.27232,45.20176],[1.29212,45.18651],[1.25529,45.15864],[1.29381,45.13893],[1.35198,45.14163],[1.35526,45.13244],[1.3852,45.13562],[1.4129,45.12508],[1.41023,45.11288],[1.37751,45.10473],[1.39418,45.09569],[1.39048,45.08838],[1.40691,45.06997],[1.39956,45.06118],[1.4134,45.06093],[1.40751,45.05306],[1.44826,45.01931],[1.40927,45.006],[1.41762,44.98295],[1.41259,44.97238],[1.42164,44.96858],[1.41663,44.96062],[1.4347,44.94452],[1.44235,44.91655],[1.42532,44.91997],[1.41225,44.90979],[1.44253,44.8797],[1.41132,44.87229],[1.40249,44.85008],[1.36595,44.84579],[1.3641,44.81157],[1.29827,44.79619],[1.29331,44.78984],[1.30473,44.78454],[1.29846,44.77424],[1.32282,44.76504],[1.31605,44.74037],[1.30019,44.74428],[1.28778,44.71478],[1.27078,44.72273],[1.22455,44.68427],[1.17847,44.68264],[1.14673,44.6708],[1.15333,44.63774],[1.09459,44.59234],[1.10321,44.57173],[1.07709,44.5736],[1.07298,44.59631],[1.01361,44.6144],[0.98053,44.64385],[0.96796,44.63465],[0.93872,44.6397],[0.901,44.61745],[0.87722,44.61581],[0.86967,44.59767],[0.83391,44.59995],[0.83934,44.61374],[0.817,44.627],[0.83804,44.6353],[0.83506,44.65329],[0.85244,44.66898],[0.82679,44.67344],[0.827,44.69189],[0.79773,44.70177],[0.78756,44.68543],[0.76249,44.6886],[0.76307,44.67857],[0.68369,44.67522],[0.65743,44.67785],[0.65449,44.69671],[0.63087,44.70609],[0.62002,44.6913],[0.58501,44.69901],[0.5673,44.67155],[0.54618,44.66465],[0.51554,44.67857],[0.41517,44.64589],[0.36558,44.66221],[0.35372,44.65443],[0.34891,44.6702],[0.3597,44.69033],[0.34054,44.70305],[0.34804,44.7196],[0.3391,44.7339],[0.27144,44.78537],[0.27489,44.80024],[0.26372,44.82641],[0.28682,44.82302],[0.31507,44.84541],[0.29224,44.86099],[0.23805,44.87195],[0.24175,44.85689],[0.20856,44.84071],[0.1913,44.82011],[0.14717,44.82931],[0.11233,44.81897],[0.09871,44.83297],[0.07181,44.81867],[0.03946,44.82749],[0.03872,44.83872],[0.02106,44.84977],[-0.03421,44.85211],[-0.01101,44.85772],[0.03374,44.91379],[0.00325,44.94744],[0.01366,44.97893],[0.03339,44.98063],[0.03914,45.02431],[0.0733,45.07012],[0.04446,45.11537],[-0.00732,45.11912],[-0.0402,45.10238],[-0.02922,45.1279],[-0.03675,45.14075],[0.00472,45.15374],[-0.01838,45.16169],[-0.01737,45.16986],[0.00221,45.18443],[0.00775,45.20202],[0.03485,45.20875],[0.05343,45.22685],[0.07866,45.22015],[0.09851,45.22732],[0.13076,45.20782],[0.14455,45.21366],[0.14699,45.22491],[0.17233,45.23894],[0.17486,45.26144],[0.20306,45.26236],[0.21979,45.28949],[0.24903,45.28852],[0.26734,45.29848],[0.267,45.33173],[0.24788,45.36927],[0.2749,45.42553],[0.31772,45.43572],[0.30194,45.44595],[0.30267,45.45906],[0.32939,45.44335],[0.33286,45.4594],[0.35888,45.46606],[0.36099,45.47676],[0.37663,45.47604],[0.3817,45.48626],[0.40925,45.49249],[0.43174,45.4856],[0.43213,45.50391],[0.46574,45.53962],[0.48621,45.5383],[0.50649,45.55389],[0.49858,45.56477],[0.51699,45.59887],[0.49965,45.61726],[0.51029,45.63102],[0.52544,45.64432],[0.53576,45.64246],[0.53845,45.62874],[0.56793,45.63555],[0.57545,45.64093],[0.56703,45.65326],[0.60039,45.67173],[0.59147,45.67596],[0.62974,45.71457]]]}},{"type":"Feature","properties":{"code":"25","nom":"Doubs"},"geometry":{"type":"Polygon","coordinates":[[[6.80701,47.5628],[6.81666,47.54792],[6.90173,47.54987],[6.91627,47.53114],[6.90758,47.52586],[6.94965,47.50869],[6.94267,47.48492],[6.93018,47.50041],[6.90796,47.4939],[6.91606,47.47754],[6.90847,47.47281],[6.93259,47.45504],[6.94167,47.4158],[6.93838,47.40602],[6.91446,47.40413],[6.91296,47.38735],[6.8854,47.3746],[6.87927,47.35245],[6.97445,47.35984],[7.01556,47.37279],[7.04825,47.36218],[7.04983,47.34775],[7.06221,47.34416],[7.05675,47.33457],[7.00973,47.32436],[7.01614,47.3136],[6.99706,47.29585],[6.94088,47.28667],[6.95541,47.24329],[6.84117,47.17126],[6.85819,47.16543],[6.85017,47.15662],[6.80571,47.13042],[6.74049,47.10947],[6.74109,47.09106],[6.70279,47.08158],[6.70606,47.07393],[6.69167,47.06651],[6.71861,47.05084],[6.65872,47.02657],[6.64035,47.00276],[6.61733,46.99164],[6.50522,46.96585],[6.49669,46.97418],[6.43267,46.9286],[6.46458,46.89021],[6.46006,46.85168],[6.431,46.81241],[6.45857,46.7885],[6.43949,46.76261],[6.39507,46.74825],[6.38964,46.73524],[6.35229,46.7148],[6.28197,46.69063],[6.17857,46.61548],[6.1261,46.58945],[6.11075,46.57631],[6.13811,46.55766],[6.13143,46.55374],[6.04857,46.60772],[6.06463,46.6131],[6.05917,46.62611],[6.10552,46.65048],[6.06983,46.68952],[6.18124,46.74217],[6.18372,46.75501],[6.20525,46.76924],[6.15179,46.82067],[6.10556,46.8453],[6.08671,46.84321],[6.06504,46.86018],[6.04709,46.84563],[6.0227,46.85259],[6.03272,46.8709],[6.00578,46.87305],[6.0122,46.8903],[5.98134,46.90791],[5.99722,46.93349],[5.95654,46.9485],[5.97979,46.96348],[5.97569,46.97585],[5.94396,46.97986],[5.94954,46.99005],[5.92034,46.98052],[5.91304,46.98944],[5.9214,47.01422],[5.89713,46.99575],[5.87649,47.00589],[5.84694,47.0031],[5.83945,47.01534],[5.81373,47.01743],[5.81791,47.04058],[5.81014,47.04681],[5.79714,47.04234],[5.79916,47.03075],[5.78765,47.02061],[5.76316,47.01139],[5.74441,47.02176],[5.74091,47.03105],[5.75328,47.0392],[5.73683,47.05498],[5.76339,47.04484],[5.78472,47.05491],[5.77103,47.0944],[5.78727,47.09562],[5.82807,47.14117],[5.81367,47.14998],[5.80958,47.17037],[5.7851,47.17057],[5.78075,47.19298],[5.76159,47.19335],[5.75403,47.2062],[5.73767,47.20128],[5.69873,47.265],[5.7444,47.26456],[5.78615,47.29146],[5.84402,47.30003],[5.88095,47.321],[5.89772,47.31045],[5.90292,47.33392],[5.93152,47.32877],[5.9267,47.34476],[5.9608,47.34063],[5.97957,47.32599],[5.9931,47.32872],[5.99821,47.34049],[6.01832,47.33139],[6.05209,47.35219],[6.07494,47.35123],[6.08629,47.37311],[6.11296,47.36134],[6.1197,47.36846],[6.10438,47.3844],[6.12063,47.39562],[6.13558,47.38676],[6.16811,47.3883],[6.16164,47.39239],[6.19045,47.40216],[6.17111,47.40873],[6.1758,47.41681],[6.19284,47.41309],[6.20353,47.43044],[6.24157,47.41074],[6.2334,47.42975],[6.25583,47.4244],[6.26449,47.44725],[6.28717,47.44616],[6.28643,47.46051],[6.30202,47.4698],[6.30251,47.49153],[6.31946,47.48554],[6.33572,47.5065],[6.36808,47.51349],[6.39004,47.50593],[6.39344,47.51661],[6.41129,47.52229],[6.46349,47.51212],[6.47106,47.48717],[6.49881,47.51067],[6.51579,47.49659],[6.53454,47.50605],[6.55597,47.49041],[6.58364,47.50999],[6.5814,47.52929],[6.56766,47.53133],[6.58137,47.54398],[6.62459,47.52892],[6.64937,47.53693],[6.67018,47.5579],[6.65199,47.57241],[6.66006,47.5799],[6.65828,47.57195],[6.68887,47.57081],[6.68856,47.56063],[6.73971,47.557],[6.77299,47.53501],[6.80701,47.5628]]]}},{"type":"Feature","properties":{"code":"26","nom":"Drôme"},"geometry":{"type":"Polygon","coordinates":[[[4.80049,45.29836],[4.8588,45.30895],[4.85862,45.29852],[4.87971,45.29693],[4.92939,45.32423],[4.99512,45.34405],[5.00965,45.34223],[5.02269,45.31776],[5.05432,45.31905],[5.07541,45.28182],[5.13669,45.29797],[5.12089,45.24763],[5.14153,45.24357],[5.15823,45.25555],[5.15669,45.24739],[5.17654,45.2484],[5.20171,45.2174],[5.16742,45.21013],[5.16428,45.1976],[5.18981,45.16943],[5.1918,45.15507],[5.18132,45.14781],[5.19056,45.14067],[5.18744,45.12083],[5.15414,45.07929],[5.13785,45.08148],[5.13516,45.0742],[5.14856,45.0769],[5.16246,45.06575],[5.17938,45.08331],[5.20821,45.08422],[5.26767,45.05473],[5.29278,45.06386],[5.32022,45.05164],[5.34033,45.06206],[5.34595,45.048],[5.38583,45.03463],[5.39653,45.03954],[5.38306,45.05591],[5.39657,45.04409],[5.41265,45.04463],[5.43524,45.05412],[5.46098,45.08643],[5.48296,45.08381],[5.4942,45.07166],[5.47486,45.07035],[5.46485,45.04594],[5.49359,44.99613],[5.47767,44.96675],[5.48365,44.92229],[5.46379,44.82597],[5.48477,44.82306],[5.47613,44.80698],[5.45851,44.80045],[5.46189,44.79492],[5.55453,44.76747],[5.54414,44.78893],[5.54977,44.79453],[5.58205,44.77786],[5.5868,44.76323],[5.62631,44.75329],[5.65226,44.72265],[5.69878,44.72207],[5.70406,44.7293],[5.75607,44.69594],[5.80147,44.70678],[5.82712,44.70029],[5.82969,44.68868],[5.79942,44.67415],[5.79062,44.65329],[5.75394,44.66271],[5.74748,44.65471],[5.75356,44.64858],[5.73679,44.64975],[5.73865,44.64064],[5.72804,44.6392],[5.67996,44.65223],[5.64172,44.65107],[5.64719,44.61156],[5.63533,44.60915],[5.59725,44.54327],[5.62737,44.53458],[5.6645,44.50189],[5.62979,44.50119],[5.61813,44.47481],[5.60338,44.46542],[5.45841,44.49939],[5.46773,44.47333],[5.459,44.46903],[5.46443,44.44789],[5.49772,44.43815],[5.49362,44.42822],[5.47649,44.41972],[5.43672,44.4337],[5.4184,44.42477],[5.44303,44.39124],[5.44415,44.37945],[5.43191,44.37099],[5.46255,44.36738],[5.46786,44.35216],[5.49129,44.33786],[5.52137,44.35108],[5.54727,44.33],[5.63082,44.33299],[5.6079,44.30667],[5.63821,44.299],[5.643,44.29381],[5.63211,44.2839],[5.64678,44.26709],[5.67561,44.27589],[5.68657,44.26692],[5.67299,44.24619],[5.68241,44.2343],[5.67602,44.21215],[5.68642,44.19464],[5.65159,44.18958],[5.64327,44.17072],[5.68236,44.16363],[5.67794,44.14638],[5.63114,44.15058],[5.63959,44.16759],[5.60205,44.19149],[5.57462,44.18683],[5.56437,44.1709],[5.58298,44.15762],[5.56951,44.1481],[5.55133,44.14979],[5.5414,44.13263],[5.50261,44.11565],[5.45472,44.11923],[5.43576,44.15225],[5.38324,44.15528],[5.38453,44.20118],[5.35535,44.21456],[5.33683,44.20353],[5.3033,44.20539],[5.2523,44.23121],[5.24045,44.23083],[5.23082,44.21193],[5.1549,44.23094],[5.14947,44.2353],[5.16155,44.24559],[5.16073,44.26655],[5.14707,44.27557],[5.16811,44.28992],[5.16775,44.31483],[5.10797,44.27725],[5.07651,44.28409],[5.06056,44.30814],[4.93291,44.26215],[4.87905,44.26148],[4.82665,44.22833],[4.8141,44.23231],[4.80456,44.3039],[4.77967,44.31937],[4.71795,44.32689],[4.67903,44.32049],[4.65062,44.32981],[4.64895,44.37246],[4.66395,44.39647],[4.66738,44.43066],[4.69365,44.4435],[4.70038,44.45991],[4.6882,44.5055],[4.70741,44.5339],[4.69364,44.54223],[4.69277,44.55854],[4.70476,44.56188],[4.71027,44.58155],[4.74151,44.58927],[4.7404,44.60239],[4.77907,44.6547],[4.78111,44.68283],[4.759,44.74799],[4.7693,44.7602],[4.76094,44.77171],[4.79567,44.79377],[4.79985,44.81296],[4.82251,44.81709],[4.82016,44.83623],[4.84438,44.84601],[4.86094,44.8737],[4.85586,44.90136],[4.88659,44.93665],[4.83621,45.00788],[4.84557,45.0201],[4.84034,45.03578],[4.86075,45.05543],[4.82987,45.07185],[4.82996,45.09731],[4.80323,45.12502],[4.8291,45.15669],[4.80928,45.16883],[4.80481,45.19403],[4.81257,45.20431],[4.80134,45.24289],[4.80946,45.28985],[4.80049,45.29836]],[[4.90896,44.37734],[4.86953,44.34508],[4.89533,44.33806],[4.88163,44.32487],[4.89166,44.30425],[4.92215,44.30878],[4.98702,44.29271],[4.99657,44.31974],[5.01378,44.32579],[5.00901,44.33377],[5.02329,44.34595],[5.02389,44.36056],[5.05504,44.36502],[5.07206,44.38041],[5.01558,44.39304],[5.01876,44.41598],[5.00106,44.4126],[4.97044,44.43137],[4.96047,44.42005],[4.91852,44.40779],[4.90896,44.37734]]]}},{"type":"Feature","properties":{"code":"27","nom":"Eure"},"geometry":{"type":"Polygon","coordinates":[[[0.29722,49.42986],[0.41448,49.45373],[0.50252,49.48511],[0.58817,49.43121],[0.61163,49.42922],[0.64254,49.44425],[0.62951,49.42229],[0.64502,49.42608],[0.63976,49.4192],[0.65221,49.42182],[0.65978,49.41618],[0.64948,49.40919],[0.6644,49.40167],[0.73829,49.40807],[0.76487,49.41958],[0.80497,49.41158],[0.80284,49.42732],[0.82105,49.39704],[0.87846,49.39625],[0.87387,49.39093],[0.88574,49.38797],[0.87934,49.3735],[0.91812,49.38546],[0.92134,49.3524],[0.93055,49.34343],[0.86012,49.34632],[0.84509,49.32419],[0.89829,49.31668],[0.89256,49.30315],[0.90175,49.29788],[0.94022,49.32286],[0.94986,49.29692],[0.96343,49.29453],[0.95774,49.28934],[0.96553,49.28638],[0.94922,49.27921],[0.95577,49.27137],[0.97331,49.27988],[0.98512,49.26089],[1.00687,49.26487],[0.99201,49.258],[1.00554,49.25079],[1.04945,49.26343],[1.06269,49.25895],[1.05201,49.27313],[1.06876,49.27627],[1.04815,49.29788],[1.08069,49.30878],[1.13399,49.30984],[1.13467,49.32464],[1.16012,49.34182],[1.20312,49.33654],[1.19946,49.35114],[1.20957,49.35239],[1.27214,49.34629],[1.28992,49.37571],[1.28548,49.38818],[1.30807,49.39536],[1.30963,49.42873],[1.33674,49.42769],[1.33749,49.43887],[1.35075,49.43817],[1.34122,49.44264],[1.34523,49.44806],[1.38743,49.46304],[1.38406,49.44853],[1.40032,49.4568],[1.47719,49.45133],[1.50417,49.43804],[1.52962,49.4423],[1.53719,49.43008],[1.54714,49.4409],[1.5762,49.44005],[1.60445,49.41172],[1.6282,49.4151],[1.65625,49.39946],[1.68062,49.40607],[1.69428,49.39486],[1.70455,49.41071],[1.73759,49.40706],[1.72047,49.39398],[1.76096,49.36621],[1.75818,49.35622],[1.77424,49.33715],[1.76748,49.32048],[1.77249,49.29109],[1.79754,49.28845],[1.79323,49.27433],[1.80268,49.27195],[1.79055,49.24657],[1.7669,49.25204],[1.75869,49.27236],[1.70917,49.26446],[1.69874,49.24673],[1.70407,49.22932],[1.67223,49.2062],[1.6702,49.16946],[1.65306,49.14463],[1.65768,49.13188],[1.61858,49.09698],[1.62332,49.08608],[1.52135,49.06835],[1.51593,49.08086],[1.50792,49.08539],[1.51431,49.07937],[1.5033,49.0591],[1.48029,49.05201],[1.46173,49.06414],[1.44728,49.05351],[1.45776,49.02629],[1.48003,49.00753],[1.46093,48.98644],[1.47089,48.97482],[1.5079,48.98376],[1.51839,48.97835],[1.4919,48.96441],[1.511,48.95357],[1.49869,48.93882],[1.46131,48.93756],[1.44796,48.92464],[1.46143,48.8996],[1.47128,48.89783],[1.46062,48.8723],[1.40432,48.86057],[1.36138,48.83364],[1.35635,48.81601],[1.37696,48.79177],[1.37479,48.78118],[1.35347,48.7792],[1.32753,48.7604],[1.29694,48.76823],[1.26049,48.75779],[1.24623,48.76959],[1.22261,48.76729],[1.23276,48.76336],[1.22305,48.75798],[1.18636,48.77301],[1.16298,48.76931],[1.14883,48.7774],[1.15116,48.78582],[1.1214,48.78919],[1.12533,48.7673],[1.11454,48.74712],[1.08654,48.75724],[1.06968,48.74879],[1.06444,48.75939],[1.0339,48.73935],[1.03403,48.72846],[0.97829,48.73096],[0.9212,48.70918],[0.89961,48.71053],[0.89057,48.7204],[0.87257,48.71323],[0.86387,48.68762],[0.78085,48.66646],[0.76148,48.68009],[0.76605,48.6968],[0.72876,48.70685],[0.77496,48.73753],[0.74948,48.76065],[0.75843,48.76797],[0.60787,48.83249],[0.63621,48.85428],[0.60939,48.85333],[0.6024,48.86249],[0.61503,48.87765],[0.58963,48.87259],[0.58659,48.8814],[0.59564,48.88803],[0.57804,48.89365],[0.55145,48.87443],[0.46315,48.8885],[0.45094,48.87993],[0.44285,48.88294],[0.45004,48.89102],[0.42109,48.88676],[0.42157,48.89865],[0.38619,48.91041],[0.39148,48.92818],[0.43116,48.96722],[0.42479,48.98514],[0.44605,49.019],[0.42776,49.03229],[0.38547,49.03607],[0.37886,49.05102],[0.3671,49.0524],[0.39102,49.07786],[0.41728,49.07335],[0.41622,49.08823],[0.39737,49.09056],[0.41529,49.09621],[0.40039,49.09708],[0.40157,49.11114],[0.40827,49.12858],[0.43324,49.14068],[0.3859,49.15379],[0.39473,49.20844],[0.38879,49.21622],[0.36655,49.21588],[0.32074,49.2482],[0.38279,49.26402],[0.38391,49.28554],[0.36227,49.29708],[0.34253,49.29562],[0.32627,49.27793],[0.309,49.28322],[0.32302,49.29699],[0.31602,49.31131],[0.29815,49.31441],[0.32599,49.34037],[0.30179,49.37115],[0.30895,49.38936],[0.29675,49.40983],[0.29722,49.42986]]]}},{"type":"Feature","properties":{"code":"28","nom":"Eure-et-Loir"},"geometry":{"type":"Polygon","coordinates":[[[0.80969,48.66244],[0.86387,48.68762],[0.87257,48.71323],[0.89057,48.7204],[0.89961,48.71053],[0.9212,48.70918],[0.97829,48.73096],[1.03403,48.72846],[1.0339,48.73935],[1.06444,48.75939],[1.06968,48.74879],[1.08654,48.75724],[1.11454,48.74712],[1.12533,48.7673],[1.1214,48.78919],[1.15116,48.78582],[1.14883,48.7774],[1.16298,48.76931],[1.18636,48.77301],[1.22305,48.75798],[1.23276,48.76336],[1.22261,48.76729],[1.24623,48.76959],[1.26049,48.75779],[1.29694,48.76823],[1.32981,48.76096],[1.35347,48.7792],[1.37479,48.78118],[1.37696,48.79177],[1.35635,48.81601],[1.36138,48.83364],[1.40432,48.86057],[1.46536,48.8776],[1.47128,48.89783],[1.46143,48.8996],[1.44796,48.92464],[1.46131,48.93756],[1.50249,48.94065],[1.51419,48.92195],[1.5384,48.92251],[1.54525,48.91299],[1.53917,48.90489],[1.56374,48.89063],[1.54721,48.87114],[1.58404,48.86051],[1.57727,48.84436],[1.59785,48.83906],[1.57898,48.82944],[1.5912,48.81487],[1.57725,48.8052],[1.57663,48.78302],[1.58759,48.7736],[1.58146,48.76552],[1.62654,48.74805],[1.59171,48.70772],[1.57685,48.70258],[1.61177,48.68947],[1.60312,48.66242],[1.62122,48.64958],[1.6432,48.65129],[1.63832,48.6451],[1.66622,48.61371],[1.71466,48.61468],[1.71877,48.60574],[1.70199,48.585],[1.70925,48.57802],[1.7574,48.57496],[1.76796,48.55896],[1.78725,48.55374],[1.77684,48.50931],[1.78905,48.50016],[1.78564,48.49008],[1.80145,48.46604],[1.83659,48.46709],[1.84492,48.4461],[1.87169,48.43978],[1.90426,48.43861],[1.92945,48.45696],[1.93296,48.44204],[1.94289,48.44109],[1.92837,48.40605],[1.97824,48.402],[1.96672,48.38042],[1.98031,48.37826],[1.97801,48.36886],[1.98903,48.36358],[1.97331,48.35581],[1.9687,48.34131],[1.98065,48.31877],[1.9588,48.30664],[1.9652,48.29516],[1.98237,48.29545],[1.97272,48.28822],[1.99465,48.28286],[1.96232,48.24687],[1.9626,48.2226],[1.9796,48.2039],[1.97083,48.18999],[1.96245,48.19445],[1.96656,48.20215],[1.95112,48.19505],[1.97262,48.1747],[1.91427,48.16746],[1.90334,48.15281],[1.9204,48.14639],[1.91262,48.12913],[1.90192,48.13111],[1.88439,48.09766],[1.8649,48.09519],[1.86567,48.08386],[1.84455,48.08903],[1.82976,48.07903],[1.80153,48.08943],[1.79798,48.07687],[1.74501,48.06388],[1.68893,48.07796],[1.67048,48.06237],[1.66024,48.07629],[1.62409,48.07001],[1.61935,48.04309],[1.59717,48.04317],[1.59412,48.0307],[1.54531,48.04459],[1.53903,48.03857],[1.55081,48.03523],[1.54707,48.02958],[1.52253,48.03463],[1.51255,48.02813],[1.52667,48.00727],[1.51706,47.99697],[1.5255,47.9928],[1.52012,47.98228],[1.43966,48.01195],[1.43261,48.00853],[1.43724,47.9765],[1.40688,47.9701],[1.38695,47.98128],[1.37002,47.95375],[1.34591,47.96506],[1.3437,47.95753],[1.30863,47.95385],[1.29958,47.96816],[1.26502,47.96182],[1.24678,47.9796],[1.19607,47.96805],[1.20263,47.97738],[1.1913,47.98406],[1.18714,48.00242],[1.159,48.0177],[1.16663,48.02739],[1.12271,48.03598],[1.10627,48.06014],[1.11223,48.08073],[1.07047,48.07563],[1.0637,48.08649],[1.00855,48.08313],[0.99223,48.09181],[1.00349,48.10537],[1.04603,48.11764],[1.04057,48.13187],[0.99555,48.12727],[0.94663,48.09756],[0.94403,48.11237],[0.91017,48.1032],[0.87589,48.10944],[0.84122,48.10306],[0.85537,48.12262],[0.85037,48.13308],[0.91665,48.13894],[0.88775,48.16152],[0.83951,48.16567],[0.79562,48.18804],[0.80879,48.19761],[0.80562,48.20535],[0.83048,48.21071],[0.78588,48.27114],[0.80707,48.28973],[0.77835,48.30327],[0.75567,48.29982],[0.78543,48.34043],[0.85901,48.34978],[0.91633,48.37451],[0.95,48.39941],[0.9445,48.41729],[0.97649,48.44111],[0.95591,48.44441],[0.93571,48.47555],[0.95629,48.48228],[0.9554,48.49265],[0.94155,48.49869],[0.96774,48.52388],[0.9251,48.53564],[0.93876,48.55056],[0.92571,48.55965],[0.85064,48.58263],[0.84705,48.60952],[0.81964,48.60987],[0.82996,48.63227],[0.80969,48.66244]]]}},{"type":"Feature","properties":{"code":"29","nom":"Finistère"},"geometry":{"type":"MultiPolygon","coordinates":[[[[-3.99752,47.72393],[-4.00391,47.72264],[-3.9976,47.72519],[-3.99752,47.72393]]],[[[-3.99181,48.7364],[-4.01163,48.74409],[-4.02252,48.73856],[-4.04017,48.74637],[-4.00593,48.75285],[-3.98961,48.74532],[-3.99181,48.7364]]],[[[-3.957,47.71206],[-3.95809,47.71958],[-3.95137,47.72157],[-3.95084,47.72051],[-3.957,47.71206]]],[[[-4.00841,47.71603],[-4.01192,47.71909],[-4.00718,47.71696],[-4.00841,47.71603]]],[[[-4.02164,47.77504],[-4.02715,47.77799],[-4.02052,47.77678],[-4.02164,47.77504]]],[[[-4.85061,48.04016],[-4.84879,48.03178],[-4.85783,48.03931],[-4.87085,48.04041],[-4.85061,48.04016]]],[[[-3.99078,47.70283],[-4.00214,47.70776],[-3.99873,47.71006],[-3.99078,47.70283]]],[[[-3.7995,47.78458],[-3.80053,47.78304],[-3.803,47.78417],[-3.7995,47.78458]]],[[[-5.01018,48.42662],[-5.01406,48.42578],[-5.01161,48.43082],[-5.01018,48.42662]]],[[[-4.63491,48.60147],[-4.63738,48.60015],[-4.63672,48.60227],[-4.63491,48.60147]]],[[[-4.06418,48.70662],[-4.07164,48.70471],[-4.07279,48.70574],[-4.06418,48.70662]]],[[[-4.17813,47.85103],[-4.18815,47.85886],[-4.1935,47.8642],[-4.18202,47.86733],[-4.17813,47.85103]]],[[[-4.17666,47.84398],[-4.18385,47.84462],[-4.18327,47.84709],[-4.17666,47.84398]]],[[[-4.18371,47.85067],[-4.18532,47.84905],[-4.18667,47.85019],[-4.18371,47.85067]]],[[[-4.33544,48.10164],[-4.3385,48.1007],[-4.3392,48.10301],[-4.33544,48.10164]]],[[[-4.53505,48.30291],[-4.53894,48.30262],[-4.53617,48.30419],[-4.53505,48.30291]]],[[[-4.52867,48.30524],[-4.53194,48.30445],[-4.52972,48.30644],[-4.52867,48.30524]]],[[[-4.9592,48.38941],[-4.96734,48.39788],[-4.96281,48.40169],[-4.95344,48.39607],[-4.9592,48.38941]]],[[[-4.98397,48.41926],[-4.98127,48.41703],[-4.98546,48.41689],[-4.98397,48.41926]]],[[[-4.78746,48.43734],[-4.79013,48.43798],[-4.7887,48.43889],[-4.78746,48.43734]]],[[[-4.61628,48.58497],[-4.61951,48.58531],[-4.61625,48.58677],[-4.61628,48.58497]]],[[[-4.86234,48.3413],[-4.85773,48.35072],[-4.84159,48.35491],[-4.85411,48.3487],[-4.86234,48.3413]]],[[[-4.89796,48.37588],[-4.90577,48.3723],[-4.91118,48.3744],[-4.89796,48.37588]]],[[[-4.94482,48.36993],[-4.93523,48.37534],[-4.93326,48.37478],[-4.93704,48.37142],[-4.94482,48.36993]]],[[[-4.94689,48.40136],[-4.95258,48.40083],[-4.94747,48.40259],[-4.94689,48.40136]]],[[[-4.89731,48.3803],[-4.89982,48.38023],[-4.90021,48.38301],[-4.89731,48.3803]]],[[[-3.91929,48.68424],[-3.92897,48.69192],[-3.92601,48.69917],[-3.91929,48.68424]]],[[[-4.56926,48.60762],[-4.57288,48.60622],[-4.5742,48.60799],[-4.56926,48.60762]]],[[[-4.55168,48.62927],[-4.55826,48.6291],[-4.55776,48.63081],[-4.55168,48.62927]]],[[[-4.56665,48.63844],[-4.57067,48.63797],[-4.56969,48.64019],[-4.56665,48.63844]]],[[[-4.59299,48.6255],[-4.59464,48.62327],[-4.59474,48.62543],[-4.59299,48.6255]]],[[[-4.403,48.63934],[-4.40598,48.6393],[-4.40351,48.64049],[-4.403,48.63934]]],[[[-4.2784,48.28482],[-4.28104,48.28232],[-4.28201,48.28357],[-4.2784,48.28482]]],[[[-3.63926,48.67334],[-3.66562,48.6508],[-3.65428,48.61697],[-3.63843,48.61023],[-3.6406,48.59605],[-3.58864,48.58272],[-3.58424,48.57429],[-3.59873,48.5572],[-3.57147,48.55832],[-3.54106,48.53712],[-3.60454,48.49579],[-3.60755,48.47727],[-3.60002,48.47853],[-3.59315,48.46392],[-3.5505,48.44783],[-3.60054,48.42162],[-3.60768,48.38832],[-3.5543,48.37886],[-3.56324,48.34786],[-3.55539,48.34498],[-3.55094,48.31513],[-3.51853,48.31886],[-3.555,48.29372],[-3.51868,48.28091],[-3.52688,48.25325],[-3.55607,48.24202],[-3.55778,48.22853],[-3.53966,48.20653],[-3.52118,48.20223],[-3.51942,48.18947],[-3.56667,48.19003],[-3.71551,48.14222],[-3.7085,48.13578],[-3.73445,48.11261],[-3.73319,48.0965],[-3.69502,48.09349],[-3.70432,48.08662],[-3.69878,48.06873],[-3.70871,48.06681],[-3.67354,48.05812],[-3.6711,48.03733],[-3.64023,47.98524],[-3.58415,47.98458],[-3.55869,47.99416],[-3.53108,47.98866],[-3.51974,47.97615],[-3.49154,47.9749],[-3.4814,47.95187],[-3.46757,47.94575],[-3.46136,47.9595],[-3.4447,47.95865],[-3.41486,47.97501],[-3.39305,47.95845],[-3.40173,47.94314],[-3.38682,47.92643],[-3.40882,47.91592],[-3.40606,47.90587],[-3.41924,47.90558],[-3.40539,47.90221],[-3.39905,47.86361],[-3.44831,47.8632],[-3.45766,47.83663],[-3.47521,47.83549],[-3.48464,47.82442],[-3.51172,47.83199],[-3.51951,47.84901],[-3.54208,47.86284],[-3.52759,47.84401],[-3.5419,47.82146],[-3.52125,47.79887],[-3.53863,47.76264],[-3.60818,47.77024],[-3.60371,47.77678],[-3.61733,47.76951],[-3.64607,47.77466],[-3.64403,47.78853],[-3.65235,47.77925],[-3.68084,47.77679],[-3.72262,47.80335],[-3.70789,47.81323],[-3.70068,47.80814],[-3.69697,47.81902],[-3.64975,47.82079],[-3.64117,47.8284],[-3.69059,47.82018],[-3.69552,47.83106],[-3.70446,47.81481],[-3.73268,47.80346],[-3.7418,47.81237],[-3.74561,47.83508],[-3.74899,47.84514],[-3.75183,47.84716],[-3.7579,47.83579],[-3.74587,47.82627],[-3.75177,47.8146],[-3.74124,47.80924],[-3.74196,47.79748],[-3.80043,47.78737],[-3.83873,47.79775],[-3.85605,47.78961],[-3.85458,47.80399],[-3.90245,47.83572],[-3.88063,47.85916],[-3.90921,47.85033],[-3.91937,47.85637],[-3.90593,47.85605],[-3.90084,47.86237],[-3.93052,47.87075],[-3.94997,47.89045],[-3.94745,47.90024],[-3.97322,47.8947],[-3.97729,47.90968],[-3.98067,47.89474],[-3.99228,47.89588],[-3.98047,47.88921],[-3.99003,47.88274],[-3.97711,47.8538],[-4.03981,47.84465],[-4.0883,47.86206],[-4.04696,47.85166],[-4.07368,47.86467],[-4.07895,47.87661],[-4.08505,47.87329],[-4.07836,47.86573],[-4.09936,47.8625],[-4.11751,47.87665],[-4.11106,47.88413],[-4.12523,47.89147],[-4.11833,47.89316],[-4.14061,47.89977],[-4.14474,47.90934],[-4.13871,47.92587],[-4.13127,47.92543],[-4.13026,47.93026],[-4.11633,47.93058],[-4.10979,47.93636],[-4.10942,47.94211],[-4.10395,47.9397],[-4.09932,47.94303],[-4.09571,47.93827],[-4.07899,47.93652],[-4.07775,47.93736],[-4.09488,47.94129],[-4.08364,47.95151],[-4.10949,47.94269],[-4.09522,47.96717],[-4.11717,47.9835],[-4.11698,47.97544],[-4.101,47.97054],[-4.12213,47.95318],[-4.11261,47.95235],[-4.1108,47.93644],[-4.13061,47.93151],[-4.13332,47.92567],[-4.14078,47.92634],[-4.15092,47.91058],[-4.14561,47.89738],[-4.16565,47.8955],[-4.17633,47.90713],[-4.17117,47.89464],[-4.13041,47.88997],[-4.11331,47.86204],[-4.14069,47.85948],[-4.16981,47.83949],[-4.16513,47.85236],[-4.17883,47.87897],[-4.19565,47.87613],[-4.19784,47.85864],[-4.20676,47.86622],[-4.21142,47.86762],[-4.21565,47.86603],[-4.18937,47.8514],[-4.18319,47.83612],[-4.15884,47.83154],[-4.17641,47.80505],[-4.19538,47.7965],[-4.2168,47.81208],[-4.21024,47.79644],[-4.21921,47.7921],[-4.27716,47.79125],[-4.27192,47.80071],[-4.28577,47.79207],[-4.30652,47.80104],[-4.36807,47.79625],[-4.38063,47.82017],[-4.3521,47.82881],[-4.34604,47.84021],[-4.36245,47.88954],[-4.38802,47.92665],[-4.4509,47.98105],[-4.53671,48.01164],[-4.53113,48.0349],[-4.48818,48.03845],[-4.53971,48.03828],[-4.53547,48.01713],[-4.56475,47.99983],[-4.62263,48.01794],[-4.63296,48.02937],[-4.65486,48.02197],[-4.74044,48.03943],[-4.70686,48.04503],[-4.7143,48.06435],[-4.67185,48.06018],[-4.66523,48.07263],[-4.62173,48.06854],[-4.58124,48.08227],[-4.55163,48.07634],[-4.53644,48.08992],[-4.48933,48.08623],[-4.46591,48.09937],[-4.3719,48.11016],[-4.34097,48.10052],[-4.33347,48.08457],[-4.3353,48.09732],[-4.30439,48.08943],[-4.28664,48.10297],[-4.28535,48.12638],[-4.26898,48.13343],[-4.27308,48.15418],[-4.29538,48.1583],[-4.29118,48.17573],[-4.31612,48.20382],[-4.36907,48.20505],[-4.37816,48.2186],[-4.4256,48.22932],[-4.43928,48.22447],[-4.43233,48.22979],[-4.46391,48.23938],[-4.48903,48.23621],[-4.50165,48.23042],[-4.49514,48.21938],[-4.51118,48.21082],[-4.518,48.19228],[-4.54017,48.18069],[-4.53963,48.17043],[-4.55757,48.16983],[-4.55205,48.20839],[-4.56132,48.23018],[-4.57156,48.23147],[-4.5452,48.24033],[-4.54329,48.24908],[-4.55818,48.25904],[-4.58249,48.25051],[-4.61275,48.26197],[-4.62331,48.25323],[-4.6151,48.27248],[-4.62944,48.2808],[-4.60153,48.287],[-4.58783,48.27497],[-4.56992,48.28194],[-4.57038,48.3039],[-4.5826,48.31941],[-4.55541,48.33827],[-4.53244,48.34158],[-4.54782,48.30966],[-4.55959,48.30565],[-4.53577,48.28394],[-4.4993,48.31117],[-4.51791,48.29532],[-4.5026,48.28086],[-4.46116,48.29439],[-4.41911,48.29313],[-4.4099,48.27603],[-4.38543,48.27514],[-4.30713,48.29753],[-4.27236,48.29601],[-4.26565,48.28459],[-4.28252,48.28891],[-4.28902,48.27425],[-4.25573,48.26358],[-4.26619,48.25733],[-4.2439,48.24966],[-4.2177,48.25818],[-4.21487,48.24841],[-4.2087,48.24197],[-4.16102,48.24486],[-4.13541,48.23622],[-4.11357,48.24456],[-4.11685,48.21828],[-4.10878,48.24574],[-4.09693,48.255],[-4.13485,48.24144],[-4.15279,48.2475],[-4.20434,48.24903],[-4.21672,48.261],[-4.23841,48.25367],[-4.28014,48.27863],[-4.18834,48.29689],[-4.23859,48.29952],[-4.24094,48.30751],[-4.22671,48.31357],[-4.2451,48.30894],[-4.24739,48.29901],[-4.25603,48.30965],[-4.2819,48.31247],[-4.24916,48.32684],[-4.29319,48.31136],[-4.33587,48.31574],[-4.30273,48.33074],[-4.31548,48.33599],[-4.278,48.34488],[-4.29251,48.35021],[-4.26452,48.35818],[-4.30217,48.35564],[-4.29967,48.34487],[-4.33004,48.33865],[-4.31848,48.36218],[-4.35546,48.34332],[-4.34655,48.35473],[-4.36648,48.3448],[-4.37818,48.3255],[-4.41524,48.32423],[-4.39721,48.3422],[-4.45739,48.32707],[-4.43955,48.34128],[-4.44548,48.3495],[-4.43719,48.35984],[-4.40753,48.38054],[-4.31029,48.41736],[-4.27914,48.43562],[-4.27009,48.44504],[-4.31415,48.41984],[-4.40169,48.3896],[-4.43068,48.39744],[-4.43727,48.3825],[-4.48385,48.38263],[-4.53329,48.35778],[-4.5524,48.36221],[-4.60872,48.33789],[-4.68056,48.35561],[-4.70034,48.35027],[-4.69784,48.33868],[-4.71114,48.33076],[-4.77366,48.33031],[-4.77013,48.34752],[-4.78072,48.35859],[-4.75064,48.36012],[-4.74608,48.36565],[-4.7864,48.3613],[-4.7693,48.36501],[-4.76069,48.37817],[-4.77574,48.38979],[-4.77368,48.40542],[-4.79542,48.41466],[-4.76457,48.46687],[-4.71963,48.4756],[-4.75929,48.47036],[-4.77579,48.48893],[-4.77791,48.50473],[-4.76645,48.5111],[-4.77741,48.51646],[-4.75787,48.52108],[-4.7644,48.53101],[-4.75815,48.53447],[-4.74798,48.52798],[-4.75296,48.54392],[-4.72272,48.55946],[-4.70394,48.55132],[-4.70441,48.57003],[-4.62782,48.57892],[-4.59663,48.57158],[-4.59067,48.55452],[-4.55698,48.55982],[-4.50535,48.5459],[-4.52623,48.55831],[-4.58646,48.56249],[-4.59313,48.57424],[-4.61227,48.57825],[-4.6032,48.58395],[-4.60445,48.60321],[-4.58568,48.60192],[-4.59531,48.59329],[-4.52693,48.59417],[-4.52142,48.58461],[-4.50213,48.58682],[-4.49106,48.57515],[-4.47988,48.57194],[-4.49934,48.58987],[-4.56045,48.604],[-4.55387,48.61108],[-4.56828,48.60907],[-4.56618,48.62473],[-4.54166,48.62433],[-4.54851,48.6334],[-4.54179,48.63701],[-4.53019,48.62895],[-4.51384,48.63441],[-4.5013,48.62094],[-4.46522,48.6261],[-4.44087,48.64133],[-4.39881,48.63602],[-4.39791,48.63806],[-4.40463,48.64128],[-4.43252,48.64751],[-4.43656,48.65472],[-4.37916,48.66008],[-4.34507,48.67721],[-4.2964,48.66445],[-4.29994,48.65251],[-4.31811,48.64635],[-4.30816,48.64372],[-4.31615,48.63775],[-4.29694,48.63264],[-4.30081,48.64023],[-4.27446,48.64953],[-4.196,48.65222],[-4.22211,48.65857],[-4.18639,48.68649],[-4.12932,48.69688],[-4.08091,48.69295],[-4.05579,48.67109],[-4.0663,48.6833],[-4.06195,48.68762],[-4.05496,48.68525],[-4.04778,48.68774],[-4.05675,48.68755],[-4.05679,48.70063],[-4.03442,48.71376],[-4.01584,48.71241],[-4.00691,48.7264],[-4.0009,48.7118],[-3.98918,48.72685],[-3.96506,48.72177],[-3.97575,48.69903],[-3.9652,48.69168],[-3.9715,48.67409],[-3.94998,48.67262],[-3.95655,48.6168],[-3.93501,48.59868],[-3.95057,48.62336],[-3.95132,48.65021],[-3.93006,48.65784],[-3.92209,48.67551],[-3.89111,48.67089],[-3.9062,48.66083],[-3.89771,48.64636],[-3.86079,48.63258],[-3.86208,48.6128],[-3.85818,48.60931],[-3.86438,48.6078],[-3.86773,48.60406],[-3.85152,48.6067],[-3.8595,48.61434],[-3.84598,48.62676],[-3.81661,48.62859],[-3.84543,48.62892],[-3.86442,48.67033],[-3.85563,48.67369],[-3.84626,48.66018],[-3.85443,48.68928],[-3.83093,48.7119],[-3.82078,48.70135],[-3.82095,48.71822],[-3.78657,48.70145],[-3.73383,48.70883],[-3.68031,48.68668],[-3.64327,48.69591],[-3.65478,48.6824],[-3.63926,48.67334]]],[[[-5.1026,48.43612],[-5.11736,48.43898],[-5.092,48.45019],[-5.09875,48.45629],[-5.14014,48.45184],[-5.07252,48.48273],[-5.0503,48.47628],[-5.05861,48.46688],[-5.03438,48.46332],[-5.1026,48.43612]]],[[[-5.09017,48.47994],[-5.10224,48.48056],[-5.10419,48.48087],[-5.09017,48.47994]]],[[[-4.77249,48.5273],[-4.77691,48.5301],[-4.77334,48.53082],[-4.77249,48.5273]]]]}},{"type":"Feature","properties":{"code":"30","nom":"Gard"},"geometry":{"type":"Polygon","coordinates":[[[3.33462,44.15882],[3.39562,44.16863],[3.43083,44.148],[3.43973,44.12901],[3.53225,44.122],[3.54342,44.10928],[3.56384,44.12324],[3.60317,44.11578],[3.63284,44.12122],[3.636,44.14058],[3.65324,44.14596],[3.62749,44.15449],[3.6371,44.17635],[3.66031,44.17384],[3.66984,44.18638],[3.70625,44.16469],[3.76039,44.15116],[3.797,44.12739],[3.83212,44.13734],[3.87553,44.12654],[3.88963,44.14494],[3.92727,44.1613],[3.92333,44.18233],[3.9738,44.16397],[3.95988,44.19125],[3.93657,44.19492],[3.95159,44.21826],[3.94617,44.24238],[3.97477,44.25584],[3.9601,44.2708],[3.9457,44.26668],[3.93372,44.27572],[3.93942,44.28698],[3.92286,44.30522],[3.95223,44.33154],[3.93462,44.3359],[3.90725,44.37538],[3.88586,44.38827],[3.91649,44.40465],[3.95106,44.40142],[3.94874,44.41257],[3.96114,44.41397],[3.97526,44.44293],[3.99816,44.4598],[4.0376,44.44572],[4.04646,44.43271],[4.03549,44.42009],[4.06844,44.40511],[4.06453,44.39456],[4.04048,44.3913],[4.05757,44.36346],[4.05353,44.33867],[4.03573,44.3302],[4.05145,44.31732],[4.09379,44.3345],[4.11576,44.32687],[4.12675,44.33773],[4.14287,44.31335],[4.17799,44.31774],[4.1872,44.29931],[4.25789,44.26481],[4.28861,44.29188],[4.28837,44.31502],[4.31663,44.32069],[4.32995,44.33212],[4.32577,44.33832],[4.3913,44.34694],[4.40326,44.33358],[4.38959,44.30109],[4.39538,44.29086],[4.43311,44.29113],[4.44042,44.28342],[4.45321,44.29787],[4.45422,44.33963],[4.50368,44.34419],[4.51275,44.32809],[4.54879,44.32572],[4.5587,44.30244],[4.60453,44.29138],[4.616,44.27818],[4.63493,44.28482],[4.67786,44.23412],[4.67425,44.21402],[4.70655,44.21443],[4.70578,44.19279],[4.72207,44.18742],[4.70607,44.10775],[4.72063,44.08179],[4.76086,44.0863],[4.75956,44.07507],[4.78798,44.06505],[4.78912,44.0522],[4.81617,44.03214],[4.82115,44.01647],[4.8409,44.01293],[4.84555,43.99668],[4.83766,43.98519],[4.81247,43.98766],[4.81402,43.964],[4.77902,43.93789],[4.75,43.93218],[4.69223,43.88418],[4.64191,43.86748],[4.6483,43.85883],[4.64146,43.85114],[4.66679,43.84612],[4.64242,43.83144],[4.65508,43.80764],[4.65194,43.78407],[4.62949,43.76192],[4.61228,43.72475],[4.62745,43.68543],[4.59303,43.68746],[4.53985,43.70727],[4.48724,43.69924],[4.47747,43.67251],[4.4513,43.66413],[4.42617,43.62448],[4.43975,43.61067],[4.47252,43.61204],[4.46068,43.58926],[4.42554,43.58522],[4.40294,43.57299],[4.41659,43.57134],[4.40935,43.56113],[4.38741,43.5622],[4.33414,43.53545],[4.31608,43.54488],[4.32287,43.55431],[4.31399,43.55557],[4.3079,43.5452],[4.32467,43.5282],[4.23968,43.49917],[4.23028,43.46019],[4.16562,43.47191],[4.1272,43.48945],[4.11651,43.5083],[4.13912,43.5319],[4.10104,43.55437],[4.10941,43.56849],[4.09591,43.58153],[4.07467,43.58859],[4.15022,43.58556],[4.14979,43.59817],[4.19377,43.64207],[4.19415,43.65459],[4.16285,43.68732],[4.16669,43.69932],[4.14302,43.73684],[4.11404,43.73774],[4.08976,43.76523],[4.054,43.77221],[4.05353,43.78561],[4.01857,43.80717],[4.00134,43.81305],[3.96587,43.8024],[3.96159,43.81655],[3.97838,43.82991],[3.97258,43.83723],[3.97936,43.84288],[3.9221,43.85838],[3.91696,43.88789],[3.8971,43.87759],[3.85681,43.87712],[3.8518,43.86763],[3.83081,43.86642],[3.80369,43.87929],[3.79954,43.89081],[3.82902,43.92451],[3.82031,43.94241],[3.79552,43.94228],[3.78734,43.96687],[3.73141,43.97188],[3.68551,43.95398],[3.6895,43.93994],[3.67579,43.93146],[3.67145,43.9096],[3.64261,43.91564],[3.64755,43.90244],[3.63898,43.89646],[3.63249,43.89927],[3.63898,43.91619],[3.62359,43.91698],[3.57551,43.86539],[3.60087,43.84945],[3.57886,43.8436],[3.5581,43.85671],[3.52825,43.85432],[3.51909,43.86337],[3.52297,43.8884],[3.51334,43.89621],[3.483,43.89197],[3.46272,43.87205],[3.43212,43.86285],[3.42161,43.87232],[3.43137,43.87258],[3.44148,43.88752],[3.43219,43.89377],[3.44027,43.89684],[3.42445,43.9116],[3.37017,43.91748],[3.36026,43.91063],[3.35053,43.93233],[3.35709,43.94902],[3.37564,43.95601],[3.37816,43.96755],[3.40562,43.96968],[3.41775,43.99258],[3.44583,44.00454],[3.45158,44.02145],[3.40082,44.04328],[3.39009,44.05755],[3.35184,44.0502],[3.33768,44.05829],[3.32891,44.07903],[3.29471,44.0678],[3.2626,44.09288],[3.32293,44.10982],[3.32029,44.1359],[3.33227,44.14179],[3.33462,44.15882]]]}},{"type":"Feature","properties":{"code":"31","nom":"Haute-Garonne"},"geometry":{"type":"Polygon","coordinates":[[[0.95398,43.78737],[0.9793,43.78637],[0.99153,43.79732],[1.0362,43.80423],[1.05734,43.79794],[1.08331,43.81632],[1.1105,43.80565],[1.11026,43.79632],[1.15038,43.82223],[1.18143,43.79482],[1.21672,43.79193],[1.21827,43.78209],[1.20542,43.77467],[1.21277,43.76768],[1.27825,43.78757],[1.26702,43.79772],[1.27815,43.803],[1.28264,43.79616],[1.31145,43.8007],[1.36003,43.8172],[1.35436,43.83647],[1.31383,43.83214],[1.29382,43.8456],[1.31941,43.85807],[1.35953,43.85117],[1.36463,43.85554],[1.3481,43.86917],[1.36518,43.88957],[1.44892,43.87032],[1.47564,43.90738],[1.49224,43.88735],[1.52332,43.9036],[1.53279,43.92135],[1.55469,43.91872],[1.54728,43.89953],[1.56401,43.87188],[1.55509,43.86849],[1.57258,43.8488],[1.59256,43.84264],[1.59023,43.81453],[1.64479,43.80026],[1.65013,43.79453],[1.64075,43.77894],[1.65584,43.76827],[1.64992,43.75187],[1.70645,43.71622],[1.68184,43.7008],[1.66103,43.70565],[1.66357,43.69406],[1.7207,43.68835],[1.73057,43.65749],[1.69985,43.64939],[1.69106,43.62457],[1.76654,43.60275],[1.79057,43.58325],[1.84009,43.57768],[1.85071,43.54928],[1.88041,43.54032],[1.87138,43.53429],[1.88307,43.51827],[1.99,43.47747],[2.01614,43.48763],[2.01554,43.50948],[2.03795,43.49935],[2.04068,43.51298],[2.04829,43.48573],[2.02202,43.47451],[2.01355,43.45041],[2.0389,43.42333],[1.9883,43.40761],[1.95817,43.4256],[1.93424,43.42525],[1.91826,43.42029],[1.90499,43.39337],[1.89558,43.39658],[1.90478,43.40742],[1.89612,43.41845],[1.85644,43.44327],[1.84295,43.43254],[1.84212,43.41508],[1.81727,43.41065],[1.8261,43.39484],[1.80296,43.39255],[1.81348,43.34149],[1.78254,43.34613],[1.77227,43.33698],[1.75162,43.34961],[1.73351,43.33511],[1.72377,43.3409],[1.73581,43.3142],[1.70401,43.30282],[1.71629,43.29545],[1.69647,43.2755],[1.66965,43.27849],[1.65001,43.26104],[1.65664,43.24596],[1.64969,43.24029],[1.63508,43.2371],[1.63733,43.25548],[1.57204,43.27621],[1.56501,43.25333],[1.54621,43.27738],[1.51873,43.26917],[1.51759,43.28942],[1.49722,43.29178],[1.48943,43.25842],[1.50433,43.25034],[1.49335,43.23793],[1.50768,43.22147],[1.48735,43.22735],[1.46761,43.20884],[1.41611,43.22603],[1.42902,43.25425],[1.37626,43.28852],[1.36386,43.30773],[1.37302,43.31014],[1.33231,43.31564],[1.31803,43.29589],[1.29253,43.28837],[1.30195,43.2709],[1.29395,43.26366],[1.33067,43.26256],[1.31842,43.25115],[1.37376,43.2447],[1.38343,43.22868],[1.36849,43.20924],[1.34549,43.21224],[1.32782,43.20456],[1.3205,43.18992],[1.27407,43.19623],[1.25105,43.18341],[1.22872,43.18684],[1.21398,43.16244],[1.21896,43.15263],[1.27387,43.14839],[1.30272,43.12259],[1.2602,43.10923],[1.26185,43.09165],[1.22357,43.08593],[1.20823,43.11911],[1.17498,43.14097],[1.16597,43.1303],[1.14543,43.13782],[1.12678,43.1558],[1.08984,43.14181],[1.08798,43.13383],[1.05354,43.14545],[1.03884,43.10055],[1.00207,43.11362],[1.00424,43.10446],[0.99094,43.09215],[1.00646,43.08212],[0.97896,43.07258],[0.98406,43.05093],[0.99431,43.04588],[0.99303,43.0396],[0.98427,43.04445],[0.98685,43.0254],[1.02239,43.0102],[1.00324,43.00506],[0.97624,42.97309],[0.87491,42.95778],[0.88364,42.93129],[0.82687,42.91627],[0.844,42.88976],[0.83506,42.87236],[0.84821,42.86533],[0.85831,42.82572],[0.8021,42.84036],[0.77639,42.83654],[0.70838,42.8614],[0.67789,42.85511],[0.65871,42.83672],[0.66986,42.82438],[0.66969,42.80209],[0.64539,42.78354],[0.66681,42.7754],[0.64198,42.75468],[0.66294,42.7501],[0.68003,42.72347],[0.67647,42.69101],[0.59732,42.70584],[0.58916,42.69495],[0.52961,42.70268],[0.51852,42.69188],[0.49291,42.69308],[0.47775,42.69999],[0.48459,42.71027],[0.44904,42.73385],[0.46311,42.74341],[0.45471,42.77202],[0.46355,42.8045],[0.45582,42.81689],[0.4675,42.84675],[0.46024,42.85175],[0.47268,42.85917],[0.47736,42.87824],[0.56234,42.86076],[0.57594,42.87083],[0.59952,42.92724],[0.64612,42.96094],[0.61883,42.97242],[0.61224,42.98861],[0.62742,43.0001],[0.60656,43.03462],[0.59322,43.03545],[0.59183,43.02237],[0.56563,43.02034],[0.54018,43.0013],[0.52823,43.00471],[0.53793,43.04164],[0.56672,43.03737],[0.55287,43.06538],[0.56385,43.07425],[0.53167,43.08295],[0.5324,43.09332],[0.50082,43.09574],[0.50257,43.10684],[0.48904,43.11517],[0.45321,43.11125],[0.4643,43.11805],[0.442,43.13127],[0.52193,43.19209],[0.52605,43.19833],[0.50586,43.19823],[0.51739,43.21237],[0.55187,43.20915],[0.57383,43.22033],[0.57284,43.23311],[0.55337,43.23771],[0.63626,43.29598],[0.60681,43.31089],[0.61165,43.31567],[0.65299,43.31478],[0.71381,43.37739],[0.73373,43.37097],[0.74832,43.38363],[0.75366,43.38939],[0.74488,43.39535],[0.75909,43.40465],[0.74823,43.42019],[0.8073,43.39972],[0.82054,43.41698],[0.91725,43.40633],[0.94429,43.38088],[0.96434,43.38648],[0.96705,43.36925],[0.97808,43.36265],[0.99366,43.36653],[1.00553,43.37972],[0.99326,43.40946],[1.02993,43.41831],[1.01903,43.43079],[1.04541,43.45904],[1.01753,43.4736],[1.05185,43.48699],[1.04624,43.49657],[1.05639,43.49351],[1.0592,43.50539],[1.07342,43.50595],[1.05038,43.51578],[1.05782,43.52698],[1.07641,43.52692],[1.05299,43.54097],[1.08771,43.5469],[1.09931,43.53361],[1.11874,43.54584],[1.11217,43.55673],[1.15643,43.55683],[1.16335,43.57394],[1.20197,43.57506],[1.20144,43.5963],[1.18045,43.61458],[1.15865,43.60518],[1.14285,43.62135],[1.14755,43.63418],[1.14014,43.64189],[1.0954,43.64173],[1.0877,43.64498],[1.10044,43.66132],[1.07483,43.66171],[1.04874,43.67528],[1.06415,43.70278],[1.02819,43.71007],[1.0227,43.72301],[0.98937,43.73932],[0.99283,43.74593],[0.96606,43.75957],[0.95398,43.78737]]]}},{"type":"Feature","properties":{"code":"32","nom":"Gers"},"geometry":{"type":"Polygon","coordinates":[[[0.07605,43.98314],[0.11682,43.98804],[0.12679,44.00191],[0.14166,43.99424],[0.13864,43.97477],[0.15754,43.97284],[0.16676,43.99683],[0.21404,44.02299],[0.23399,44.0216],[0.23338,44.00889],[0.30285,43.99098],[0.3177,43.99461],[0.31653,44.01012],[0.3581,44.01701],[0.38152,44.00638],[0.39687,44.02231],[0.44245,44.02876],[0.45952,44.05524],[0.50594,44.05185],[0.51214,44.0633],[0.55547,44.05475],[0.57588,44.07591],[0.59376,44.07929],[0.65408,44.04243],[0.66264,44.02411],[0.67709,44.02697],[0.68567,44.04617],[0.69526,44.04437],[0.70792,44.05829],[0.74188,44.0652],[0.75172,44.06638],[0.76405,44.02964],[0.82735,44.05525],[0.86413,44.03726],[0.83956,44.02399],[0.8126,44.02435],[0.82487,44.01502],[0.8189,44.00968],[0.82765,43.99661],[0.79633,43.97571],[0.78367,43.95451],[0.76068,43.94699],[0.76282,43.93028],[0.77149,43.92246],[0.8093,43.9323],[0.84262,43.91452],[0.86357,43.92356],[0.90371,43.89923],[0.88399,43.89084],[0.88349,43.87526],[0.91243,43.8497],[0.89474,43.85029],[0.89524,43.8399],[0.92533,43.82987],[0.90442,43.80994],[0.89768,43.78646],[0.94898,43.79177],[0.96606,43.75957],[0.99283,43.74593],[0.98937,43.73932],[1.0227,43.72301],[1.02819,43.71007],[1.06415,43.70278],[1.04874,43.67528],[1.07483,43.66171],[1.10044,43.66132],[1.0877,43.64498],[1.0954,43.64173],[1.14014,43.64189],[1.14755,43.63418],[1.14285,43.62135],[1.15865,43.60518],[1.18045,43.61458],[1.20144,43.5963],[1.20197,43.57506],[1.16335,43.57394],[1.15643,43.55683],[1.11217,43.55673],[1.11874,43.54584],[1.09931,43.53361],[1.08771,43.5469],[1.05299,43.54097],[1.07641,43.52692],[1.05782,43.52698],[1.05038,43.51578],[1.07289,43.50442],[1.0592,43.50539],[1.05639,43.49351],[1.04624,43.49657],[1.05185,43.48699],[1.01753,43.4736],[1.04541,43.45904],[1.01903,43.43079],[1.02993,43.41831],[0.99326,43.40946],[1.00553,43.37972],[0.98054,43.36304],[0.96705,43.36925],[0.96252,43.38776],[0.94429,43.38088],[0.91725,43.40633],[0.82054,43.41698],[0.8073,43.39972],[0.74889,43.42052],[0.75909,43.40465],[0.73373,43.37097],[0.71381,43.37739],[0.65299,43.31478],[0.60681,43.31089],[0.55239,43.32935],[0.5079,43.33413],[0.49399,43.32512],[0.44498,43.34074],[0.44297,43.32793],[0.41439,43.32883],[0.39573,43.3336],[0.39926,43.35019],[0.39181,43.3556],[0.33184,43.34316],[0.32714,43.3727],[0.30662,43.36809],[0.29804,43.38811],[0.23258,43.36777],[0.18203,43.37118],[0.1738,43.40277],[0.15305,43.39948],[0.13231,43.4242],[0.16588,43.44435],[0.15003,43.46472],[0.135,43.46572],[0.11661,43.51493],[0.08975,43.51017],[0.08027,43.5239],[0.05144,43.51855],[0.04304,43.53445],[0.01677,43.54314],[-0.00288,43.56624],[-0.01544,43.60551],[-0.04467,43.61316],[-0.07397,43.60631],[-0.07567,43.59159],[-0.09751,43.58942],[-0.09919,43.58178],[-0.16045,43.58057],[-0.17656,43.59683],[-0.20474,43.5836],[-0.21061,43.59324],[-0.23821,43.58266],[-0.25465,43.59708],[-0.2472,43.61595],[-0.28089,43.62243],[-0.28131,43.64295],[-0.26376,43.63592],[-0.26338,43.65278],[-0.24214,43.65506],[-0.23973,43.67124],[-0.25802,43.67375],[-0.2391,43.69395],[-0.25063,43.70779],[-0.19414,43.73702],[-0.19732,43.74766],[-0.21886,43.75033],[-0.2067,43.75921],[-0.22714,43.80827],[-0.19177,43.8101],[-0.19812,43.82937],[-0.18813,43.83256],[-0.20891,43.85767],[-0.19641,43.87162],[-0.18572,43.86689],[-0.19049,43.88075],[-0.23848,43.8938],[-0.22834,43.91145],[-0.20009,43.91483],[-0.17911,43.93792],[-0.1598,43.92771],[-0.15347,43.93981],[-0.13582,43.93607],[-0.12468,43.94435],[-0.10818,43.92914],[-0.09524,43.92946],[-0.09336,43.9485],[-0.07025,43.94494],[-0.05936,43.96094],[-0.04401,43.96283],[-0.03617,43.98374],[0.00673,43.95374],[0.00551,43.9435],[-0.0239,43.92984],[0.03079,43.90056],[0.05902,43.89681],[0.07665,43.91647],[0.05472,43.96006],[0.07605,43.98314]]]}},{"type":"Feature","properties":{"code":"33","nom":"Gironde"},"geometry":{"type":"MultiPolygon","coordinates":[[[[-1.24787,44.58688],[-1.23347,44.59359],[-1.22951,44.58872],[-1.24357,44.58886],[-1.23442,44.58436],[-1.24954,44.58029],[-1.24631,44.57179],[-1.25158,44.57956],[-1.24787,44.58688]]],[[[-1.02997,44.6492],[-1.02626,44.66247],[-1.01378,44.6518],[-1.02456,44.65288],[-1.02997,44.6492]]],[[[-1.02059,44.64624],[-1.02756,44.64698],[-1.02681,44.6502],[-1.02059,44.64624]]],[[[-1.17943,44.70398],[-1.18516,44.69722],[-1.18765,44.70219],[-1.17943,44.70398]]],[[[-1.18183,44.69683],[-1.18471,44.69512],[-1.18473,44.6966],[-1.18183,44.69683]]],[[[-1.02574,45.57469],[-0.84106,45.43508],[-0.77402,45.36921],[-0.75268,45.32177],[-0.71367,45.3279],[-0.64431,45.32205],[-0.6446,45.31515],[-0.59448,45.32114],[-0.58689,45.34375],[-0.56897,45.33152],[-0.57538,45.31555],[-0.56579,45.29593],[-0.51359,45.28633],[-0.47309,45.29393],[-0.42549,45.27864],[-0.41542,45.26933],[-0.42464,45.24828],[-0.40728,45.24783],[-0.40511,45.23982],[-0.42077,45.20853],[-0.40167,45.18846],[-0.38493,45.14609],[-0.36385,45.17026],[-0.33914,45.1671],[-0.32064,45.15617],[-0.31376,45.13782],[-0.30804,45.14903],[-0.27536,45.1414],[-0.24684,45.10863],[-0.15409,45.08905],[-0.09788,45.12104],[-0.04768,45.0975],[-0.00732,45.11912],[0.04446,45.11537],[0.0733,45.07012],[0.03914,45.02431],[0.03339,44.98063],[0.01366,44.97893],[0.00325,44.94744],[0.03461,44.91557],[-0.01101,44.85772],[-0.03421,44.85211],[0.02106,44.84977],[0.03872,44.83872],[0.03946,44.82749],[0.07181,44.81867],[0.09871,44.83297],[0.11233,44.81897],[0.14717,44.82931],[0.1913,44.82011],[0.20856,44.84071],[0.24175,44.85689],[0.2414,44.8725],[0.27906,44.86698],[0.31507,44.84541],[0.28682,44.82302],[0.26372,44.82641],[0.27489,44.80024],[0.27144,44.78537],[0.29509,44.75743],[0.25157,44.75022],[0.22649,44.76439],[0.20999,44.74045],[0.21914,44.72464],[0.20146,44.72315],[0.19168,44.74881],[0.18417,44.74871],[0.17506,44.73373],[0.13991,44.73644],[0.1334,44.70463],[0.11805,44.71307],[0.10034,44.70098],[0.10408,44.68562],[0.13373,44.68244],[0.13259,44.66835],[0.16217,44.67052],[0.18275,44.66136],[0.16521,44.63286],[0.13813,44.63896],[0.15503,44.61516],[0.15086,44.60864],[0.08223,44.58405],[0.08159,44.563],[0.06856,44.54822],[0.03774,44.55415],[0.02098,44.54146],[-0.00102,44.55177],[0.0181,44.52978],[-0.01513,44.50659],[-0.01325,44.46063],[0.00488,44.45683],[0.00753,44.44714],[-0.00471,44.44194],[-0.0139,44.4187],[0.01823,44.38988],[0.00702,44.38185],[0.0236,44.37747],[0.01472,44.36661],[-0.01223,44.37196],[-0.02882,44.36018],[-0.07882,44.3537],[-0.08575,44.33761],[-0.03481,44.29673],[-0.0434,44.29357],[-0.03298,44.27173],[-0.05336,44.26576],[-0.06662,44.24676],[-0.07437,44.25241],[-0.10587,44.23121],[-0.12318,44.24065],[-0.14069,44.2264],[-0.19385,44.27185],[-0.226,44.26478],[-0.22345,44.2059],[-0.27212,44.19381],[-0.38962,44.20948],[-0.39656,44.2366],[-0.38339,44.28631],[-0.43152,44.30093],[-0.43184,44.32258],[-0.47887,44.32489],[-0.51764,44.33911],[-0.5281,44.36465],[-0.64221,44.40035],[-0.62547,44.41243],[-0.6278,44.44272],[-0.6406,44.44942],[-0.67603,44.45733],[-0.69238,44.44068],[-0.72973,44.4482],[-0.78061,44.44012],[-0.78028,44.42811],[-0.81022,44.42012],[-0.84335,44.41818],[-0.91917,44.44334],[-1.02916,44.4227],[-1.00758,44.43662],[-0.9807,44.48288],[-0.98773,44.5083],[-1.02663,44.50712],[-1.08517,44.53219],[-1.10649,44.50282],[-1.25389,44.4676],[-1.25068,44.50598],[-1.26019,44.54317],[-1.21214,44.59951],[-1.19154,44.66073],[-1.14229,44.65925],[-1.13998,44.65297],[-1.154,44.64705],[-1.14916,44.64002],[-1.12778,44.64753],[-1.08112,44.64019],[-1.03926,44.65378],[-1.02218,44.6421],[-1.00362,44.64836],[-1.01892,44.66444],[-1.01939,44.67821],[-1.05002,44.68204],[-1.06928,44.69624],[-1.03742,44.69232],[-1.05128,44.70578],[-1.1182,44.74415],[-1.11615,44.75533],[-1.12776,44.7508],[-1.16756,44.77604],[-1.18001,44.7581],[-1.17381,44.74536],[-1.22256,44.71021],[-1.23262,44.69302],[-1.24465,44.6231],[-1.25215,44.61773],[-1.26205,44.6322],[-1.16203,45.29969],[-1.16055,45.41069],[-1.15106,45.4416],[-1.15619,45.47611],[-1.0912,45.56241],[-1.02574,45.57469]]]]}},{"type":"Feature","properties":{"code":"34","nom":"Hérault"},"geometry":{"type":"MultiPolygon","coordinates":[[[[3.50066,43.2629],[3.50223,43.26419],[3.50355,43.2631],[3.50066,43.2629]]],[[[3.35836,43.91383],[3.42445,43.9116],[3.44027,43.89684],[3.43219,43.89377],[3.44148,43.88752],[3.43137,43.87258],[3.42161,43.87232],[3.43212,43.86285],[3.46272,43.87205],[3.483,43.89197],[3.51334,43.89621],[3.52297,43.8884],[3.51909,43.86337],[3.52825,43.85432],[3.5581,43.85671],[3.57886,43.8436],[3.60087,43.84945],[3.57551,43.86539],[3.62359,43.91698],[3.63898,43.91619],[3.63249,43.89927],[3.63898,43.89646],[3.64755,43.90244],[3.64261,43.91564],[3.67145,43.9096],[3.67579,43.93146],[3.6895,43.93994],[3.68551,43.95398],[3.73141,43.97188],[3.78734,43.96687],[3.79552,43.94228],[3.82031,43.94241],[3.82902,43.92451],[3.79954,43.89081],[3.80369,43.87929],[3.83081,43.86642],[3.8518,43.86763],[3.85681,43.87712],[3.8971,43.87759],[3.91696,43.88789],[3.9221,43.85838],[3.97936,43.84288],[3.97258,43.83723],[3.97838,43.82991],[3.96159,43.81655],[3.96587,43.8024],[4.00134,43.81305],[4.01857,43.80717],[4.05353,43.78561],[4.054,43.77221],[4.08976,43.76523],[4.11404,43.73774],[4.14302,43.73684],[4.16669,43.69932],[4.16285,43.68732],[4.19415,43.65459],[4.19377,43.64207],[4.14979,43.59817],[4.15022,43.58556],[4.08444,43.592],[4.07467,43.58859],[4.10815,43.57018],[4.10104,43.55437],[4.01119,43.55245],[3.93434,43.52794],[3.8512,43.48646],[3.79666,43.44104],[3.72492,43.41579],[3.72563,43.40119],[3.64607,43.38477],[3.50951,43.27172],[3.43033,43.29021],[3.39396,43.28588],[3.34268,43.26991],[3.24056,43.21281],[3.19877,43.25036],[3.15758,43.24247],[3.14398,43.24725],[3.14163,43.25951],[3.12009,43.26156],[3.11094,43.25347],[3.07834,43.26183],[3.05374,43.28018],[3.02229,43.28194],[3.0108,43.274],[3.00435,43.32013],[2.94694,43.31208],[2.92125,43.32608],[2.9141,43.31973],[2.89045,43.32808],[2.88415,43.33504],[2.89237,43.3436],[2.89017,43.36535],[2.8697,43.37333],[2.8686,43.38211],[2.85538,43.37299],[2.87576,43.34031],[2.86926,43.33061],[2.80635,43.31999],[2.81835,43.30973],[2.79179,43.29302],[2.78752,43.27244],[2.76306,43.25525],[2.70491,43.27456],[2.69885,43.28062],[2.70714,43.29427],[2.68913,43.3225],[2.65907,43.29297],[2.63247,43.29822],[2.61708,43.28427],[2.58542,43.33344],[2.55133,43.33437],[2.5407,43.34596],[2.557,43.36689],[2.55522,43.38832],[2.59472,43.4092],[2.56579,43.42296],[2.60608,43.43109],[2.60575,43.44091],[2.61779,43.43769],[2.64618,43.45913],[2.64256,43.4691],[2.66554,43.46195],[2.65472,43.49668],[2.65885,43.51692],[2.67602,43.51346],[2.6156,43.5665],[2.63178,43.58414],[2.61464,43.59986],[2.62863,43.61013],[2.64616,43.66031],[2.6523,43.64895],[2.68469,43.65381],[2.7202,43.64537],[2.75452,43.61414],[2.79486,43.62443],[2.81383,43.64105],[2.87373,43.64511],[2.8791,43.65727],[2.90735,43.65423],[2.91971,43.66225],[2.92177,43.68966],[2.98132,43.70796],[3.02733,43.69273],[3.06017,43.69294],[3.06917,43.70684],[3.05346,43.71617],[3.05905,43.7381],[3.05257,43.74578],[3.07588,43.76852],[3.04857,43.8015],[3.06308,43.80923],[3.06113,43.83329],[3.08646,43.83581],[3.14959,43.81364],[3.21144,43.81335],[3.24904,43.82958],[3.25136,43.84343],[3.2344,43.85937],[3.26497,43.89526],[3.34257,43.89419],[3.34027,43.90173],[3.35836,43.91383]]]]}},{"type":"Feature","properties":{"code":"35","nom":"Ille-et-Vilaine"},"geometry":{"type":"MultiPolygon","coordinates":[[[[-2.15857,48.63938],[-2.16138,48.63725],[-2.16176,48.6385],[-2.15857,48.63938]]],[[[-1.83982,48.70717],[-1.83923,48.7098],[-1.83556,48.71223],[-1.83982,48.70717]]],[[[-1.95373,48.69689],[-1.95481,48.6992],[-1.95253,48.69878],[-1.95373,48.69689]]],[[[-2.12371,48.60441],[-2.15067,48.63474],[-2.11206,48.64374],[-2.09535,48.63381],[-2.04915,48.63867],[-2.05373,48.62569],[-2.02978,48.62378],[-2.03087,48.60443],[-2.02048,48.60441],[-2.02508,48.59792],[-1.99426,48.57772],[-2.04435,48.54134],[-2.0536,48.55399],[-2.0448,48.5642],[-2.09499,48.57095],[-2.12471,48.59135],[-2.12371,48.60441]]],[[[-2.07213,48.67566],[-2.06943,48.67877],[-2.06783,48.67699],[-2.07213,48.67566]]],[[[-1.93186,48.55078],[-1.9694,48.53655],[-1.96307,48.55594],[-1.97753,48.55695],[-1.97366,48.56792],[-1.98704,48.58451],[-1.95465,48.57647],[-1.96571,48.5843],[-1.96144,48.5922],[-1.99831,48.59071],[-1.99698,48.60369],[-2.01193,48.59826],[-2.00118,48.61515],[-2.01513,48.61398],[-2.01363,48.62701],[-2.03053,48.63402],[-2.02026,48.63991],[-2.02858,48.65031],[-1.98882,48.66457],[-1.98196,48.67565],[-1.98848,48.68414],[-1.93807,48.68398],[-1.95944,48.69054],[-1.93808,48.69446],[-1.93712,48.70234],[-1.93273,48.69407],[-1.9047,48.68995],[-1.84512,48.71175],[-1.85012,48.69939],[-1.8358,48.6803],[-1.86272,48.66728],[-1.87212,48.64572],[-1.84733,48.61759],[-1.76771,48.60239],[-1.57109,48.62645],[-1.56607,48.61428],[-1.53722,48.59875],[-1.54299,48.58044],[-1.52775,48.57907],[-1.51892,48.56659],[-1.53449,48.55031],[-1.5159,48.53792],[-1.48995,48.48937],[-1.45026,48.4876],[-1.42795,48.46192],[-1.37987,48.45608],[-1.35393,48.46783],[-1.33936,48.49094],[-1.32894,48.48632],[-1.32751,48.49812],[-1.27976,48.50861],[-1.27225,48.53392],[-1.25427,48.54327],[-1.20689,48.54219],[-1.19286,48.52891],[-1.16991,48.5311],[-1.15409,48.51904],[-1.11632,48.52154],[-1.07016,48.50849],[-1.07853,48.4901],[-1.06997,48.48554],[-1.07883,48.48159],[-1.06396,48.46695],[-1.06522,48.45143],[-1.08359,48.43373],[-1.08026,48.41398],[-1.05393,48.38399],[-1.06484,48.36723],[-1.05541,48.36379],[-1.05996,48.34921],[-1.04505,48.32818],[-1.09056,48.28918],[-1.10196,48.2625],[-1.0806,48.2195],[-1.08728,48.20927],[-1.07359,48.19968],[-1.08042,48.1754],[-1.06029,48.15011],[-1.04978,48.09038],[-1.02162,48.06801],[-1.035,48.03361],[-1.01577,48.00356],[-1.05029,47.98447],[-1.1248,47.98684],[-1.1254,47.97169],[-1.1553,47.96554],[-1.17623,47.8974],[-1.19663,47.88927],[-1.18899,47.86704],[-1.22305,47.85241],[-1.21403,47.84454],[-1.21601,47.83115],[-1.24264,47.80783],[-1.23618,47.79812],[-1.24588,47.77672],[-1.36506,47.7991],[-1.39465,47.82936],[-1.47823,47.83588],[-1.47054,47.80336],[-1.50327,47.80143],[-1.52904,47.78478],[-1.58641,47.77989],[-1.5944,47.76697],[-1.62306,47.76357],[-1.63818,47.72232],[-1.65751,47.70944],[-1.6895,47.71338],[-1.72206,47.69842],[-1.75137,47.70748],[-1.7716,47.69826],[-1.85831,47.70827],[-1.87828,47.69535],[-1.9363,47.68665],[-1.96124,47.67092],[-1.97438,47.69394],[-2.01291,47.66602],[-2.03908,47.66954],[-2.0515,47.64957],[-2.0812,47.6502],[-2.0995,47.63212],[-2.10462,47.63836],[-2.094,47.63963],[-2.09637,47.64742],[-2.11435,47.64948],[-2.10385,47.67619],[-2.12266,47.68267],[-2.11858,47.7094],[-2.13147,47.72224],[-2.10879,47.73675],[-2.05808,47.74197],[-2.06232,47.75127],[-2.08432,47.74994],[-2.08472,47.76271],[-2.12598,47.76096],[-2.12823,47.76867],[-2.07408,47.78897],[-2.07046,47.8114],[-2.04705,47.81846],[-2.03604,47.83346],[-2.0516,47.84056],[-2.0547,47.86879],[-2.09125,47.84345],[-2.10945,47.84883],[-2.09561,47.86166],[-2.11434,47.87743],[-2.116,47.89011],[-2.10096,47.89596],[-2.10609,47.90206],[-2.08653,47.90357],[-2.07878,47.91913],[-2.09773,47.93323],[-2.11083,47.95984],[-2.14439,47.98401],[-2.17782,47.97957],[-2.19113,47.99076],[-2.23913,47.99966],[-2.28754,47.9915],[-2.28951,48.00092],[-2.27553,48.00986],[-2.2796,48.02636],[-2.26132,48.04158],[-2.24187,48.05284],[-2.18878,48.05243],[-2.17043,48.06344],[-2.16848,48.07621],[-2.21958,48.08086],[-2.23595,48.07586],[-2.23431,48.06318],[-2.25612,48.06287],[-2.24807,48.08534],[-2.25507,48.10948],[-2.28733,48.13671],[-2.27113,48.1515],[-2.23589,48.14481],[-2.24897,48.1566],[-2.22302,48.17405],[-2.2183,48.20422],[-2.22824,48.21018],[-2.18445,48.21021],[-2.19088,48.22537],[-2.18379,48.24944],[-2.15444,48.26124],[-2.1066,48.25179],[-2.11119,48.25742],[-2.09578,48.2668],[-2.11046,48.27506],[-2.08055,48.27704],[-2.07949,48.29282],[-2.05329,48.29833],[-2.0141,48.27953],[-2.00217,48.28053],[-2.00489,48.2916],[-1.99316,48.29885],[-1.95805,48.29312],[-1.96824,48.30332],[-1.95402,48.31556],[-1.9669,48.34282],[-1.92908,48.34704],[-1.94772,48.36894],[-1.93983,48.39298],[-1.92997,48.39479],[-1.94292,48.40056],[-1.93609,48.41735],[-1.95166,48.43891],[-1.9263,48.45595],[-1.92846,48.47555],[-1.909,48.48155],[-1.92312,48.49881],[-1.91053,48.51482],[-1.92665,48.53785],[-1.92194,48.54375],[-1.93186,48.55078]]]]}},{"type":"Feature","properties":{"code":"36","nom":"Indre"},"geometry":{"type":"Polygon","coordinates":[[[1.32667,47.18623],[1.45807,47.23992],[1.50306,47.23513],[1.53117,47.21851],[1.52396,47.25525],[1.59289,47.2577],[1.59243,47.27668],[1.65229,47.27278],[1.6446,47.2644],[1.66802,47.25703],[1.70453,47.26497],[1.71595,47.27678],[1.77611,47.23138],[1.79582,47.23782],[1.83908,47.21931],[1.84224,47.17758],[1.82256,47.17345],[1.77478,47.13062],[1.79367,47.12091],[1.82713,47.12183],[1.88307,47.10051],[1.90493,47.1091],[1.92336,47.10193],[1.96366,47.12465],[1.99666,47.127],[2.00024,47.11392],[2.01257,47.11139],[2.00332,47.09418],[2.02894,47.0951],[2.02453,47.10445],[2.05339,47.10349],[2.04718,47.09444],[2.05568,47.07169],[2.02882,47.04585],[2.05148,47.04213],[2.10886,46.99719],[2.09212,46.98816],[2.08825,46.96045],[2.0702,46.95442],[2.07038,46.9344],[2.11,46.91339],[2.15483,46.91163],[2.1264,46.88005],[2.08297,46.86858],[2.09646,46.85525],[2.07631,46.83469],[2.04496,46.8365],[2.11665,46.77972],[2.09594,46.75548],[2.06689,46.7515],[2.07188,46.73513],[2.09122,46.72744],[2.08696,46.71258],[2.11811,46.71027],[2.15545,46.69216],[2.14798,46.67712],[2.13667,46.67728],[2.13907,46.66429],[2.16289,46.65412],[2.16284,46.64633],[2.17584,46.65085],[2.18945,46.64214],[2.17962,46.62813],[2.18628,46.60395],[2.16715,46.58898],[2.17465,46.56448],[2.15889,46.55753],[2.20432,46.48422],[2.19316,46.47026],[2.1514,46.4577],[2.15435,46.43408],[2.16779,46.42407],[2.1155,46.42195],[2.08894,46.4089],[2.0742,46.41984],[1.99308,46.43092],[1.97875,46.44152],[1.92424,46.43195],[1.90918,46.4435],[1.83978,46.42572],[1.8195,46.43004],[1.79838,46.45482],[1.78652,46.45525],[1.74759,46.45002],[1.76027,46.42714],[1.75055,46.40558],[1.72704,46.39021],[1.7109,46.39206],[1.6836,46.41818],[1.6424,46.38514],[1.62675,46.38851],[1.61425,46.39953],[1.62266,46.41826],[1.60925,46.42312],[1.5954,46.40864],[1.57862,46.41048],[1.5462,46.39346],[1.54409,46.4191],[1.52671,46.42686],[1.51123,46.42063],[1.49793,46.395],[1.47766,46.39391],[1.46535,46.37478],[1.44643,46.375],[1.4349,46.36467],[1.44036,46.35637],[1.41675,46.34719],[1.39657,46.3719],[1.34429,46.40155],[1.31391,46.39538],[1.32281,46.38548],[1.30796,46.37986],[1.31225,46.37292],[1.2604,46.37878],[1.21964,46.36598],[1.20973,46.38976],[1.19154,46.37676],[1.17728,46.38395],[1.21269,46.43222],[1.18649,46.42813],[1.18602,46.44109],[1.15182,46.4487],[1.13551,46.47089],[1.15736,46.46945],[1.13341,46.49763],[1.14594,46.5064],[1.09133,46.53767],[1.02291,46.53591],[1.01476,46.56776],[0.96367,46.57107],[0.93529,46.58634],[0.93776,46.59442],[0.91587,46.59663],[0.8939,46.62861],[0.90643,46.6486],[0.91775,46.65059],[0.90266,46.68001],[0.92796,46.69539],[0.90182,46.73623],[0.86747,46.74822],[0.92727,46.75702],[0.94455,46.73672],[0.95638,46.73709],[0.98338,46.76418],[1.01169,46.7578],[0.99919,46.78106],[1.00387,46.79326],[0.98363,46.80377],[1.01022,46.81475],[1.0361,46.94047],[1.06437,46.95581],[1.04988,46.98064],[1.05566,46.99572],[1.07365,47.00265],[1.08374,47.02108],[1.16142,47.03962],[1.18252,47.0407],[1.23209,47.01414],[1.25312,47.02177],[1.27761,47.0404],[1.26901,47.04931],[1.29377,47.07225],[1.31216,47.07188],[1.31779,47.10414],[1.34349,47.10054],[1.36536,47.12205],[1.34671,47.16876],[1.32667,47.18623]]]}},{"type":"Feature","properties":{"code":"37","nom":"Indre-et-Loire"},"geometry":{"type":"Polygon","coordinates":[[[0.61443,47.69421],[0.63913,47.70969],[0.65412,47.6988],[0.64827,47.684],[0.67477,47.699],[0.71215,47.68181],[0.73869,47.69612],[0.82792,47.6768],[0.86703,47.69062],[0.84365,47.64548],[0.86319,47.6321],[0.85029,47.62451],[0.86078,47.5991],[0.89755,47.60415],[0.89216,47.61152],[0.91974,47.63267],[0.99179,47.62003],[0.98392,47.60519],[0.99702,47.58397],[1.01229,47.60385],[1.03279,47.60813],[1.06346,47.56623],[1.07689,47.57137],[1.07467,47.55844],[1.04529,47.53149],[1.06995,47.52285],[1.07392,47.5121],[1.06572,47.50522],[1.09456,47.4695],[1.0854,47.46432],[1.11288,47.46592],[1.13337,47.44895],[1.11376,47.42797],[1.08514,47.43],[1.12352,47.39195],[1.10435,47.37015],[1.12301,47.35357],[1.09485,47.32854],[1.10642,47.30077],[1.12738,47.29788],[1.16232,47.27234],[1.17625,47.28804],[1.19447,47.28301],[1.22195,47.29411],[1.24232,47.28724],[1.24331,47.27385],[1.29459,47.23736],[1.36375,47.13509],[1.35567,47.10847],[1.34349,47.10054],[1.31779,47.10414],[1.31216,47.07188],[1.29377,47.07225],[1.26901,47.04931],[1.27761,47.0404],[1.25312,47.02177],[1.23209,47.01414],[1.18252,47.0407],[1.16142,47.03962],[1.08374,47.02108],[1.07365,47.00265],[1.05566,46.99572],[1.04988,46.98064],[1.06437,46.95581],[1.0361,46.94047],[1.01022,46.81475],[0.98363,46.80377],[1.00387,46.79326],[0.99919,46.78106],[1.01169,46.7578],[0.98338,46.76418],[0.95638,46.73709],[0.94455,46.73672],[0.92727,46.75702],[0.86747,46.74822],[0.82798,46.77682],[0.82804,46.7868],[0.81502,46.78851],[0.80932,46.82786],[0.7868,46.84046],[0.79646,46.84896],[0.76747,46.85145],[0.77002,46.86511],[0.75405,46.85963],[0.70432,46.90329],[0.70621,46.93621],[0.69372,46.9732],[0.63341,46.98672],[0.61887,47.00746],[0.56774,47.00629],[0.57404,46.98285],[0.60118,46.97309],[0.59835,46.95676],[0.50519,46.9599],[0.4448,46.94115],[0.43871,46.92958],[0.36652,46.94956],[0.32383,46.93145],[0.3013,46.95575],[0.30553,46.98616],[0.29187,46.98924],[0.31297,46.99803],[0.29867,47.0196],[0.31029,47.02574],[0.30538,47.0527],[0.26817,47.04282],[0.25999,47.05558],[0.26762,47.0675],[0.24554,47.07129],[0.208,47.05323],[0.19224,47.0654],[0.17577,47.06064],[0.17422,47.07128],[0.20095,47.09139],[0.18316,47.11438],[0.16256,47.10071],[0.13472,47.10787],[0.14039,47.12387],[0.12716,47.11997],[0.12292,47.12866],[0.08135,47.11854],[0.07839,47.14633],[0.0656,47.14306],[0.05358,47.16056],[0.06659,47.18979],[0.05297,47.19677],[0.07932,47.21677],[0.06793,47.24733],[0.09,47.28164],[0.0786,47.28394],[0.11746,47.33234],[0.1473,47.34538],[0.14041,47.3618],[0.18339,47.38123],[0.15386,47.39873],[0.18085,47.41615],[0.18094,47.45341],[0.22011,47.50195],[0.22606,47.52659],[0.20662,47.52641],[0.19334,47.53911],[0.21512,47.57299],[0.23434,47.57793],[0.2321,47.61082],[0.25316,47.61331],[0.27562,47.59838],[0.3221,47.59523],[0.33972,47.57938],[0.37848,47.56853],[0.40238,47.57842],[0.38346,47.61019],[0.36426,47.62051],[0.38279,47.64309],[0.42391,47.61783],[0.44993,47.61933],[0.46401,47.64561],[0.49842,47.64476],[0.51612,47.65664],[0.55171,47.65917],[0.55879,47.6708],[0.58649,47.66892],[0.61481,47.68275],[0.61443,47.69421]]]}},{"type":"Feature","properties":{"code":"38","nom":"Isère"},"geometry":{"type":"Polygon","coordinates":[[[5.58641,45.66707],[5.64709,45.57675],[5.67447,45.55905],[5.67226,45.54664],[5.68114,45.54205],[5.66974,45.53807],[5.69198,45.52764],[5.70117,45.50818],[5.71259,45.50747],[5.71915,45.48377],[5.73646,45.47168],[5.73197,45.45282],[5.74019,45.4368],[5.7981,45.43818],[5.80806,45.42584],[5.85427,45.41657],[5.88993,45.40134],[5.89161,45.39066],[5.90962,45.3904],[5.92826,45.41673],[5.90839,45.408],[5.90203,45.41361],[5.90447,45.43258],[5.92124,45.44366],[5.92552,45.46607],[5.91537,45.47645],[5.97509,45.49164],[5.99119,45.47515],[6.01091,45.4732],[6.00852,45.45385],[6.04911,45.4379],[6.09297,45.44418],[6.09538,45.43167],[6.12281,45.43889],[6.17745,45.39316],[6.19184,45.36933],[6.17107,45.35712],[6.19476,45.35224],[6.18679,45.31986],[6.15394,45.31135],[6.13071,45.28486],[6.14102,45.26132],[6.1257,45.24427],[6.12709,45.23243],[6.14178,45.22225],[6.13782,45.21334],[6.15948,45.20245],[6.16192,45.18841],[6.14379,45.15455],[6.16132,45.15101],[6.19012,45.16415],[6.22405,45.14114],[6.24997,45.15084],[6.26537,45.13961],[6.25714,45.12218],[6.22885,45.10831],[6.24452,45.07171],[6.22008,45.06537],[6.20393,45.01247],[6.25343,44.99521],[6.3064,45.00475],[6.32352,44.99907],[6.31482,44.98018],[6.32954,44.96924],[6.32292,44.95302],[6.35884,44.94128],[6.35536,44.85478],[6.32409,44.85221],[6.29501,44.8742],[6.26941,44.87047],[6.24699,44.85173],[6.19638,44.85898],[6.16845,44.85225],[6.1329,44.8645],[6.11068,44.84316],[6.0565,44.81581],[6.03021,44.8381],[6.01594,44.83548],[6.00552,44.82082],[5.96024,44.81198],[5.95175,44.80067],[5.97778,44.79098],[5.98015,44.78118],[5.95316,44.77131],[5.95112,44.75962],[5.93727,44.76361],[5.91901,44.75143],[5.90015,44.75832],[5.88181,44.74663],[5.82709,44.75969],[5.82931,44.74161],[5.81117,44.71275],[5.78398,44.70023],[5.75607,44.69594],[5.70406,44.7293],[5.69878,44.72207],[5.6471,44.7241],[5.62631,44.75329],[5.5868,44.76323],[5.58205,44.77786],[5.54977,44.79453],[5.54414,44.78893],[5.55453,44.76747],[5.45855,44.79991],[5.47613,44.80698],[5.48477,44.82306],[5.46379,44.82597],[5.48365,44.92229],[5.47767,44.96675],[5.49359,44.99613],[5.46485,45.04594],[5.47486,45.07035],[5.4942,45.07166],[5.48296,45.08381],[5.46098,45.08643],[5.43524,45.05412],[5.41265,45.04463],[5.39657,45.04409],[5.38306,45.05591],[5.39653,45.03954],[5.38583,45.03463],[5.34595,45.048],[5.34033,45.06206],[5.32022,45.05164],[5.29278,45.06386],[5.26767,45.05473],[5.20821,45.08422],[5.18334,45.08488],[5.16932,45.06748],[5.1568,45.06599],[5.14856,45.0769],[5.13516,45.0742],[5.13588,45.08004],[5.15414,45.07929],[5.18744,45.12083],[5.19072,45.13971],[5.18132,45.14781],[5.1918,45.15507],[5.18981,45.16943],[5.16428,45.1976],[5.16742,45.21013],[5.20171,45.2174],[5.17654,45.2484],[5.15669,45.24739],[5.15823,45.25555],[5.14153,45.24357],[5.12089,45.24763],[5.13669,45.29797],[5.07541,45.28182],[5.05432,45.31905],[5.02269,45.31776],[5.00965,45.34223],[4.99512,45.34405],[4.92939,45.32423],[4.87971,45.29693],[4.85862,45.29852],[4.8588,45.30895],[4.80049,45.29836],[4.76054,45.32746],[4.77401,45.35263],[4.756,45.36567],[4.75807,45.39124],[4.74211,45.41461],[4.76032,45.43362],[4.75492,45.45336],[4.77948,45.45504],[4.78062,45.4709],[4.84192,45.50099],[4.87281,45.5313],[4.8351,45.54538],[4.81108,45.57113],[4.77713,45.5874],[4.82959,45.58804],[4.85759,45.57652],[4.85978,45.59083],[4.90101,45.60619],[4.97093,45.6132],[4.99796,45.60341],[5.00199,45.61395],[4.98945,45.61853],[5.00475,45.62311],[5.03673,45.6129],[5.04364,45.62133],[5.03508,45.62847],[5.03834,45.64495],[5.05806,45.65324],[5.06083,45.66642],[5.10813,45.68802],[5.10489,45.70038],[5.13106,45.70771],[5.154,45.69972],[5.15946,45.70822],[5.12601,45.73791],[5.09453,45.73945],[5.09544,45.76918],[5.06575,45.76833],[5.05933,45.79198],[5.08931,45.78428],[5.10107,45.81338],[5.10826,45.79844],[5.11427,45.8109],[5.1491,45.80602],[5.17752,45.79307],[5.19153,45.77169],[5.22666,45.76948],[5.27024,45.79172],[5.28892,45.81112],[5.30202,45.84765],[5.35383,45.88327],[5.41313,45.85222],[5.43619,45.82813],[5.42117,45.82202],[5.42216,45.80767],[5.52567,45.71673],[5.57368,45.69473],[5.56682,45.68413],[5.54595,45.69733],[5.55251,45.67229],[5.58641,45.66707]]]}},{"type":"Feature","properties":{"code":"39","nom":"Jura"},"geometry":{"type":"MultiPolygon","coordinates":[[[[5.44616,46.84944],[5.44078,46.84616],[5.44031,46.85059],[5.44616,46.84944]]],[[[5.45803,46.85397],[5.45186,46.85266],[5.45231,46.85364],[5.45803,46.85397]]],[[[5.51854,47.30419],[5.53114,47.2848],[5.5721,47.26844],[5.57767,47.25253],[5.60242,47.26151],[5.62444,47.25287],[5.66956,47.27463],[5.69197,47.27231],[5.71966,47.24039],[5.72041,47.21994],[5.73767,47.20128],[5.75403,47.2062],[5.76159,47.19335],[5.78636,47.18808],[5.7851,47.17057],[5.81147,47.16905],[5.81367,47.14998],[5.82807,47.14117],[5.78727,47.09562],[5.77103,47.0944],[5.78472,47.05491],[5.76339,47.04484],[5.73683,47.05498],[5.75328,47.0392],[5.74091,47.03105],[5.74806,47.01823],[5.76316,47.01139],[5.78765,47.02061],[5.79916,47.03075],[5.79714,47.04234],[5.81014,47.04681],[5.81791,47.04058],[5.81373,47.01743],[5.83945,47.01534],[5.84694,47.0031],[5.87649,47.00589],[5.89713,46.99575],[5.9214,47.01422],[5.91304,46.98944],[5.92034,46.98052],[5.94954,46.99005],[5.94396,46.97986],[5.97569,46.97585],[5.97979,46.96348],[5.95654,46.9485],[5.99722,46.93349],[5.98134,46.90791],[6.0122,46.8903],[6.00578,46.87305],[6.03272,46.8709],[6.0227,46.85259],[6.04709,46.84563],[6.06504,46.86018],[6.08671,46.84321],[6.10556,46.8453],[6.15179,46.82067],[6.20724,46.76498],[6.18372,46.75501],[6.17748,46.73996],[6.06983,46.68952],[6.10552,46.65048],[6.05917,46.62611],[6.06463,46.6131],[6.04857,46.60772],[6.15645,46.54547],[6.15348,46.53679],[6.11668,46.51333],[6.09683,46.48121],[6.07268,46.4657],[6.08635,46.44372],[6.06401,46.41623],[6.0146,46.37609],[5.98354,46.36304],[5.94136,46.30873],[5.92177,46.31223],[5.9092,46.28394],[5.89463,46.28661],[5.86919,46.26497],[5.86433,46.27121],[5.85307,46.26151],[5.76565,46.26829],[5.72518,46.26073],[5.71449,46.28091],[5.71472,46.30877],[5.64443,46.3248],[5.64314,46.34478],[5.63051,46.33021],[5.61324,46.3272],[5.59354,46.29436],[5.56516,46.29345],[5.5391,46.2688],[5.47385,46.26428],[5.45684,46.27448],[5.4753,46.31539],[5.46692,46.32327],[5.43783,46.3157],[5.42366,46.34768],[5.40465,46.31034],[5.40142,46.33955],[5.38058,46.34579],[5.37705,46.36412],[5.36282,46.3699],[5.37788,46.38223],[5.2988,46.41268],[5.32447,46.42849],[5.31056,46.44677],[5.32335,46.46251],[5.37331,46.4601],[5.38402,46.47117],[5.3981,46.4666],[5.4178,46.47597],[5.41955,46.5023],[5.3583,46.51969],[5.35616,46.5618],[5.36788,46.56694],[5.36768,46.57987],[5.40569,46.58167],[5.41423,46.60036],[5.39596,46.61112],[5.41711,46.61546],[5.44111,46.63754],[5.4131,46.65428],[5.4271,46.66016],[5.42209,46.67303],[5.39536,46.68505],[5.40835,46.69844],[5.39433,46.7084],[5.39364,46.72863],[5.3611,46.73098],[5.36676,46.7524],[5.39025,46.77058],[5.37172,46.77657],[5.36926,46.78649],[5.3328,46.79561],[5.32739,46.8151],[5.34201,46.81962],[5.33915,46.8261],[5.35157,46.81357],[5.40841,46.83308],[5.46281,46.82737],[5.45677,46.83097],[5.46508,46.84082],[5.45884,46.85548],[5.43609,46.8615],[5.45004,46.85631],[5.4445,46.85155],[5.40183,46.86832],[5.39946,46.89264],[5.36208,46.88275],[5.35163,46.89329],[5.32882,46.88759],[5.3125,46.91002],[5.3079,46.93837],[5.2834,46.94003],[5.26201,46.92739],[5.26406,46.93742],[5.25207,46.94397],[5.26457,46.9587],[5.25336,46.97874],[5.27429,46.99837],[5.31832,47.01281],[5.27533,47.02693],[5.28392,47.04791],[5.30577,47.06302],[5.31136,47.05814],[5.32659,47.07521],[5.38603,47.08198],[5.41066,47.11409],[5.40854,47.12666],[5.43851,47.14153],[5.45929,47.18256],[5.44575,47.19958],[5.48001,47.21737],[5.47402,47.23109],[5.4863,47.2434],[5.48006,47.25635],[5.48828,47.28935],[5.50498,47.28322],[5.51854,47.30419]]]]}},{"type":"Feature","properties":{"code":"40","nom":"Landes"},"geometry":{"type":"Polygon","coordinates":[[[-0.24284,43.58498],[-0.28302,43.58569],[-0.29085,43.56812],[-0.3012,43.5713],[-0.30369,43.56028],[-0.33596,43.55085],[-0.39445,43.56926],[-0.44971,43.54987],[-0.46344,43.56659],[-0.44789,43.56657],[-0.4316,43.58369],[-0.44921,43.5963],[-0.55279,43.54318],[-0.56707,43.55822],[-0.59632,43.53824],[-0.61437,43.53772],[-0.63375,43.5541],[-0.65782,43.55611],[-0.64105,43.5748],[-0.68802,43.55676],[-0.70749,43.56002],[-0.70932,43.54129],[-0.7174,43.54061],[-0.76828,43.57948],[-0.80404,43.5563],[-0.8183,43.56144],[-0.84267,43.55356],[-0.84572,43.54221],[-0.90536,43.55051],[-0.92658,43.53202],[-1.0011,43.53823],[-0.98909,43.53052],[-0.99238,43.50402],[-1.02368,43.5017],[-1.04636,43.51426],[-1.069,43.50845],[-1.08155,43.52217],[-1.08766,43.51118],[-1.10925,43.51413],[-1.11798,43.50146],[-1.13798,43.49959],[-1.14435,43.48764],[-1.15318,43.49696],[-1.16869,43.4922],[-1.17189,43.50485],[-1.13332,43.50969],[-1.1308,43.51873],[-1.17082,43.54561],[-1.19562,43.5461],[-1.29118,43.4982],[-1.32447,43.50511],[-1.36791,43.4949],[-1.41766,43.49691],[-1.43112,43.51461],[-1.46501,43.51655],[-1.46115,43.53168],[-1.4766,43.53935],[-1.50141,43.52695],[-1.52487,43.5297],[-1.4468,43.64561],[-1.41998,43.77265],[-1.31317,44.14131],[-1.25389,44.4676],[-1.10649,44.50282],[-1.08517,44.53219],[-1.02663,44.50712],[-0.98773,44.5083],[-0.9807,44.48288],[-1.00758,44.43662],[-1.02916,44.4227],[-0.91917,44.44334],[-0.84335,44.41818],[-0.81022,44.42012],[-0.78028,44.42811],[-0.78061,44.44012],[-0.72973,44.4482],[-0.69238,44.44068],[-0.67603,44.45733],[-0.6441,44.45045],[-0.6278,44.44272],[-0.62547,44.41243],[-0.64221,44.40035],[-0.5281,44.36465],[-0.51764,44.33911],[-0.47887,44.32489],[-0.43184,44.32258],[-0.43152,44.30093],[-0.38339,44.28631],[-0.39656,44.2366],[-0.38962,44.20948],[-0.27212,44.19381],[-0.22345,44.2059],[-0.226,44.26478],[-0.19385,44.27185],[-0.14069,44.2264],[-0.12949,44.20413],[-0.12915,44.15241],[-0.00354,44.1499],[0.03459,44.13065],[0.13511,44.12422],[0.13587,44.10855],[0.10104,44.08727],[0.10483,44.07826],[0.08303,44.06359],[0.08728,44.05211],[0.07589,44.03001],[0.05992,44.02473],[0.0627,44.00084],[0.07605,43.98314],[0.05497,43.95696],[0.07665,43.91647],[0.05902,43.89681],[0.03079,43.90056],[-0.0239,43.92984],[0.00551,43.9435],[0.00673,43.95374],[-0.03617,43.98374],[-0.04401,43.96283],[-0.05936,43.96094],[-0.07025,43.94494],[-0.09336,43.9485],[-0.09524,43.92946],[-0.10818,43.92914],[-0.12468,43.94435],[-0.13582,43.93607],[-0.15347,43.93981],[-0.1598,43.92771],[-0.17911,43.93792],[-0.20009,43.91483],[-0.21774,43.90679],[-0.22458,43.91384],[-0.23934,43.89828],[-0.19049,43.88075],[-0.18556,43.86301],[-0.19641,43.87162],[-0.20891,43.85767],[-0.18813,43.83256],[-0.19812,43.82937],[-0.19177,43.8101],[-0.22714,43.80827],[-0.2067,43.75921],[-0.21886,43.75033],[-0.19732,43.74766],[-0.19414,43.73702],[-0.25063,43.70779],[-0.2391,43.69395],[-0.25802,43.67375],[-0.23973,43.67124],[-0.24214,43.65506],[-0.26338,43.65278],[-0.26376,43.63592],[-0.2819,43.6411],[-0.27764,43.61589],[-0.2472,43.61595],[-0.25465,43.59708],[-0.24284,43.58498]]]}},{"type":"Feature","properties":{"code":"41","nom":"Loir-et-Cher"},"geometry":{"type":"Polygon","coordinates":[[[0.81429,48.0961],[0.87589,48.10944],[0.91017,48.1032],[0.94403,48.11237],[0.94663,48.09756],[0.99555,48.12727],[1.04057,48.13187],[1.04603,48.11764],[1.00349,48.10537],[0.99223,48.09181],[1.00855,48.08313],[1.0637,48.08649],[1.07047,48.07563],[1.11223,48.08073],[1.10627,48.06014],[1.12271,48.03598],[1.16663,48.02739],[1.159,48.0177],[1.18714,48.00242],[1.1913,47.98406],[1.20263,47.97738],[1.1915,47.97197],[1.19693,47.96788],[1.24678,47.9796],[1.26502,47.96182],[1.29958,47.96816],[1.30863,47.95385],[1.3437,47.95753],[1.34591,47.96506],[1.37002,47.95375],[1.38695,47.98128],[1.40688,47.9701],[1.43724,47.9765],[1.43261,48.00853],[1.43966,48.01195],[1.49878,47.98528],[1.56482,47.98977],[1.56673,47.97427],[1.54784,47.96547],[1.55498,47.95324],[1.52598,47.94508],[1.52237,47.93211],[1.58142,47.90193],[1.57512,47.89838],[1.59051,47.87891],[1.54848,47.84122],[1.53514,47.84042],[1.52569,47.82025],[1.57054,47.79659],[1.56145,47.79068],[1.57125,47.78696],[1.54788,47.76976],[1.6005,47.74124],[1.58287,47.72644],[1.61472,47.73744],[1.62663,47.76097],[1.67233,47.73955],[1.71354,47.73335],[1.72806,47.69956],[1.71938,47.69592],[1.73994,47.66153],[1.78198,47.6523],[1.77882,47.64284],[1.78926,47.63704],[1.80295,47.63904],[1.81012,47.65329],[1.84517,47.65708],[1.84369,47.68635],[1.85862,47.69217],[1.86605,47.67457],[1.93552,47.67974],[1.94146,47.66033],[1.96412,47.6573],[1.99615,47.66396],[1.99775,47.67476],[2.00938,47.67875],[2.06646,47.67431],[2.07455,47.68215],[2.11103,47.66968],[2.12824,47.67876],[2.14852,47.67043],[2.20395,47.6781],[2.20532,47.66111],[2.21996,47.66787],[2.24105,47.64095],[2.23921,47.62098],[2.15135,47.6005],[2.11958,47.58295],[2.12854,47.55126],[2.19784,47.54592],[2.21529,47.52211],[2.19607,47.4879],[2.22803,47.49698],[2.24775,47.49173],[2.23697,47.47126],[2.24522,47.45822],[2.23494,47.4517],[2.24789,47.4414],[2.24369,47.41482],[2.20523,47.40525],[2.1889,47.43779],[2.13798,47.40596],[2.11499,47.42126],[2.09708,47.3668],[2.11395,47.37002],[2.12769,47.34496],[2.11939,47.33342],[2.14942,47.31877],[2.15808,47.29864],[2.12867,47.27984],[2.07729,47.2858],[1.99849,47.26405],[1.9426,47.29099],[1.92322,47.27469],[1.92463,47.26466],[1.89477,47.25466],[1.89218,47.24876],[1.91659,47.23599],[1.90381,47.21525],[1.87301,47.20532],[1.85279,47.22215],[1.82803,47.22227],[1.79582,47.23782],[1.77611,47.23138],[1.71595,47.27678],[1.70453,47.26497],[1.66802,47.25703],[1.6446,47.2644],[1.65229,47.27278],[1.59243,47.27668],[1.59289,47.2577],[1.52396,47.25525],[1.53117,47.21851],[1.50306,47.23513],[1.45807,47.23992],[1.32367,47.1875],[1.29459,47.23736],[1.24331,47.27385],[1.24232,47.28724],[1.22195,47.29411],[1.19447,47.28301],[1.17625,47.28804],[1.16232,47.27234],[1.12738,47.29788],[1.10642,47.30077],[1.09485,47.32854],[1.12301,47.35357],[1.10435,47.37015],[1.12352,47.39195],[1.08514,47.43],[1.11376,47.42797],[1.13337,47.44895],[1.11288,47.46592],[1.0854,47.46432],[1.09456,47.4695],[1.06572,47.50522],[1.07392,47.5121],[1.06995,47.52285],[1.04529,47.53149],[1.07467,47.55844],[1.07689,47.57137],[1.06346,47.56623],[1.03279,47.60813],[1.01229,47.60385],[0.99702,47.58397],[0.98392,47.60519],[0.99179,47.62003],[0.91974,47.63267],[0.89216,47.61152],[0.89755,47.60415],[0.86185,47.59875],[0.85029,47.62451],[0.86319,47.6321],[0.84365,47.64548],[0.86703,47.69062],[0.82792,47.6768],[0.73869,47.69612],[0.71215,47.68181],[0.67477,47.699],[0.64827,47.684],[0.65412,47.6988],[0.63913,47.70969],[0.60419,47.68561],[0.58032,47.71238],[0.60902,47.7253],[0.62427,47.75049],[0.67697,47.76953],[0.70254,47.76682],[0.69122,47.78339],[0.71949,47.79275],[0.74587,47.82756],[0.76841,47.8311],[0.77485,47.84381],[0.75916,47.85922],[0.76123,47.89982],[0.79002,47.91221],[0.79917,47.89691],[0.81767,47.89297],[0.80754,47.9079],[0.81609,47.91292],[0.80842,47.91659],[0.81175,47.92883],[0.84952,47.9472],[0.81866,47.98925],[0.83237,47.99659],[0.84188,48.03018],[0.79755,48.03724],[0.79398,48.06971],[0.84302,48.07264],[0.84817,48.0946],[0.83793,48.08876],[0.81429,48.0961]]]}},{"type":"Feature","properties":{"code":"42","nom":"Loire"},"geometry":{"type":"Polygon","coordinates":[[[3.89953,46.27591],[3.90969,46.24778],[3.89765,46.23963],[3.89013,46.21449],[3.91837,46.20285],[3.97255,46.20271],[3.97097,46.18915],[3.99012,46.16911],[4.0305,46.16977],[4.05886,46.18806],[4.10383,46.19844],[4.13339,46.17732],[4.18701,46.17457],[4.18524,46.1894],[4.20791,46.19484],[4.22469,46.178],[4.25491,46.18801],[4.26352,46.17536],[4.24866,46.16711],[4.24991,46.15818],[4.28123,46.15594],[4.29231,46.17248],[4.31531,46.17064],[4.32709,46.18479],[4.37081,46.18432],[4.36283,46.20004],[4.38808,46.21979],[4.40716,46.22062],[4.42181,46.2086],[4.39533,46.19221],[4.43859,46.16788],[4.41736,46.13591],[4.38028,46.15],[4.32642,46.13261],[4.30702,46.1063],[4.31107,46.08032],[4.30143,46.07845],[4.30012,46.0652],[4.28574,46.05353],[4.25026,46.05004],[4.27644,46.023],[4.30585,46.02159],[4.31251,46.00559],[4.3001,45.98888],[4.289,45.99844],[4.27126,45.98803],[4.26285,46.00191],[4.24399,45.99586],[4.25113,45.98456],[4.2981,45.96566],[4.30072,45.94707],[4.34602,45.92994],[4.33476,45.91646],[4.34479,45.91539],[4.32322,45.90393],[4.34215,45.87718],[4.39621,45.86005],[4.37732,45.8248],[4.38893,45.80636],[4.37369,45.80506],[4.37966,45.78399],[4.35842,45.78329],[4.34807,45.76953],[4.35999,45.751],[4.39125,45.75493],[4.40292,45.74392],[4.36552,45.69852],[4.37345,45.69078],[4.3643,45.68446],[4.36592,45.67124],[4.39255,45.66248],[4.41017,45.6325],[4.44149,45.62305],[4.44943,45.6058],[4.47331,45.59676],[4.46908,45.58501],[4.50476,45.58625],[4.50477,45.57655],[4.51996,45.57294],[4.56726,45.58357],[4.58845,45.57056],[4.61486,45.57547],[4.6447,45.54052],[4.6594,45.5434],[4.64624,45.55507],[4.64972,45.56486],[4.68351,45.56541],[4.68302,45.55089],[4.6508,45.53086],[4.65134,45.4917],[4.67076,45.48346],[4.67097,45.47342],[4.67642,45.48196],[4.69838,45.47725],[4.72183,45.4944],[4.73955,45.48704],[4.73854,45.47277],[4.75694,45.45571],[4.76047,45.43709],[4.74225,45.41759],[4.75807,45.39124],[4.756,45.36567],[4.66236,45.34043],[4.63855,45.32619],[4.64057,45.31698],[4.61589,45.31199],[4.62283,45.29141],[4.5986,45.28949],[4.59065,45.27344],[4.60603,45.26279],[4.60195,45.25135],[4.54095,45.24361],[4.54055,45.23475],[4.5094,45.24479],[4.50845,45.2313],[4.47159,45.24004],[4.43089,45.2758],[4.4009,45.26953],[4.38713,45.25511],[4.36497,45.26265],[4.34933,45.27835],[4.37116,45.30114],[4.35127,45.30328],[4.33165,45.31848],[4.36529,45.33765],[4.35924,45.3504],[4.32497,45.37008],[4.27155,45.35841],[4.27131,45.37464],[4.25192,45.37345],[4.2326,45.38889],[4.20214,45.38149],[4.17793,45.3926],[4.14561,45.38431],[4.15812,45.37277],[4.15378,45.36479],[4.1194,45.36948],[4.10918,45.35564],[4.08039,45.35778],[4.0708,45.33605],[4.04588,45.35572],[4.02166,45.35049],[4.01954,45.32754],[3.98237,45.37434],[3.9594,45.36805],[3.94847,45.37645],[3.93693,45.37225],[3.9353,45.359],[3.91461,45.35405],[3.91933,45.3418],[3.90502,45.33412],[3.88923,45.39452],[3.91389,45.42225],[3.96258,45.43518],[3.96019,45.44318],[3.97411,45.44927],[3.96667,45.47205],[3.98296,45.48208],[3.98469,45.49523],[3.96147,45.5061],[3.94572,45.54516],[3.95435,45.55596],[3.93502,45.57838],[3.86092,45.61552],[3.85877,45.62471],[3.82345,45.63242],[3.77695,45.69084],[3.78085,45.72435],[3.76816,45.72825],[3.75861,45.74632],[3.74591,45.74225],[3.73226,45.75102],[3.72763,45.75594],[3.7389,45.76681],[3.73182,45.7745],[3.68858,45.79114],[3.71162,45.79955],[3.72844,45.83151],[3.71877,45.84831],[3.72852,45.86251],[3.72012,45.86112],[3.71637,45.87125],[3.73511,45.87066],[3.75437,45.88603],[3.72345,45.92187],[3.69402,45.93073],[3.69463,45.95038],[3.70581,45.95659],[3.70247,45.97009],[3.74724,45.96705],[3.75603,45.98283],[3.78714,45.97299],[3.82379,45.98735],[3.82973,45.99924],[3.80553,46.05234],[3.82153,46.08983],[3.79349,46.1122],[3.80175,46.13095],[3.78976,46.15485],[3.80881,46.16464],[3.78897,46.18568],[3.78817,46.20211],[3.79664,46.20701],[3.76821,46.23881],[3.80588,46.24093],[3.8038,46.25807],[3.86763,46.26253],[3.87766,46.27576],[3.89953,46.27591]]]}},{"type":"Feature","properties":{"code":"43","nom":"Haute-Loire"},"geometry":{"type":"Polygon","coordinates":[[[3.89741,45.35708],[3.90831,45.33332],[3.92252,45.34878],[3.91461,45.35405],[3.9353,45.359],[3.93693,45.37225],[3.94847,45.37645],[3.9594,45.36805],[3.97693,45.37594],[4.01954,45.32754],[4.02166,45.35049],[4.04588,45.35572],[4.0708,45.33605],[4.08039,45.35778],[4.10918,45.35564],[4.1194,45.36948],[4.15378,45.36479],[4.15812,45.37277],[4.14561,45.38431],[4.17793,45.3926],[4.20214,45.38149],[4.23456,45.3885],[4.25192,45.37345],[4.27131,45.37464],[4.27155,45.35841],[4.28872,45.35637],[4.29782,45.36802],[4.306,45.36112],[4.30877,45.37079],[4.33344,45.36857],[4.36564,45.33864],[4.33165,45.31848],[4.35127,45.30328],[4.37116,45.30114],[4.34943,45.27421],[4.38713,45.25511],[4.4009,45.26953],[4.43449,45.275],[4.49066,45.22359],[4.47658,45.21191],[4.47254,45.17941],[4.44705,45.16088],[4.44326,45.14083],[4.4564,45.11908],[4.43794,45.12198],[4.43604,45.10874],[4.42298,45.13727],[4.37394,45.14396],[4.36947,45.12855],[4.40019,45.11839],[4.39957,45.10476],[4.35922,45.09921],[4.36693,45.08896],[4.34604,45.06884],[4.35961,45.05568],[4.37775,45.05483],[4.38172,45.04158],[4.35211,45.02796],[4.30154,45.02609],[4.28983,44.99731],[4.31323,44.97957],[4.31167,44.97177],[4.25314,44.9589],[4.23599,44.9704],[4.22732,44.96579],[4.21657,44.93357],[4.18219,44.90801],[4.17948,44.88651],[4.15692,44.87341],[4.11658,44.8789],[4.07134,44.86666],[4.03396,44.87159],[4.02005,44.84586],[4.02652,44.83114],[4.00528,44.83802],[4.00039,44.81931],[3.98248,44.83263],[3.98854,44.8118],[3.96318,44.82975],[3.94495,44.82456],[3.937,44.79542],[3.92254,44.7774],[3.91077,44.77873],[3.92538,44.77012],[3.90021,44.76415],[3.89876,44.75265],[3.86946,44.7548],[3.86253,44.74386],[3.82982,44.75479],[3.84248,44.77162],[3.83154,44.77668],[3.80927,44.76516],[3.79853,44.78609],[3.76238,44.80067],[3.74255,44.83895],[3.66323,44.82983],[3.65742,44.83612],[3.67182,44.84339],[3.67244,44.85683],[3.65364,44.87594],[3.63021,44.88093],[3.59373,44.87657],[3.59874,44.85972],[3.58892,44.8264],[3.57058,44.83587],[3.56022,44.83279],[3.56152,44.82488],[3.50565,44.82385],[3.48907,44.807],[3.47824,44.80968],[3.45599,44.82916],[3.45885,44.83993],[3.42045,44.8951],[3.41038,44.91778],[3.41519,44.94158],[3.40438,44.95703],[3.38907,44.95137],[3.37135,44.96025],[3.37257,44.97545],[3.34795,44.97387],[3.34531,44.98581],[3.36447,44.99024],[3.37013,45.00517],[3.34971,45.00166],[3.3472,45.01423],[3.32497,45.00979],[3.33717,45.02534],[3.32704,45.03061],[3.31088,45.02039],[3.29725,45.03608],[3.31489,45.0851],[3.28977,45.08675],[3.28229,45.10319],[3.30457,45.1066],[3.32579,45.09514],[3.36145,45.10418],[3.29948,45.12524],[3.28803,45.12042],[3.27375,45.14528],[3.2816,45.15161],[3.26711,45.15453],[3.26061,45.17094],[3.27335,45.20841],[3.23536,45.22009],[3.23442,45.23765],[3.22095,45.24458],[3.22911,45.26486],[3.22322,45.27682],[3.20235,45.28238],[3.16494,45.26884],[3.16976,45.27987],[3.16099,45.29533],[3.118,45.28419],[3.08315,45.28937],[3.08461,45.29903],[3.11381,45.3091],[3.09046,45.32252],[3.11342,45.32709],[3.11285,45.35156],[3.10998,45.3514],[3.10415,45.35481],[3.18041,45.35146],[3.1746,45.35533],[3.18139,45.36469],[3.21865,45.36949],[3.23794,45.39363],[3.25407,45.38868],[3.29003,45.40066],[3.29817,45.4203],[3.32011,45.41317],[3.32758,45.39682],[3.34085,45.42136],[3.35595,45.4227],[3.37828,45.40077],[3.41966,45.39741],[3.46361,45.40188],[3.47978,45.4211],[3.50156,45.42699],[3.50647,45.41125],[3.52994,45.39822],[3.55617,45.39163],[3.57058,45.4021],[3.58805,45.37523],[3.5869,45.36129],[3.61863,45.33771],[3.64494,45.35101],[3.64482,45.35934],[3.66374,45.36167],[3.67021,45.38376],[3.70744,45.37387],[3.6999,45.35946],[3.73011,45.36144],[3.77582,45.3487],[3.79,45.35388],[3.7854,45.37018],[3.80494,45.3921],[3.82236,45.37987],[3.83585,45.38301],[3.83756,45.3658],[3.89741,45.35708]]]}},{"type":"Feature","properties":{"code":"44","nom":"Loire-Atlantique"},"geometry":{"type":"MultiPolygon","coordinates":[[[[-2.62024,47.41107],[-2.62008,47.41356],[-2.61777,47.41153],[-2.62024,47.41107]]],[[[-2.45849,47.44812],[-2.45343,47.46207],[-2.42303,47.47711],[-2.41721,47.46109],[-2.39994,47.45598],[-2.36826,47.46422],[-2.35253,47.45467],[-2.31697,47.46129],[-2.29642,47.51599],[-2.25494,47.51151],[-2.26564,47.50178],[-2.24428,47.4936],[-2.18452,47.51226],[-2.19216,47.49664],[-2.16462,47.48915],[-2.15418,47.49636],[-2.15602,47.52203],[-2.09855,47.53396],[-2.10385,47.59087],[-2.08602,47.60403],[-2.08499,47.62123],[-2.09704,47.63136],[-2.0812,47.6502],[-2.0515,47.64957],[-2.03908,47.66954],[-2.01291,47.66602],[-1.97438,47.69394],[-1.96124,47.67092],[-1.9363,47.68665],[-1.87828,47.69535],[-1.85831,47.70827],[-1.7716,47.69826],[-1.75137,47.70748],[-1.72206,47.69842],[-1.6895,47.71338],[-1.65751,47.70944],[-1.63818,47.72232],[-1.62306,47.76357],[-1.5944,47.76697],[-1.58641,47.77989],[-1.52904,47.78478],[-1.50327,47.80143],[-1.47311,47.80197],[-1.46675,47.80921],[-1.48241,47.83088],[-1.46257,47.83586],[-1.38907,47.82787],[-1.36506,47.7991],[-1.24588,47.77672],[-1.24964,47.76422],[-1.23466,47.75487],[-1.24172,47.74286],[-1.25572,47.74256],[-1.25543,47.73141],[-1.19512,47.72155],[-1.19622,47.7099],[-1.18159,47.7035],[-1.1895,47.69916],[-1.17493,47.69457],[-1.18081,47.66476],[-1.16075,47.6616],[-1.15741,47.63522],[-1.1382,47.61946],[-1.10065,47.62068],[-1.07799,47.60657],[-1.01039,47.59319],[-1.01912,47.57669],[-1.04185,47.56233],[-1.05564,47.56527],[-1.05238,47.55794],[-1.06049,47.55603],[-1.03861,47.54726],[-1.04446,47.5055],[-1.00643,47.48815],[-0.96548,47.4918],[-0.95913,47.48122],[-0.96805,47.46994],[-0.94671,47.4276],[-0.96106,47.41815],[-0.94581,47.38702],[-0.97487,47.37138],[-1.01522,47.36505],[-1.16652,47.36632],[-1.18766,47.35236],[-1.29691,47.33862],[-1.3542,47.30415],[-1.29574,47.30601],[-1.27505,47.29067],[-1.27781,47.27087],[-1.2539,47.2477],[-1.22836,47.23971],[-1.19804,47.25294],[-1.18097,47.24081],[-1.18847,47.22],[-1.17448,47.2144],[-1.17846,47.19339],[-1.16188,47.18754],[-1.16163,47.17764],[-1.2047,47.14486],[-1.23889,47.13704],[-1.22462,47.11889],[-1.24964,47.09844],[-1.16938,47.09317],[-1.15504,47.07244],[-1.11554,47.0627],[-1.11705,47.04013],[-1.14692,47.02951],[-1.20068,47.04002],[-1.27074,47.08468],[-1.28771,47.0763],[-1.28759,47.05704],[-1.30492,47.0406],[-1.29647,47.04316],[-1.29892,47.03466],[-1.34572,47.04573],[-1.34146,47.04037],[-1.36607,47.0417],[-1.37861,47.03085],[-1.36302,47.00523],[-1.37802,46.99173],[-1.35906,46.98113],[-1.36503,46.95694],[-1.45827,46.92584],[-1.47174,46.93318],[-1.45739,46.95541],[-1.47696,46.98097],[-1.46024,46.99296],[-1.47256,47.03106],[-1.50499,47.03886],[-1.55573,47.01449],[-1.54267,47.00327],[-1.55529,46.97857],[-1.51878,46.93463],[-1.5291,46.9227],[-1.54581,46.92556],[-1.50077,46.88389],[-1.54628,46.87471],[-1.54878,46.86016],[-1.60453,46.87546],[-1.66754,46.87588],[-1.68842,46.89069],[-1.72294,46.88402],[-1.73595,46.89446],[-1.74841,46.9295],[-1.83199,46.93227],[-1.82841,46.95303],[-1.87347,46.95315],[-1.91101,46.96937],[-1.91672,46.99216],[-1.94323,46.99471],[-1.96885,47.02767],[-1.98362,47.02951],[-2.00472,47.06146],[-2.05207,47.09381],[-2.10716,47.10665],[-2.10344,47.11436],[-2.13685,47.11054],[-2.24473,47.13032],[-2.2231,47.15388],[-2.17818,47.15615],[-2.16706,47.16618],[-2.15837,47.20905],[-2.18099,47.23263],[-2.17054,47.23975],[-2.16999,47.26848],[-2.18736,47.28062],[-2.22804,47.25615],[-2.25282,47.25344],[-2.26741,47.2384],[-2.29818,47.23312],[-2.37516,47.2788],[-2.42038,47.27645],[-2.42539,47.27096],[-2.41655,47.25872],[-2.4316,47.25832],[-2.54636,47.29065],[-2.53948,47.29959],[-2.51193,47.29958],[-2.50291,47.32875],[-2.52116,47.35881],[-2.55894,47.37457],[-2.4682,47.42091],[-2.46252,47.41101],[-2.4335,47.41306],[-2.45867,47.42361],[-2.44549,47.43564],[-2.45849,47.44812]]]]}},{"type":"Feature","properties":{"code":"45","nom":"Loiret"},"geometry":{"type":"Polygon","coordinates":[[[2.86803,48.15643],[2.95327,48.16501],[2.96361,48.15296],[2.99088,48.15249],[2.99839,48.13977],[3.00961,48.14577],[3.0294,48.1333],[3.01588,48.11571],[3.03529,48.11599],[3.03835,48.09885],[3.0504,48.09136],[3.05047,48.07233],[3.09536,48.05398],[3.09463,48.04041],[3.12426,48.03113],[3.09946,48.02075],[3.12421,48.0069],[3.12845,47.97097],[3.10931,47.96207],[3.10527,47.94694],[3.05081,47.92417],[3.05049,47.91064],[3.00956,47.90539],[3.01697,47.89892],[3.00723,47.89529],[3.01244,47.87413],[2.99831,47.86728],[3.03178,47.85036],[3.0297,47.83508],[3.01254,47.83437],[3.02206,47.81777],[3.01547,47.81354],[3.02813,47.802],[3.02528,47.78767],[2.98822,47.78603],[2.93077,47.76228],[2.90938,47.76931],[2.85199,47.75786],[2.85901,47.74954],[2.84897,47.71684],[2.86063,47.70992],[2.87886,47.72035],[2.87915,47.7038],[2.92675,47.68176],[2.91815,47.66979],[2.95423,47.64569],[2.93232,47.62705],[2.94522,47.60845],[2.93627,47.59932],[2.97654,47.56943],[2.95866,47.55738],[2.9143,47.56597],[2.90489,47.55621],[2.8739,47.55281],[2.87322,47.54512],[2.85655,47.55235],[2.84746,47.53966],[2.87463,47.52042],[2.83923,47.51123],[2.82535,47.49721],[2.79324,47.4977],[2.78529,47.51595],[2.746,47.52482],[2.73262,47.53804],[2.72234,47.5213],[2.72956,47.52033],[2.72002,47.50485],[2.72486,47.494],[2.68444,47.48297],[2.6576,47.48728],[2.65409,47.5122],[2.61532,47.52386],[2.61674,47.5409],[2.5632,47.57213],[2.49136,47.5683],[2.4394,47.6095],[2.37262,47.58553],[2.28963,47.62906],[2.23921,47.62098],[2.24105,47.64095],[2.21996,47.66787],[2.20532,47.66111],[2.20395,47.6781],[2.14852,47.67043],[2.12824,47.67876],[2.11103,47.66968],[2.07455,47.68215],[2.06646,47.67431],[2.00938,47.67875],[1.99775,47.67476],[1.99615,47.66396],[1.96412,47.6573],[1.94146,47.66033],[1.93552,47.67974],[1.86605,47.67457],[1.85862,47.69217],[1.84369,47.68635],[1.84517,47.65708],[1.81012,47.65329],[1.80295,47.63904],[1.78926,47.63704],[1.77882,47.64284],[1.78198,47.6523],[1.73994,47.66153],[1.71938,47.69592],[1.72806,47.69956],[1.71354,47.73335],[1.67233,47.73955],[1.62663,47.76097],[1.61472,47.73744],[1.58287,47.72644],[1.6005,47.74124],[1.54788,47.76976],[1.57125,47.78696],[1.56145,47.79068],[1.57054,47.79659],[1.52569,47.82025],[1.53514,47.84042],[1.54848,47.84122],[1.59051,47.87891],[1.57512,47.89838],[1.58142,47.90193],[1.52237,47.93211],[1.52598,47.94508],[1.55498,47.95324],[1.54784,47.96547],[1.56065,47.96803],[1.56649,47.9812],[1.55233,47.99194],[1.52012,47.98228],[1.5255,47.9928],[1.51706,47.99697],[1.52667,48.00727],[1.51255,48.02813],[1.52253,48.03463],[1.54707,48.02958],[1.55081,48.03523],[1.53903,48.03857],[1.54531,48.04459],[1.59412,48.0307],[1.59717,48.04317],[1.61935,48.04309],[1.62409,48.07001],[1.65568,48.07618],[1.67048,48.06237],[1.68893,48.07796],[1.74501,48.06388],[1.79798,48.07687],[1.80153,48.08943],[1.82976,48.07903],[1.84455,48.08903],[1.86567,48.08386],[1.8649,48.09519],[1.88439,48.09766],[1.90192,48.13111],[1.91262,48.12913],[1.9204,48.14639],[1.90334,48.15281],[1.91427,48.16746],[1.92505,48.17449],[1.97097,48.17107],[1.97099,48.18308],[1.95112,48.19505],[1.96656,48.20215],[1.96245,48.19445],[1.97083,48.18999],[1.9796,48.2039],[1.9626,48.2226],[1.96232,48.24687],[1.98426,48.26396],[1.99408,48.28659],[2.04126,48.28438],[2.05271,48.29547],[2.08534,48.29401],[2.10617,48.30763],[2.11372,48.30725],[2.1106,48.29695],[2.16375,48.29843],[2.1523,48.31591],[2.18069,48.31168],[2.20225,48.3446],[2.22757,48.32963],[2.24617,48.33126],[2.23805,48.31637],[2.2493,48.31629],[2.24516,48.2984],[2.2669,48.31468],[2.29569,48.30808],[2.31718,48.33157],[2.32755,48.33297],[2.35823,48.30849],[2.40266,48.32072],[2.42332,48.29476],[2.42352,48.26037],[2.45016,48.25004],[2.46909,48.25527],[2.48411,48.23905],[2.50619,48.23854],[2.50689,48.22599],[2.51833,48.22759],[2.51412,48.21438],[2.52313,48.19489],[2.50728,48.17968],[2.51653,48.16624],[2.50633,48.15644],[2.48324,48.16452],[2.44431,48.12423],[2.52187,48.12512],[2.53751,48.14034],[2.55827,48.14161],[2.57482,48.13127],[2.63967,48.13895],[2.66475,48.12054],[2.70532,48.12303],[2.72046,48.13691],[2.7552,48.14565],[2.73641,48.16631],[2.75517,48.16009],[2.79526,48.16908],[2.81142,48.16376],[2.79791,48.15116],[2.80122,48.13145],[2.82088,48.12966],[2.86803,48.15643]]]}},{"type":"Feature","properties":{"code":"46","nom":"Lot"},"geometry":{"type":"Polygon","coordinates":[[[1.44826,45.01931],[1.46199,45.0137],[1.48254,45.03019],[1.53747,45.04669],[1.54512,45.02888],[1.57631,45.0407],[1.62996,45.03357],[1.70266,44.98783],[1.71103,44.96729],[1.7508,44.95573],[1.74934,44.93758],[1.77493,44.92372],[1.7857,44.93691],[1.80129,44.92209],[1.82391,44.92768],[1.83117,44.94549],[1.84277,44.93708],[1.88742,44.95657],[1.90866,44.97842],[1.93907,44.97322],[1.94028,44.95289],[1.94916,44.95252],[1.99148,44.97591],[2.04544,44.98367],[2.06291,44.97651],[2.0807,44.95329],[2.0778,44.93393],[2.10728,44.91028],[2.08591,44.90384],[2.08434,44.88567],[2.12809,44.84531],[2.13531,44.827],[2.16772,44.81096],[2.16972,44.77748],[2.14846,44.76655],[2.15574,44.74245],[2.12995,44.69867],[2.15953,44.69741],[2.17915,44.67445],[2.16184,44.6634],[2.17404,44.65365],[2.16873,44.63861],[2.19377,44.62802],[2.21096,44.60492],[2.19397,44.60004],[2.20179,44.59605],[2.19442,44.58537],[2.17855,44.59435],[2.14846,44.57058],[2.13253,44.56948],[2.12495,44.57941],[2.10527,44.57123],[2.08129,44.58701],[2.06068,44.56538],[2.06767,44.57565],[2.05737,44.58291],[2.02886,44.55822],[1.98662,44.55],[1.96044,44.52],[1.91299,44.50516],[1.91645,44.48632],[1.89029,44.50589],[1.88442,44.48471],[1.84213,44.48202],[1.85321,44.46303],[1.84986,44.4357],[1.87319,44.42414],[1.87584,44.40727],[1.86725,44.39761],[1.90874,44.36421],[1.90891,44.35007],[1.89189,44.35297],[1.88208,44.34007],[1.85272,44.33167],[1.83333,44.33559],[1.82647,44.32359],[1.7944,44.33482],[1.77449,44.31192],[1.73735,44.32698],[1.73656,44.31806],[1.6995,44.31381],[1.65949,44.28326],[1.65237,44.29622],[1.63387,44.29885],[1.6522,44.28509],[1.63399,44.26856],[1.6143,44.28049],[1.61665,44.29766],[1.57073,44.3015],[1.57835,44.28392],[1.56076,44.27947],[1.57708,44.27022],[1.58725,44.24901],[1.57473,44.23394],[1.54139,44.2274],[1.51824,44.24952],[1.52631,44.26024],[1.50926,44.27378],[1.48454,44.27255],[1.47192,44.28685],[1.46453,44.26901],[1.45318,44.26736],[1.45356,44.25412],[1.38126,44.22551],[1.35758,44.20334],[1.33583,44.22859],[1.28236,44.23639],[1.28439,44.25252],[1.30502,44.26202],[1.29343,44.27268],[1.30314,44.29427],[1.27098,44.28106],[1.25469,44.28447],[1.24701,44.26607],[1.22056,44.2804],[1.21409,44.26819],[1.20462,44.28209],[1.1798,44.28913],[1.17899,44.31055],[1.16784,44.30287],[1.12241,44.31568],[1.10794,44.3274],[1.11549,44.33829],[1.08122,44.35438],[1.09169,44.36036],[1.08858,44.37111],[1.10459,44.36446],[1.13301,44.37128],[1.13704,44.39235],[1.10351,44.39231],[1.06408,44.37851],[1.05143,44.39209],[1.06131,44.40188],[1.05749,44.42767],[1.0282,44.434],[1.02401,44.47307],[1.00903,44.48004],[1.01623,44.50587],[0.98152,44.54444],[1.00888,44.54711],[1.01297,44.53626],[1.04524,44.56237],[1.0697,44.56611],[1.07439,44.57728],[1.10321,44.57173],[1.09459,44.59234],[1.15333,44.63774],[1.14673,44.6708],[1.17847,44.68264],[1.22455,44.68427],[1.27078,44.72273],[1.28778,44.71478],[1.30019,44.74428],[1.31605,44.74037],[1.32282,44.76504],[1.29846,44.77424],[1.30473,44.78454],[1.29331,44.78984],[1.29827,44.79619],[1.3641,44.81157],[1.36595,44.84579],[1.40249,44.85008],[1.41132,44.87229],[1.44192,44.87758],[1.43986,44.88895],[1.41225,44.90979],[1.42532,44.91997],[1.44235,44.91655],[1.4347,44.94452],[1.41663,44.96062],[1.42164,44.96858],[1.41259,44.97238],[1.41762,44.98295],[1.40927,45.006],[1.44826,45.01931]]]}},{"type":"Feature","properties":{"code":"47","nom":"Lot-et-Garonne"},"geometry":{"type":"Polygon","coordinates":[[[0.29733,44.76228],[0.34804,44.7196],[0.34054,44.70305],[0.3597,44.69033],[0.34891,44.6702],[0.35372,44.65443],[0.36558,44.66221],[0.41517,44.64589],[0.51554,44.67857],[0.54618,44.66465],[0.5673,44.67155],[0.58501,44.69901],[0.62002,44.6913],[0.63087,44.70609],[0.65449,44.69671],[0.65743,44.67785],[0.68369,44.67522],[0.76307,44.67857],[0.76249,44.6886],[0.78756,44.68543],[0.79773,44.70177],[0.827,44.69189],[0.82679,44.67344],[0.85244,44.66898],[0.83506,44.65329],[0.83804,44.6353],[0.817,44.627],[0.83934,44.61374],[0.83391,44.59995],[0.86967,44.59767],[0.87722,44.61581],[0.901,44.61745],[0.93872,44.6397],[0.96796,44.63465],[0.97946,44.64388],[1.01361,44.6144],[1.07298,44.59631],[1.07796,44.58383],[1.0697,44.56611],[1.04524,44.56237],[1.01297,44.53626],[1.00888,44.54711],[0.98152,44.54444],[1.01623,44.50587],[1.00903,44.48004],[1.02401,44.47307],[1.0282,44.434],[1.05749,44.42767],[1.06131,44.40188],[1.05143,44.39209],[1.06448,44.38054],[1.06065,44.3656],[0.99671,44.36914],[0.9773,44.35618],[0.95151,44.36158],[0.94238,44.3446],[0.93714,44.36943],[0.91985,44.38442],[0.89638,44.38184],[0.88733,44.36637],[0.89611,44.34623],[0.86917,44.30989],[0.89412,44.29693],[0.91643,44.3022],[0.92582,44.28647],[0.95079,44.27506],[0.94029,44.26333],[0.92778,44.26741],[0.93263,44.24834],[0.91909,44.23827],[0.92924,44.23025],[0.90597,44.19012],[0.86174,44.19339],[0.85302,44.18391],[0.85363,44.17478],[0.87099,44.1679],[0.88918,44.17199],[0.894,44.13789],[0.88269,44.14207],[0.88094,44.12999],[0.86697,44.12635],[0.8189,44.14385],[0.78857,44.14439],[0.79889,44.11064],[0.77569,44.11582],[0.75683,44.1074],[0.73868,44.06102],[0.68567,44.04617],[0.67709,44.02697],[0.6604,44.02542],[0.65408,44.04243],[0.59376,44.07929],[0.57588,44.07591],[0.55547,44.05475],[0.51214,44.0633],[0.50594,44.05185],[0.45952,44.05524],[0.44245,44.02876],[0.39687,44.02231],[0.38152,44.00638],[0.3581,44.01701],[0.31653,44.01012],[0.3177,43.99461],[0.30285,43.99098],[0.23338,44.00889],[0.23138,44.0228],[0.20587,44.02102],[0.16471,43.99499],[0.15754,43.97284],[0.13864,43.97477],[0.14166,43.99424],[0.12679,44.00191],[0.11682,43.98804],[0.07812,43.98112],[0.06083,44.00724],[0.05992,44.02473],[0.07226,44.02534],[0.08728,44.05211],[0.08303,44.06359],[0.10483,44.07826],[0.10104,44.08727],[0.13587,44.10855],[0.13511,44.12422],[0.03459,44.13065],[-0.00354,44.1499],[-0.12915,44.15241],[-0.12949,44.20413],[-0.14069,44.2264],[-0.12318,44.24065],[-0.10806,44.23102],[-0.08825,44.23627],[-0.07437,44.25241],[-0.06662,44.24676],[-0.05336,44.26576],[-0.03298,44.27173],[-0.0434,44.29357],[-0.03481,44.29673],[-0.08575,44.33761],[-0.07882,44.3537],[-0.02882,44.36018],[-0.01223,44.37196],[0.01472,44.36661],[0.0236,44.37747],[0.00702,44.38185],[0.01823,44.38988],[-0.0139,44.4187],[-0.00471,44.44194],[0.00753,44.44714],[0.00488,44.45683],[-0.01325,44.46063],[-0.01513,44.50659],[0.0181,44.52978],[-0.00102,44.55177],[0.02098,44.54146],[0.03774,44.55415],[0.07153,44.54949],[0.08618,44.57629],[0.08223,44.58405],[0.15086,44.60864],[0.15503,44.61516],[0.13813,44.63896],[0.16521,44.63286],[0.18221,44.65929],[0.16217,44.67052],[0.13259,44.66835],[0.13373,44.68244],[0.10408,44.68562],[0.10034,44.70098],[0.11805,44.71307],[0.1334,44.70463],[0.13991,44.73644],[0.17506,44.73373],[0.18417,44.74871],[0.19168,44.74881],[0.20146,44.72315],[0.21914,44.72464],[0.20999,44.74045],[0.22649,44.76439],[0.25157,44.75022],[0.29733,44.76228]]]}},{"type":"Feature","properties":{"code":"48","nom":"Lozère"},"geometry":{"type":"Polygon","coordinates":[[[3.35453,44.95482],[3.37257,44.97545],[3.37135,44.96025],[3.38907,44.95137],[3.40438,44.95703],[3.41519,44.94158],[3.41038,44.91778],[3.42045,44.8951],[3.45885,44.83993],[3.45599,44.82916],[3.47824,44.80968],[3.48907,44.807],[3.50565,44.82385],[3.56152,44.82488],[3.56022,44.83279],[3.57058,44.83587],[3.58892,44.8264],[3.59874,44.85972],[3.59373,44.87657],[3.63021,44.88093],[3.65364,44.87594],[3.67244,44.85683],[3.67182,44.84339],[3.65742,44.83612],[3.66323,44.82983],[3.74255,44.83895],[3.7612,44.80186],[3.79853,44.78609],[3.80927,44.76516],[3.83356,44.77647],[3.84319,44.77022],[3.82982,44.75479],[3.83543,44.74804],[3.87546,44.74063],[3.8782,44.73231],[3.86686,44.72842],[3.86151,44.71202],[3.87256,44.70723],[3.86965,44.6971],[3.8843,44.69758],[3.86954,44.67825],[3.89705,44.64548],[3.894,44.6137],[3.9071,44.61059],[3.90517,44.59271],[3.91828,44.58848],[3.9243,44.57142],[3.95472,44.56686],[3.9881,44.50419],[3.98585,44.47816],[3.99816,44.4598],[3.97526,44.44293],[3.96114,44.41397],[3.94874,44.41257],[3.95106,44.40142],[3.91649,44.40465],[3.88586,44.38827],[3.90725,44.37538],[3.93462,44.3359],[3.95223,44.33154],[3.92286,44.30522],[3.93942,44.28698],[3.93372,44.27572],[3.9457,44.26668],[3.9601,44.2708],[3.97477,44.25584],[3.94617,44.24238],[3.95159,44.21826],[3.93657,44.19492],[3.95988,44.19125],[3.9738,44.16397],[3.92333,44.18233],[3.92727,44.1613],[3.88963,44.14494],[3.87553,44.12654],[3.83212,44.13734],[3.797,44.12739],[3.76039,44.15116],[3.70625,44.16469],[3.66984,44.18638],[3.66031,44.17384],[3.6371,44.17635],[3.62749,44.15449],[3.65324,44.14596],[3.636,44.14058],[3.63284,44.12122],[3.60317,44.11578],[3.56384,44.12324],[3.54342,44.10928],[3.53225,44.122],[3.43973,44.12901],[3.43083,44.148],[3.39562,44.16863],[3.37365,44.17076],[3.35741,44.19323],[3.36279,44.2015],[3.2939,44.20698],[3.23769,44.18996],[3.20409,44.18973],[3.23054,44.23034],[3.1893,44.24749],[3.16164,44.24454],[3.14649,44.27669],[3.13836,44.26414],[3.12017,44.26184],[3.12349,44.28464],[3.15425,44.30837],[3.14505,44.31815],[3.15426,44.33095],[3.13374,44.33033],[3.13198,44.35717],[3.11933,44.3641],[3.12444,44.38017],[3.11784,44.38427],[3.14042,44.39221],[3.13715,44.41091],[3.12672,44.41396],[3.1417,44.42635],[3.13683,44.45624],[3.06884,44.50132],[3.08386,44.56041],[3.03218,44.59768],[2.98176,44.652],[3.01653,44.71437],[3.03913,44.71499],[3.03443,44.72919],[3.02636,44.72893],[3.03108,44.74941],[3.04904,44.76272],[3.0466,44.80174],[3.07698,44.82419],[3.07266,44.83744],[3.09916,44.83291],[3.09324,44.85424],[3.1077,44.86647],[3.10398,44.88656],[3.1411,44.90332],[3.16467,44.87381],[3.18855,44.86145],[3.19918,44.87464],[3.23633,44.88791],[3.22643,44.90998],[3.24969,44.91624],[3.24173,44.9337],[3.24841,44.93951],[3.26663,44.94229],[3.26153,44.93207],[3.28602,44.92638],[3.33795,44.95591],[3.35453,44.95482]]]}},{"type":"Feature","properties":{"code":"49","nom":"Maine-et-Loire"},"geometry":{"type":"MultiPolygon","coordinates":[[[[-0.7408,47.74228],[-0.74019,47.73972],[-0.74278,47.74173],[-0.7408,47.74228]]],[[[-1.24964,47.76422],[-1.23825,47.80999],[-1.17099,47.77922],[-1.14381,47.77423],[-1.12497,47.78433],[-1.03361,47.77049],[-1.02219,47.77793],[-1.01347,47.76675],[-0.98002,47.76149],[-0.95165,47.76671],[-0.95541,47.77907],[-0.97122,47.78281],[-0.95203,47.7965],[-0.89518,47.77441],[-0.89318,47.76353],[-0.83929,47.75227],[-0.83993,47.76828],[-0.81607,47.77123],[-0.78339,47.75018],[-0.75931,47.75375],[-0.74744,47.73909],[-0.74576,47.74241],[-0.74171,47.73811],[-0.71033,47.7446],[-0.65215,47.7341],[-0.61082,47.73569],[-0.58478,47.75836],[-0.53292,47.75069],[-0.51943,47.76416],[-0.51901,47.78734],[-0.48477,47.78003],[-0.45363,47.75673],[-0.41003,47.76521],[-0.41601,47.78014],[-0.37522,47.76049],[-0.37492,47.73895],[-0.35694,47.73046],[-0.36251,47.71516],[-0.28585,47.71952],[-0.23465,47.70326],[-0.20237,47.72524],[-0.17455,47.71644],[-0.22019,47.68962],[-0.19506,47.66138],[-0.19652,47.64892],[-0.15868,47.64695],[-0.1345,47.63249],[-0.11133,47.63536],[-0.11425,47.64813],[-0.10184,47.66188],[-0.08972,47.65039],[-0.07211,47.65991],[-0.05468,47.64842],[-0.02458,47.64669],[-0.02002,47.63712],[-0.00451,47.64769],[0.01373,47.622],[0.06033,47.60426],[0.11569,47.60573],[0.14571,47.58128],[0.18311,47.59683],[0.18583,47.61654],[0.20183,47.61409],[0.20625,47.60342],[0.22413,47.61229],[0.23243,47.60579],[0.23434,47.57793],[0.21512,47.57299],[0.19334,47.53911],[0.20662,47.52641],[0.22606,47.52659],[0.22011,47.50195],[0.18094,47.45341],[0.18085,47.41615],[0.15386,47.39873],[0.18296,47.38033],[0.14041,47.3618],[0.1473,47.34538],[0.11746,47.33234],[0.0786,47.28394],[0.09,47.28164],[0.06793,47.24733],[0.07932,47.21677],[0.05297,47.19677],[0.06659,47.18979],[0.06348,47.17619],[0.03664,47.16035],[0.01901,47.17576],[-0.01218,47.15595],[-0.04098,47.11355],[-0.0266,47.10588],[-0.03562,47.08626],[-0.0859,47.10101],[-0.10141,47.08551],[-0.10212,47.0648],[-0.1289,47.05424],[-0.14732,47.06968],[-0.17902,47.07017],[-0.14055,47.09705],[-0.14126,47.10374],[-0.17955,47.108],[-0.20627,47.09319],[-0.24074,47.1057],[-0.34146,47.08733],[-0.35347,47.09533],[-0.39592,47.09159],[-0.40685,47.06702],[-0.45799,47.06877],[-0.48038,47.05363],[-0.48554,47.06521],[-0.45956,47.08241],[-0.49445,47.08309],[-0.5573,47.06437],[-0.55573,47.04258],[-0.54253,47.03234],[-0.56226,47.03066],[-0.59549,46.99795],[-0.6455,46.99212],[-0.67058,47.0029],[-0.68019,46.98766],[-0.69847,46.99456],[-0.71588,46.98388],[-0.74337,47.0007],[-0.74286,46.9919],[-0.76195,46.99214],[-0.76934,47.00293],[-0.78758,47.00514],[-0.80845,46.98758],[-0.8115,46.99435],[-0.84428,46.98931],[-0.86076,46.96868],[-0.89196,46.97582],[-0.89727,46.98967],[-0.93256,47.00204],[-0.92925,47.00808],[-0.96087,46.99528],[-0.97633,47.01821],[-0.98192,47.01054],[-1.00226,47.02129],[-1.01492,47.00467],[-1.05472,47.00436],[-1.14525,47.02618],[-1.11705,47.04013],[-1.11554,47.0627],[-1.15504,47.07244],[-1.16938,47.09317],[-1.24964,47.09844],[-1.22462,47.11889],[-1.23889,47.13704],[-1.2047,47.14486],[-1.16163,47.17764],[-1.16188,47.18754],[-1.17846,47.19339],[-1.17448,47.2144],[-1.18847,47.22],[-1.18097,47.24081],[-1.19804,47.25294],[-1.22836,47.23971],[-1.2539,47.2477],[-1.27781,47.27087],[-1.27505,47.29067],[-1.29574,47.30601],[-1.3542,47.30415],[-1.29691,47.33862],[-1.18766,47.35236],[-1.16652,47.36632],[-1.01522,47.36505],[-0.97487,47.37138],[-0.94581,47.38702],[-0.96106,47.41815],[-0.94671,47.4276],[-0.96805,47.46994],[-0.95913,47.48122],[-0.96548,47.4918],[-1.00643,47.48815],[-1.04446,47.5055],[-1.03861,47.54726],[-1.06049,47.55603],[-1.00684,47.58874],[-1.03685,47.60246],[-1.07799,47.60657],[-1.10065,47.62068],[-1.1382,47.61946],[-1.15741,47.63522],[-1.16075,47.6616],[-1.18081,47.66476],[-1.17493,47.69457],[-1.1895,47.69916],[-1.18159,47.7035],[-1.19622,47.7099],[-1.19512,47.72155],[-1.25543,47.73141],[-1.25572,47.74256],[-1.24172,47.74286],[-1.23466,47.75487],[-1.24964,47.76422]]]]}},{"type":"Feature","properties":{"code":"50","nom":"Manche"},"geometry":{"type":"MultiPolygon","coordinates":[[[[-1.24053,49.58545],[-1.24801,49.5876],[-1.24911,49.59037],[-1.24274,49.59128],[-1.24053,49.58545]]],[[[-1.84184,48.87556],[-1.84264,48.8785],[-1.841,48.87789],[-1.84184,48.87556]]],[[[-1.5109,48.63502],[-1.5132,48.63585],[-1.5111,48.63695],[-1.5109,48.63502]]],[[[-1.82236,48.87204],[-1.83262,48.86901],[-1.83869,48.87783],[-1.82236,48.87204]]],[[[-1.76603,48.87183],[-1.76782,48.8745],[-1.76609,48.87506],[-1.76603,48.87183]]],[[[-1.11962,49.35557],[-1.11331,49.32669],[-1.14071,49.30601],[-1.13468,49.2868],[-1.12057,49.27907],[-1.13369,49.27858],[-1.13592,49.27032],[-1.09641,49.25428],[-1.06086,49.22522],[-1.03743,49.22226],[-1.02267,49.20339],[-0.97352,49.19145],[-0.9544,49.20023],[-0.94666,49.2152],[-0.93312,49.21589],[-0.926,49.232],[-0.90087,49.20297],[-0.88943,49.20441],[-0.91591,49.18949],[-0.90608,49.18383],[-0.91613,49.1844],[-0.92591,49.16405],[-0.95878,49.16139],[-0.93133,49.15787],[-0.94086,49.15246],[-0.88659,49.12943],[-0.92465,49.10238],[-0.89135,49.11935],[-0.87846,49.1171],[-0.88058,49.09071],[-0.86909,49.0679],[-0.8918,49.04555],[-0.86087,49.03083],[-0.90511,49.0114],[-0.91099,48.99354],[-0.94241,48.96799],[-0.98877,48.95193],[-1.00529,48.93538],[-1.03211,48.93811],[-1.06587,48.92027],[-1.01978,48.92739],[-1.01341,48.9152],[-1.07042,48.87018],[-1.09852,48.87609],[-1.12116,48.84822],[-1.15708,48.83637],[-1.15949,48.82612],[-1.1023,48.81426],[-1.09116,48.79308],[-1.10116,48.78972],[-1.05873,48.77335],[-1.04505,48.78316],[-1.01268,48.77178],[-0.97101,48.77283],[-0.96705,48.78608],[-0.95105,48.78924],[-0.93629,48.77517],[-0.89393,48.76743],[-0.88264,48.75618],[-0.82126,48.77122],[-0.85209,48.74575],[-0.85088,48.73219],[-0.81775,48.73109],[-0.79035,48.70407],[-0.73474,48.68552],[-0.77336,48.65748],[-0.76208,48.63101],[-0.73874,48.62259],[-0.75349,48.62075],[-0.75174,48.60132],[-0.76962,48.58994],[-0.77417,48.56268],[-0.8059,48.55077],[-0.8697,48.49818],[-0.90915,48.4967],[-0.92271,48.50332],[-0.92331,48.51345],[-0.9554,48.51729],[-0.97225,48.4946],[-1.004,48.48917],[-1.06044,48.51494],[-1.07277,48.50796],[-1.11632,48.52154],[-1.14708,48.5175],[-1.16991,48.5311],[-1.19286,48.52891],[-1.20689,48.54219],[-1.24901,48.54366],[-1.27225,48.53392],[-1.27976,48.50861],[-1.32751,48.49812],[-1.32894,48.48632],[-1.33936,48.49094],[-1.34939,48.4817],[-1.34469,48.47307],[-1.36975,48.46055],[-1.42795,48.46192],[-1.45026,48.4876],[-1.48995,48.48937],[-1.5159,48.53792],[-1.53449,48.55031],[-1.51892,48.56659],[-1.52775,48.57907],[-1.54299,48.58044],[-1.53722,48.59875],[-1.56607,48.61428],[-1.57109,48.62645],[-1.52813,48.62948],[-1.51274,48.61312],[-1.44869,48.62348],[-1.42493,48.64358],[-1.37404,48.64237],[-1.35175,48.63122],[-1.36384,48.64671],[-1.39961,48.65553],[-1.37418,48.68829],[-1.44577,48.65477],[-1.44929,48.67],[-1.50494,48.6874],[-1.52928,48.73012],[-1.57101,48.74422],[-1.57444,48.82168],[-1.59401,48.83474],[-1.61443,48.83422],[-1.58484,48.84893],[-1.56434,48.92158],[-1.55324,48.93421],[-1.56063,48.91333],[-1.55452,48.89391],[-1.54993,48.89636],[-1.54342,48.93103],[-1.56251,48.94528],[-1.56071,49.00148],[-1.54826,48.9902],[-1.55681,49.02665],[-1.53452,49.03406],[-1.50553,49.02037],[-1.54256,49.04132],[-1.56013,49.03671],[-1.57703,49.02001],[-1.57623,49.00041],[-1.59888,49.03737],[-1.59732,49.07294],[-1.60894,49.08277],[-1.60988,49.07391],[-1.60883,49.1056],[-1.59475,49.13193],[-1.58107,49.13167],[-1.59583,49.14283],[-1.61363,49.21876],[-1.56856,49.22164],[-1.61469,49.23795],[-1.62552,49.21006],[-1.67839,49.28207],[-1.65736,49.28182],[-1.6853,49.2885],[-1.71117,49.3251],[-1.69784,49.32453],[-1.6746,49.33201],[-1.71942,49.32498],[-1.7871,49.37459],[-1.75692,49.36819],[-1.75865,49.37336],[-1.77155,49.38002],[-1.78728,49.37589],[-1.78947,49.36923],[-1.80916,49.3721],[-1.82366,49.40147],[-1.82677,49.45292],[-1.84775,49.47373],[-1.84817,49.50375],[-1.88661,49.52635],[-1.88529,49.5414],[-1.85792,49.55139],[-1.839,49.5764],[-1.85004,49.63264],[-1.87235,49.65732],[-1.94689,49.67454],[-1.93589,49.6899],[-1.94808,49.71723],[-1.94219,49.7261],[-1.92207,49.72647],[-1.88291,49.70571],[-1.85179,49.7184],[-1.82286,49.69031],[-1.68748,49.67393],[-1.67242,49.65765],[-1.63285,49.66065],[-1.61545,49.65818],[-1.63124,49.65367],[-1.61516,49.64346],[-1.60275,49.6465],[-1.5999,49.66073],[-1.58669,49.65099],[-1.54182,49.65404],[-1.48693,49.66852],[-1.47326,49.69701],[-1.45511,49.69121],[-1.43655,49.70168],[-1.37099,49.7073],[-1.2662,49.69542],[-1.2721,49.67944],[-1.23913,49.65364],[-1.22866,49.60607],[-1.25429,49.61266],[-1.27212,49.57069],[-1.26975,49.58383],[-1.29623,49.58317],[-1.30669,49.56655],[-1.30636,49.53893],[-1.17115,49.41252],[-1.16173,49.39175],[-1.17935,49.37753],[-1.17754,49.36489],[-1.11962,49.35557]]]]}},{"type":"Feature","properties":{"code":"51","nom":"Marne"},"geometry":{"type":"Polygon","coordinates":[[[4.04797,49.40564],[4.19143,49.40104],[4.20131,49.38378],[4.24832,49.38226],[4.2584,49.36352],[4.27714,49.35146],[4.29405,49.35266],[4.28799,49.34916],[4.3083,49.32665],[4.33751,49.32596],[4.34384,49.31398],[4.37562,49.32381],[4.39617,49.29218],[4.44722,49.27254],[4.51605,49.28017],[4.55708,49.29532],[4.59792,49.29145],[4.59214,49.27345],[4.60801,49.26933],[4.61865,49.23864],[4.63426,49.2318],[4.6705,49.24124],[4.68893,49.25747],[4.72701,49.25353],[4.74423,49.24147],[4.81542,49.24985],[4.83081,49.23337],[4.86646,49.22657],[4.86185,49.23986],[4.88305,49.25652],[4.87738,49.26268],[4.92398,49.26654],[4.91692,49.26041],[4.93427,49.25957],[4.92158,49.25211],[4.97076,49.23606],[4.99339,49.20985],[4.93976,49.18507],[4.99662,49.10661],[5.00574,49.05987],[4.96543,49.02144],[5.01022,49.03512],[5.03652,49.02383],[5.03458,48.99347],[5.00467,48.99301],[4.9938,48.98416],[5.03945,48.97387],[5.01411,48.93735],[4.95067,48.93089],[4.91882,48.90557],[4.91244,48.89816],[4.9247,48.89136],[4.91166,48.86871],[4.92525,48.86404],[4.93703,48.84254],[4.88887,48.81685],[4.89685,48.80884],[4.88858,48.80061],[4.93313,48.79137],[4.98136,48.74564],[5.00922,48.74139],[5.00459,48.71972],[5.016,48.70952],[4.99726,48.7096],[5.00641,48.69907],[4.98843,48.68442],[4.95149,48.6887],[4.93868,48.67477],[4.91127,48.68871],[4.86778,48.6672],[4.81708,48.68041],[4.78167,48.6702],[4.77188,48.65188],[4.84196,48.64967],[4.85798,48.61433],[4.82966,48.61248],[4.79678,48.59529],[4.76428,48.59482],[4.77602,48.56596],[4.79633,48.56804],[4.78278,48.55416],[4.79918,48.52978],[4.79133,48.52847],[4.71801,48.54199],[4.67018,48.53189],[4.63774,48.54186],[4.63492,48.5515],[4.64234,48.55224],[4.63062,48.55472],[4.56831,48.54819],[4.54541,48.52525],[4.52563,48.52815],[4.52854,48.54042],[4.51104,48.54782],[4.49393,48.53875],[4.4092,48.55877],[4.31492,48.61622],[4.33438,48.63248],[4.31733,48.65166],[4.32839,48.65629],[4.32282,48.66385],[4.33425,48.67524],[4.32289,48.68366],[4.32559,48.70028],[4.29938,48.71459],[4.26405,48.70605],[4.24311,48.71667],[4.23304,48.70231],[4.16526,48.70763],[4.13109,48.68615],[4.07979,48.70112],[4.0582,48.66627],[4.0017,48.66388],[3.98471,48.65338],[3.97867,48.62639],[3.96845,48.63167],[3.94924,48.60343],[3.90842,48.60175],[3.90005,48.57484],[3.85386,48.58023],[3.86496,48.56817],[3.85861,48.55818],[3.86558,48.53793],[3.8259,48.51517],[3.79804,48.52911],[3.73842,48.53832],[3.64364,48.53626],[3.63355,48.54178],[3.62627,48.57765],[3.60424,48.57245],[3.5927,48.58763],[3.58259,48.58546],[3.57989,48.60486],[3.56259,48.60262],[3.55482,48.62201],[3.51907,48.63347],[3.53324,48.64651],[3.49288,48.64762],[3.45109,48.63465],[3.46043,48.65301],[3.44061,48.66365],[3.47778,48.69792],[3.4643,48.70738],[3.46973,48.73787],[3.44407,48.73663],[3.42852,48.75839],[3.39911,48.755],[3.40892,48.7839],[3.42945,48.77943],[3.44395,48.79139],[3.44212,48.80358],[3.40417,48.80927],[3.41661,48.81783],[3.4872,48.81519],[3.49131,48.83467],[3.48183,48.86594],[3.50191,48.87192],[3.52858,48.91214],[3.57075,48.91492],[3.57444,48.93902],[3.60255,48.94393],[3.59156,48.96037],[3.62121,48.96603],[3.63989,49.00409],[3.67772,49.01397],[3.65008,49.04282],[3.61571,49.03363],[3.5852,49.03887],[3.58771,49.05939],[3.63847,49.07744],[3.6118,49.11809],[3.60002,49.12069],[3.62225,49.1511],[3.68726,49.15418],[3.70274,49.14145],[3.74877,49.15708],[3.75115,49.1777],[3.71123,49.17819],[3.69731,49.18843],[3.70487,49.19859],[3.69861,49.2055],[3.68158,49.19747],[3.68179,49.20534],[3.65283,49.21543],[3.67815,49.23533],[3.66069,49.26008],[3.65387,49.25423],[3.65899,49.28682],[3.63834,49.30136],[3.64394,49.31272],[3.74222,49.33651],[3.74109,49.34759],[3.77753,49.35582],[3.82406,49.35735],[3.85284,49.34497],[3.85874,49.35412],[3.84789,49.36457],[3.8561,49.36424],[3.85985,49.38615],[3.82238,49.40238],[3.88118,49.40529],[3.89574,49.39278],[3.92523,49.40758],[3.96131,49.37734],[3.99494,49.3779],[4.01273,49.3583],[4.0355,49.3599],[4.04797,49.40564]]]}},{"type":"Feature","properties":{"code":"52","nom":"Haute-Marne"},"geometry":{"type":"Polygon","coordinates":[[[4.67018,48.53189],[4.71801,48.54199],[4.79918,48.52978],[4.78278,48.55416],[4.79633,48.56804],[4.77602,48.56596],[4.76428,48.59482],[4.79678,48.59529],[4.82966,48.61248],[4.85798,48.61433],[4.84196,48.64967],[4.77188,48.65188],[4.78167,48.6702],[4.81708,48.68041],[4.86778,48.6672],[4.91127,48.68871],[4.93868,48.67477],[4.95149,48.6887],[5.0046,48.68188],[5.01105,48.66783],[4.99281,48.65827],[5.00616,48.63348],[4.99467,48.62183],[5.0007,48.61373],[5.03292,48.61356],[5.05667,48.63233],[5.07089,48.59573],[5.11945,48.59572],[5.11791,48.58495],[5.14629,48.56028],[5.16716,48.56502],[5.21225,48.52879],[5.22735,48.53196],[5.29621,48.50841],[5.30562,48.51591],[5.32755,48.50938],[5.358,48.47757],[5.3977,48.47381],[5.40911,48.44466],[5.45077,48.42268],[5.46834,48.42377],[5.41965,48.395],[5.39391,48.39165],[5.44288,48.37939],[5.41855,48.36069],[5.41697,48.3427],[5.4268,48.33122],[5.48096,48.35641],[5.52653,48.34686],[5.52461,48.33355],[5.53733,48.31833],[5.58888,48.27559],[5.61329,48.29109],[5.65381,48.26852],[5.64153,48.24175],[5.67742,48.22898],[5.68779,48.23418],[5.71824,48.2145],[5.73098,48.1897],[5.70182,48.19044],[5.67964,48.17929],[5.6851,48.14666],[5.65737,48.12165],[5.67212,48.10944],[5.64939,48.10505],[5.62901,48.08442],[5.65592,48.06913],[5.65753,48.08621],[5.6968,48.07723],[5.72054,48.04424],[5.74004,48.05011],[5.7645,48.02991],[5.77695,48.03351],[5.79467,47.99801],[5.77849,47.97801],[5.78728,47.9526],[5.80527,47.94697],[5.83158,47.95776],[5.84584,47.9757],[5.85753,47.94506],[5.88475,47.92951],[5.8873,47.90364],[5.84839,47.90433],[5.8207,47.8691],[5.82806,47.85803],[5.81785,47.85325],[5.82798,47.85187],[5.79608,47.84675],[5.79888,47.8557],[5.76119,47.85933],[5.7442,47.84885],[5.75108,47.82903],[5.74076,47.8192],[5.68989,47.8191],[5.67661,47.77916],[5.67997,47.76997],[5.70753,47.76755],[5.70958,47.7453],[5.69039,47.73515],[5.69522,47.726],[5.68342,47.71671],[5.69353,47.70481],[5.69106,47.68463],[5.59668,47.67169],[5.58509,47.70015],[5.56739,47.70712],[5.52978,47.67283],[5.48277,47.68463],[5.4475,47.67083],[5.42018,47.67767],[5.40634,47.6734],[5.39905,47.65325],[5.40575,47.64687],[5.38582,47.63511],[5.3726,47.61839],[5.37408,47.60454],[5.35557,47.59147],[5.34073,47.59623],[5.34103,47.60837],[5.32234,47.61236],[5.29821,47.60434],[5.2779,47.58136],[5.25312,47.57685],[5.23802,47.59654],[5.2586,47.62221],[5.23694,47.61678],[5.21141,47.64189],[5.1736,47.65257],[5.17834,47.68095],[5.16186,47.6805],[5.12537,47.64677],[5.0535,47.66827],[5.04359,47.67652],[5.06065,47.69479],[5.02877,47.69328],[5.02915,47.70992],[4.99675,47.68997],[4.96909,47.68583],[4.97198,47.69157],[4.95414,47.70146],[4.97166,47.72941],[4.9568,47.73245],[4.96615,47.74056],[4.95899,47.76187],[4.92268,47.75895],[4.91796,47.77709],[4.98226,47.80009],[4.99413,47.81975],[4.96043,47.8394],[4.95409,47.86677],[4.92746,47.87155],[4.92858,47.88623],[4.90291,47.92104],[4.86934,47.91745],[4.86043,47.89631],[4.83404,47.90679],[4.83122,47.91787],[4.8661,47.94051],[4.85774,47.95207],[4.84518,47.96125],[4.78651,47.9642],[4.79497,47.98446],[4.80919,47.99009],[4.78908,48.00783],[4.71994,48.0089],[4.70424,48.02023],[4.71453,48.0212],[4.70504,48.02773],[4.72315,48.04576],[4.69048,48.07269],[4.65754,48.07924],[4.70613,48.08951],[4.7041,48.10011],[4.72416,48.10624],[4.73187,48.11944],[4.83439,48.10516],[4.8286,48.12908],[4.85237,48.14274],[4.83699,48.15149],[4.83689,48.16786],[4.86442,48.19921],[4.86161,48.21092],[4.83525,48.22106],[4.85387,48.22876],[4.83946,48.23748],[4.84499,48.2572],[4.86162,48.26636],[4.84239,48.28357],[4.85085,48.29625],[4.82628,48.30224],[4.81422,48.32301],[4.84005,48.34197],[4.75458,48.36655],[4.76019,48.38761],[4.74785,48.39215],[4.7053,48.39085],[4.70015,48.39595],[4.70836,48.40118],[4.68176,48.41761],[4.68953,48.42469],[4.67845,48.44053],[4.62935,48.46115],[4.62781,48.46864],[4.65347,48.47055],[4.65814,48.50591],[4.67662,48.51748],[4.67018,48.53189]]]}},{"type":"Feature","properties":{"code":"53","nom":"Mayenne"},"geometry":{"type":"Polygon","coordinates":[[[-1.07853,48.4901],[-1.06044,48.51494],[-1.004,48.48917],[-0.97225,48.4946],[-0.9554,48.51729],[-0.92331,48.51345],[-0.92271,48.50332],[-0.90915,48.4967],[-0.84636,48.49952],[-0.83255,48.47938],[-0.81476,48.47205],[-0.81274,48.45492],[-0.79661,48.46625],[-0.77787,48.46541],[-0.77979,48.44607],[-0.76016,48.43616],[-0.7151,48.44895],[-0.73586,48.46112],[-0.7311,48.47282],[-0.69177,48.46811],[-0.66624,48.48589],[-0.65107,48.44395],[-0.59533,48.47263],[-0.55172,48.47312],[-0.5097,48.50901],[-0.4782,48.50157],[-0.47013,48.51194],[-0.44722,48.51538],[-0.4238,48.50677],[-0.39514,48.5103],[-0.39335,48.50107],[-0.35315,48.48377],[-0.35582,48.49567],[-0.33586,48.5019],[-0.32024,48.52292],[-0.28808,48.51934],[-0.2854,48.50677],[-0.27155,48.50745],[-0.27453,48.51781],[-0.24131,48.53667],[-0.26265,48.54864],[-0.24264,48.56799],[-0.21733,48.55808],[-0.20808,48.56414],[-0.1446,48.52775],[-0.1725,48.51054],[-0.15601,48.49584],[-0.14688,48.45644],[-0.10586,48.44726],[-0.07301,48.45053],[-0.07053,48.45801],[-0.05135,48.45293],[-0.0527,48.39298],[-0.05453,48.382],[-0.07782,48.36901],[-0.11216,48.37425],[-0.13672,48.36432],[-0.13191,48.34315],[-0.12222,48.33831],[-0.1571,48.34088],[-0.15795,48.32152],[-0.13794,48.29317],[-0.1557,48.26529],[-0.16734,48.26351],[-0.16096,48.23881],[-0.14484,48.22399],[-0.15314,48.21473],[-0.14684,48.20501],[-0.25256,48.15752],[-0.23774,48.15298],[-0.25381,48.13653],[-0.23906,48.13586],[-0.24679,48.12764],[-0.21642,48.11373],[-0.2368,48.0979],[-0.23741,48.08286],[-0.22232,48.07779],[-0.23094,48.05899],[-0.27145,48.06524],[-0.28427,48.06],[-0.27987,48.05534],[-0.34166,48.0431],[-0.33365,48.02798],[-0.34147,48.01179],[-0.30853,48.00565],[-0.31337,47.99407],[-0.29871,47.97965],[-0.30168,47.96546],[-0.27657,47.95747],[-0.31987,47.93544],[-0.37745,47.93281],[-0.39704,47.92593],[-0.39681,47.91644],[-0.41285,47.91583],[-0.40365,47.90232],[-0.41021,47.8947],[-0.3733,47.88463],[-0.36922,47.87028],[-0.38039,47.86773],[-0.37143,47.85867],[-0.41236,47.85753],[-0.41099,47.84663],[-0.42829,47.85037],[-0.44786,47.83222],[-0.42872,47.80617],[-0.3882,47.80532],[-0.37543,47.76724],[-0.3817,47.76056],[-0.41601,47.78014],[-0.41003,47.76521],[-0.45363,47.75673],[-0.48477,47.78003],[-0.51901,47.78734],[-0.51943,47.76416],[-0.53292,47.75069],[-0.58478,47.75836],[-0.61082,47.73569],[-0.65215,47.7341],[-0.71033,47.7446],[-0.74171,47.73811],[-0.74576,47.74241],[-0.74744,47.73909],[-0.75931,47.75375],[-0.78339,47.75018],[-0.81607,47.77123],[-0.83993,47.76828],[-0.83929,47.75227],[-0.89318,47.76353],[-0.89518,47.77441],[-0.95203,47.7965],[-0.97122,47.78281],[-0.95541,47.77907],[-0.95165,47.76671],[-0.98002,47.76149],[-1.01347,47.76675],[-1.02219,47.77793],[-1.04151,47.77085],[-1.12497,47.78433],[-1.14381,47.77423],[-1.19319,47.78576],[-1.1969,47.79519],[-1.23713,47.80832],[-1.21601,47.83115],[-1.21403,47.84454],[-1.22305,47.85241],[-1.18899,47.86704],[-1.19663,47.88927],[-1.17623,47.8974],[-1.1553,47.96554],[-1.1254,47.97169],[-1.1248,47.98684],[-1.05029,47.98447],[-1.01577,48.00356],[-1.035,48.03361],[-1.02162,48.06801],[-1.04978,48.09038],[-1.06029,48.15011],[-1.08042,48.1754],[-1.07359,48.19968],[-1.08728,48.20927],[-1.0806,48.2195],[-1.10196,48.2625],[-1.09056,48.28918],[-1.04505,48.32818],[-1.05996,48.34921],[-1.05541,48.36379],[-1.06484,48.36723],[-1.05393,48.38399],[-1.08026,48.41398],[-1.08359,48.43373],[-1.06522,48.45143],[-1.06396,48.46695],[-1.07883,48.48159],[-1.06997,48.48554],[-1.07853,48.4901]],[[-0.7408,47.74228],[-0.74278,47.74173],[-0.74019,47.73972],[-0.7408,47.74228]]]}},{"type":"Feature","properties":{"code":"54","nom":"Meurthe-et-Moselle"},"geometry":{"type":"MultiPolygon","coordinates":[[[[5.45245,49.41235],[5.46144,49.41382],[5.47154,49.41988],[5.4709,49.41275],[5.45245,49.41235]]],[[[5.42599,49.48614],[5.442,49.50362],[5.47104,49.4869],[5.45555,49.48094],[5.42599,49.48614]]],[[[5.47091,49.49721],[5.48384,49.50712],[5.54118,49.51526],[5.55605,49.52925],[5.59345,49.52191],[5.61098,49.50593],[5.62034,49.53316],[5.66051,49.55361],[5.70208,49.53932],[5.73328,49.54547],[5.73861,49.53865],[5.75732,49.54305],[5.75832,49.56121],[5.77145,49.56325],[5.81572,49.54825],[5.80815,49.54257],[5.8172,49.537],[5.83696,49.54247],[5.84588,49.52995],[5.83456,49.52336],[5.85062,49.50826],[5.8934,49.49691],[5.89791,49.48079],[5.92961,49.48535],[5.9401,49.47761],[5.93171,49.47159],[5.94273,49.45136],[5.93089,49.44628],[5.94228,49.43035],[5.91192,49.40771],[5.93308,49.39607],[5.93588,49.3787],[5.92492,49.373],[5.97838,49.34486],[5.94138,49.33536],[5.98522,49.30517],[6.00373,49.31192],[6.00519,49.25709],[6.03205,49.25123],[6.02304,49.22365],[5.98763,49.20962],[5.97855,49.195],[6.03284,49.16549],[6.00992,49.1529],[5.98909,49.15495],[5.99667,49.14883],[5.98138,49.14436],[5.99733,49.13471],[5.98712,49.12833],[6.00449,49.11197],[5.9316,49.1091],[5.92479,49.0919],[5.94063,49.08627],[5.93551,49.0696],[5.95077,49.06479],[5.95825,49.047],[6.01468,49.03705],[6.02244,49.02178],[6.04511,49.01352],[6.04494,48.98306],[6.0295,48.99053],[6.03171,48.98429],[6.04577,48.97667],[6.07384,48.98081],[6.06942,48.97207],[6.08132,48.96305],[6.11644,48.96817],[6.13221,48.93472],[6.17149,48.94422],[6.17664,48.93481],[6.22242,48.93912],[6.22409,48.92722],[6.2417,48.9236],[6.27124,48.93331],[6.28779,48.92768],[6.2884,48.91631],[6.31118,48.92107],[6.30964,48.91189],[6.32836,48.90012],[6.29795,48.88105],[6.31,48.87802],[6.31171,48.86383],[6.29798,48.86692],[6.29943,48.85169],[6.2842,48.8464],[6.30635,48.83325],[6.33895,48.83406],[6.33802,48.82679],[6.30112,48.82425],[6.35454,48.81275],[6.34559,48.80397],[6.35789,48.77913],[6.3706,48.78462],[6.39596,48.77471],[6.43195,48.7883],[6.45213,48.78004],[6.45359,48.76634],[6.48578,48.76693],[6.51191,48.75445],[6.50506,48.74732],[6.5622,48.75634],[6.59484,48.72922],[6.59897,48.71569],[6.62729,48.71255],[6.63855,48.70114],[6.66462,48.70349],[6.6764,48.68886],[6.6669,48.66795],[6.68577,48.68423],[6.69228,48.67284],[6.72608,48.66441],[6.75988,48.66978],[6.76395,48.6521],[6.77798,48.65385],[6.78249,48.64273],[6.83663,48.64309],[6.85403,48.62144],[6.91018,48.62027],[6.93001,48.63555],[6.95092,48.6109],[7.00975,48.61166],[7.0167,48.60399],[6.99329,48.59342],[7.03424,48.58042],[7.05387,48.55186],[7.08387,48.54533],[7.05634,48.53901],[7.07936,48.53642],[7.06449,48.5234],[7.08072,48.51255],[7.10222,48.5187],[7.12317,48.51359],[7.09402,48.51295],[6.97975,48.47851],[6.89149,48.41782],[6.87101,48.42009],[6.86459,48.4367],[6.82826,48.41661],[6.81381,48.39633],[6.794,48.40337],[6.78241,48.39176],[6.78899,48.4025],[6.76696,48.39908],[6.76479,48.41191],[6.71406,48.42294],[6.6995,48.41309],[6.64509,48.42743],[6.63883,48.46392],[6.6237,48.4731],[6.58497,48.46051],[6.56723,48.4409],[6.58387,48.41723],[6.53371,48.43136],[6.50076,48.41423],[6.4355,48.41279],[6.40407,48.39061],[6.38426,48.3947],[6.3929,48.40875],[6.38339,48.40662],[6.38122,48.41498],[6.35396,48.40388],[6.30773,48.41173],[6.29797,48.43454],[6.2703,48.4261],[6.26044,48.4064],[6.23334,48.39711],[6.19104,48.39541],[6.17842,48.3976],[6.18203,48.41198],[6.15005,48.4095],[6.15235,48.38097],[6.11705,48.35384],[6.09288,48.36117],[6.09887,48.36899],[6.08613,48.38283],[6.06907,48.37529],[6.07995,48.36718],[6.07149,48.35977],[6.00358,48.3629],[5.9804,48.34897],[5.95924,48.35042],[5.95382,48.37377],[5.94465,48.37582],[5.95494,48.38733],[5.95066,48.39543],[5.93385,48.40336],[5.92769,48.39369],[5.91871,48.40522],[5.90491,48.40035],[5.91192,48.40572],[5.90747,48.41922],[5.91532,48.4278],[5.9249,48.42183],[5.93133,48.43395],[5.92357,48.43627],[5.89804,48.43594],[5.90907,48.42921],[5.89519,48.40525],[5.87361,48.40124],[5.85538,48.40938],[5.89895,48.44672],[5.88693,48.45387],[5.89242,48.46435],[5.88559,48.46915],[5.90357,48.48024],[5.9058,48.49462],[5.84612,48.5068],[5.78702,48.48291],[5.76515,48.49649],[5.76181,48.51198],[5.76654,48.53561],[5.77626,48.54108],[5.72971,48.55315],[5.71372,48.56654],[5.71923,48.59167],[5.76334,48.60953],[5.78991,48.60719],[5.80324,48.62496],[5.75838,48.62128],[5.7609,48.63164],[5.743,48.65267],[5.7646,48.70107],[5.71404,48.74453],[5.74189,48.7528],[5.73648,48.77029],[5.77646,48.79007],[5.77804,48.79915],[5.75717,48.79983],[5.76885,48.80438],[5.78224,48.83229],[5.76435,48.87252],[5.79106,48.88662],[5.74765,48.91735],[5.77884,48.92511],[5.79525,48.94487],[5.83376,48.94428],[5.85034,48.95742],[5.83446,48.97573],[5.80092,48.98588],[5.82807,49.00622],[5.8148,49.00833],[5.83053,49.03251],[5.85417,49.04242],[5.83643,49.05484],[5.83606,49.06606],[5.80512,49.06452],[5.8128,49.08311],[5.82699,49.08993],[5.81812,49.0946],[5.82197,49.10839],[5.7566,49.11223],[5.74694,49.1246],[5.7718,49.13979],[5.75597,49.14239],[5.76014,49.15284],[5.74452,49.15727],[5.76577,49.1975],[5.72513,49.19565],[5.71904,49.21599],[5.74056,49.23012],[5.72093,49.24771],[5.73045,49.25692],[5.72465,49.26875],[5.76137,49.27904],[5.7693,49.30335],[5.76304,49.3165],[5.73356,49.31003],[5.72333,49.32168],[5.71969,49.33056],[5.7376,49.33971],[5.73916,49.35433],[5.71266,49.36353],[5.70779,49.38411],[5.68728,49.39375],[5.69509,49.39888],[5.69131,49.41631],[5.63457,49.43744],[5.61582,49.43046],[5.61716,49.42083],[5.57036,49.42338],[5.5291,49.40737],[5.50002,49.40881],[5.49488,49.39112],[5.48032,49.38234],[5.47594,49.3969],[5.44747,49.4024],[5.49733,49.4078],[5.50821,49.42126],[5.4716,49.42712],[5.48736,49.44808],[5.46123,49.45387],[5.47121,49.46089],[5.46308,49.48191],[5.47363,49.48265],[5.48296,49.4945],[5.47091,49.49721]]]]}},{"type":"Feature","properties":{"code":"55","nom":"Meuse"},"geometry":{"type":"Polygon","coordinates":[[[4.95099,49.23687],[4.99644,49.26404],[5.05118,49.27405],[5.04904,49.28531],[5.05941,49.28987],[5.02545,49.31043],[5.03815,49.3162],[5.02631,49.33623],[5.06147,49.37198],[5.10115,49.37815],[5.10415,49.38978],[5.07674,49.40307],[5.11484,49.41898],[5.10028,49.44088],[5.11122,49.45754],[5.09505,49.45964],[5.08296,49.47036],[5.08351,49.48412],[5.0595,49.50057],[5.09931,49.53157],[5.08804,49.54492],[5.09608,49.55779],[5.11311,49.56062],[5.10457,49.57585],[5.11828,49.59307],[5.14431,49.59092],[5.16275,49.56252],[5.20854,49.57435],[5.23558,49.56919],[5.26271,49.54182],[5.31177,49.55929],[5.34016,49.59477],[5.37811,49.59302],[5.39354,49.61709],[5.42855,49.59587],[5.43797,49.56974],[5.45681,49.56667],[5.44135,49.55214],[5.46507,49.53887],[5.46679,49.5259],[5.4472,49.51788],[5.46562,49.5087],[5.46519,49.4989],[5.48296,49.4945],[5.47363,49.48265],[5.46308,49.48191],[5.47121,49.46089],[5.46123,49.45387],[5.48736,49.44808],[5.4716,49.42712],[5.50821,49.42126],[5.49733,49.4078],[5.44747,49.4024],[5.47594,49.3969],[5.48032,49.38234],[5.49488,49.39112],[5.50002,49.40881],[5.5291,49.40737],[5.57036,49.42338],[5.61716,49.42083],[5.61582,49.43046],[5.63457,49.43744],[5.69131,49.41631],[5.69509,49.39888],[5.68728,49.39375],[5.70779,49.38411],[5.71266,49.36353],[5.73916,49.35433],[5.7376,49.33971],[5.71969,49.33056],[5.72333,49.32168],[5.73356,49.31003],[5.76304,49.3165],[5.7693,49.30335],[5.76137,49.27904],[5.72465,49.26875],[5.73045,49.25692],[5.72093,49.24771],[5.74056,49.23012],[5.71904,49.21599],[5.72513,49.19565],[5.76577,49.1975],[5.74452,49.15727],[5.76014,49.15284],[5.75597,49.14239],[5.77181,49.13903],[5.75339,49.13373],[5.74846,49.12095],[5.76576,49.10636],[5.82197,49.10839],[5.81812,49.0946],[5.82699,49.08993],[5.8128,49.08311],[5.80512,49.06452],[5.83606,49.06606],[5.83643,49.05484],[5.85417,49.04242],[5.83053,49.03251],[5.8148,49.00833],[5.82807,49.00622],[5.80092,48.98588],[5.83446,48.97573],[5.84727,48.95178],[5.82955,48.94374],[5.80025,48.94675],[5.7767,48.93157],[5.78403,48.92887],[5.77884,48.92511],[5.74765,48.91735],[5.79106,48.88662],[5.76435,48.87252],[5.78224,48.83229],[5.76885,48.80438],[5.75717,48.79983],[5.77804,48.79915],[5.77646,48.79007],[5.73648,48.77029],[5.74189,48.7528],[5.71404,48.74453],[5.7646,48.70107],[5.743,48.65267],[5.7609,48.63164],[5.75838,48.62128],[5.80324,48.62496],[5.78991,48.60719],[5.76334,48.60953],[5.71536,48.58863],[5.71609,48.56142],[5.77626,48.54108],[5.76139,48.52375],[5.76515,48.49649],[5.73967,48.46698],[5.71323,48.46034],[5.64224,48.47244],[5.65322,48.45882],[5.61826,48.4424],[5.62213,48.42639],[5.60906,48.4426],[5.58902,48.44237],[5.57665,48.43196],[5.56083,48.44147],[5.51619,48.43094],[5.5137,48.4108],[5.50193,48.40951],[5.40911,48.44466],[5.3977,48.47381],[5.358,48.47757],[5.32755,48.50938],[5.30562,48.51591],[5.29621,48.50841],[5.22735,48.53196],[5.21225,48.52879],[5.16716,48.56502],[5.14629,48.56028],[5.11791,48.58495],[5.11945,48.59572],[5.07089,48.59573],[5.05667,48.63233],[5.03292,48.61356],[4.99933,48.61484],[4.99467,48.62183],[5.00616,48.63348],[4.99281,48.65827],[5.01105,48.66783],[5.00743,48.68007],[4.98843,48.68442],[5.00641,48.69907],[4.99726,48.7096],[5.016,48.70952],[5.00459,48.71972],[5.00922,48.74139],[4.98136,48.74564],[4.93313,48.79137],[4.88858,48.80061],[4.89685,48.80884],[4.88887,48.81685],[4.93703,48.84254],[4.92525,48.86404],[4.91166,48.86871],[4.9247,48.89136],[4.91244,48.89816],[4.91882,48.90557],[4.95067,48.93089],[5.01411,48.93735],[5.03945,48.97387],[4.9938,48.98416],[5.00467,48.99301],[5.03458,48.99347],[5.03652,49.02383],[5.01022,49.03512],[4.96543,49.02144],[5.00574,49.05987],[4.99662,49.10661],[4.93976,49.18507],[4.99339,49.20985],[4.97076,49.23606],[4.95099,49.23687]],[[5.45245,49.41235],[5.4709,49.41275],[5.47154,49.41988],[5.46144,49.41382],[5.45245,49.41235]],[[5.42599,49.48614],[5.45555,49.48094],[5.47104,49.4869],[5.442,49.50362],[5.42599,49.48614]]]}},{"type":"Feature","properties":{"code":"56","nom":"Morbihan"},"geometry":{"type":"MultiPolygon","coordinates":[[[[-3.01322,47.41074],[-3.01772,47.41124],[-3.01214,47.41191],[-3.01322,47.41074]]],[[[-3.42179,47.62],[-3.43899,47.62852],[-3.46262,47.62017],[-3.51509,47.64713],[-3.49389,47.65333],[-3.42991,47.64304],[-3.41513,47.63228],[-3.42179,47.62]]],[[[-2.99561,47.3941],[-2.99932,47.3947],[-2.99567,47.39536],[-2.99561,47.3941]]],[[[-3.19531,47.29175],[-3.19711,47.29306],[-3.19484,47.29353],[-3.19531,47.29175]]],[[[-2.96854,47.35753],[-2.97103,47.35588],[-2.97266,47.35761],[-2.96854,47.35753]]],[[[-2.89165,47.34669],[-2.86336,47.34897],[-2.86104,47.34082],[-2.88243,47.3303],[-2.89165,47.34669]]],[[[-3.23545,47.32382],[-3.26355,47.35226],[-3.26233,47.37157],[-3.24695,47.37114],[-3.25317,47.37535],[-3.24722,47.38754],[-3.2199,47.37962],[-3.21949,47.37053],[-3.15729,47.36462],[-3.13856,47.32899],[-3.0559,47.30817],[-3.09184,47.2784],[-3.12077,47.29043],[-3.13965,47.28597],[-3.16764,47.30159],[-3.21838,47.29244],[-3.24828,47.3135],[-3.23545,47.32382]]],[[[-2.94815,47.37334],[-2.99368,47.39342],[-2.99431,47.39899],[-2.93938,47.3947],[-2.95344,47.38513],[-2.94815,47.37334]]],[[[-3.25007,47.38691],[-3.25305,47.38929],[-3.24912,47.38926],[-3.25007,47.38691]]],[[[-2.59472,47.52617],[-2.59191,47.5253],[-2.59361,47.52495],[-2.59472,47.52617]]],[[[-3.13883,47.71281],[-3.13646,47.71377],[-3.13674,47.71205],[-3.13883,47.71281]]],[[[-2.85956,47.55989],[-2.86185,47.56971],[-2.85128,47.59854],[-2.85519,47.60039],[-2.83887,47.6072],[-2.84067,47.59351],[-2.82393,47.58857],[-2.84676,47.58972],[-2.85571,47.57291],[-2.84886,47.56619],[-2.85956,47.55989]]],[[[-2.80961,47.57826],[-2.81362,47.58394],[-2.80476,47.58681],[-2.81287,47.59068],[-2.79329,47.60579],[-2.78656,47.59483],[-2.80961,47.57826]]],[[[-2.72741,47.57259],[-2.73818,47.58069],[-2.73874,47.58377],[-2.72668,47.57961],[-2.72741,47.57259]]],[[[-2.78595,47.56848],[-2.79539,47.571],[-2.79253,47.57942],[-2.78596,47.57547],[-2.78595,47.56848]]],[[[-2.75474,47.60682],[-2.77026,47.60613],[-2.771,47.61034],[-2.75474,47.60682]]],[[[-2.77709,47.58636],[-2.78304,47.59079],[-2.78618,47.58952],[-2.7753,47.5955],[-2.77709,47.58636]]],[[[-2.90632,47.56883],[-2.912,47.5757],[-2.91045,47.57761],[-2.90632,47.56883]]],[[[-2.89574,47.57296],[-2.90147,47.5723],[-2.89608,47.57642],[-2.89574,47.57296]]],[[[-2.72272,47.59267],[-2.72945,47.59256],[-2.72758,47.59543],[-2.72272,47.59267]]],[[[-2.8856,47.56883],[-2.88889,47.57165],[-2.88673,47.57143],[-2.8856,47.56883]]],[[[-2.78724,47.56329],[-2.79228,47.56226],[-2.79531,47.56474],[-2.78724,47.56329]]],[[[-2.77476,47.61488],[-2.77864,47.61365],[-2.78423,47.61552],[-2.77476,47.61488]]],[[[-2.84837,47.61241],[-2.85187,47.61076],[-2.85237,47.61173],[-2.84837,47.61241]]],[[[-2.8442,47.55531],[-2.84492,47.56001],[-2.84263,47.56038],[-2.8442,47.55531]]],[[[-2.92583,47.5789],[-2.92996,47.5789],[-2.93082,47.58143],[-2.92583,47.5789]]],[[[-2.8085,47.59647],[-2.81152,47.59593],[-2.81239,47.59873],[-2.8085,47.59647]]],[[[-2.80336,47.56326],[-2.80757,47.56406],[-2.80651,47.56559],[-2.80336,47.56326]]],[[[-2.82879,47.55839],[-2.83267,47.55857],[-2.83124,47.56026],[-2.82879,47.55839]]],[[[-2.84671,47.56128],[-2.85076,47.5611],[-2.85039,47.56287],[-2.84671,47.56128]]],[[[-2.92867,47.58603],[-2.93327,47.58465],[-2.93302,47.58548],[-2.92867,47.58603]]],[[[-2.80051,47.60759],[-2.80562,47.60863],[-2.8009,47.60942],[-2.80051,47.60759]]],[[[-2.74768,47.5749],[-2.74993,47.57621],[-2.74633,47.57618],[-2.74768,47.5749]]],[[[-2.88379,47.56525],[-2.88737,47.56298],[-2.88607,47.56546],[-2.88379,47.56525]]],[[[-2.76314,47.59036],[-2.76477,47.59195],[-2.76232,47.59216],[-2.76314,47.59036]]],[[[-2.91222,47.57862],[-2.91456,47.57811],[-2.91461,47.57987],[-2.91222,47.57862]]],[[[-2.86899,47.57664],[-2.86788,47.57894],[-2.8666,47.57811],[-2.86899,47.57664]]],[[[-2.72368,47.59848],[-2.72593,47.59965],[-2.72346,47.60043],[-2.72368,47.59848]]],[[[-3.16356,47.71876],[-3.15621,47.7201],[-3.1587,47.70673],[-3.16356,47.71876]]],[[[-3.1702,47.68878],[-3.17199,47.68559],[-3.17288,47.68766],[-3.1702,47.68878]]],[[[-3.17658,47.68735],[-3.17983,47.68711],[-3.17764,47.68974],[-3.17658,47.68735]]],[[[-3.18521,47.68609],[-3.18693,47.68794],[-3.18391,47.68714],[-3.18521,47.68609]]],[[[-3.56484,48.18575],[-3.53612,48.17794],[-3.43805,48.18412],[-3.42109,48.17446],[-3.43652,48.15549],[-3.4176,48.14564],[-3.34387,48.17096],[-3.32356,48.16068],[-3.32053,48.14883],[-3.30744,48.15609],[-3.27224,48.14001],[-3.24109,48.1516],[-3.2134,48.14273],[-3.21438,48.15445],[-3.19155,48.16476],[-3.1395,48.16369],[-3.13004,48.20032],[-3.07801,48.21088],[-3.01493,48.19796],[-3.02044,48.19244],[-3.01177,48.17215],[-2.99564,48.17072],[-2.99975,48.16071],[-2.93969,48.17158],[-2.89145,48.16473],[-2.85292,48.14157],[-2.80753,48.14623],[-2.78204,48.12094],[-2.7731,48.08637],[-2.755,48.1154],[-2.70398,48.11243],[-2.67623,48.13181],[-2.66098,48.13062],[-2.65027,48.09792],[-2.67301,48.06266],[-2.65557,48.03259],[-2.64512,48.04209],[-2.64543,48.03546],[-2.62821,48.0338],[-2.57735,48.07088],[-2.56497,48.06733],[-2.54773,48.07715],[-2.5541,48.09809],[-2.51397,48.13242],[-2.53217,48.15782],[-2.48781,48.1553],[-2.48783,48.16643],[-2.47181,48.15997],[-2.45331,48.1637],[-2.44924,48.17301],[-2.41845,48.17282],[-2.37445,48.14023],[-2.37541,48.12695],[-2.35753,48.11132],[-2.34919,48.12651],[-2.33652,48.11931],[-2.32107,48.12331],[-2.31575,48.1355],[-2.28418,48.13292],[-2.25507,48.10948],[-2.24807,48.08534],[-2.25612,48.06287],[-2.23431,48.06318],[-2.23595,48.07586],[-2.21958,48.08086],[-2.16848,48.07621],[-2.17043,48.06344],[-2.18878,48.05243],[-2.24187,48.05284],[-2.26132,48.04158],[-2.2796,48.02636],[-2.27553,48.00986],[-2.28951,48.00092],[-2.28754,47.9915],[-2.23913,47.99966],[-2.19113,47.99076],[-2.17782,47.97957],[-2.14439,47.98401],[-2.11083,47.95984],[-2.09773,47.93323],[-2.07878,47.91913],[-2.08653,47.90357],[-2.10609,47.90206],[-2.10096,47.89596],[-2.116,47.89011],[-2.11434,47.87743],[-2.09561,47.86166],[-2.10945,47.84883],[-2.09125,47.84345],[-2.0547,47.86879],[-2.0516,47.84056],[-2.03604,47.83346],[-2.04705,47.81846],[-2.07046,47.8114],[-2.07408,47.78897],[-2.12823,47.76867],[-2.12598,47.76096],[-2.08472,47.76271],[-2.08432,47.74994],[-2.06232,47.75127],[-2.05808,47.74197],[-2.10879,47.73675],[-2.13147,47.72224],[-2.11858,47.7094],[-2.12266,47.68267],[-2.10385,47.67619],[-2.1138,47.6477],[-2.09637,47.64742],[-2.10319,47.63486],[-2.08412,47.61789],[-2.08602,47.60403],[-2.10385,47.59087],[-2.09855,47.53396],[-2.15602,47.52203],[-2.15418,47.49636],[-2.16462,47.48915],[-2.19216,47.49664],[-2.18452,47.51226],[-2.24428,47.4936],[-2.26564,47.50178],[-2.25494,47.51151],[-2.29642,47.51599],[-2.31697,47.46129],[-2.35253,47.45467],[-2.36826,47.46422],[-2.39994,47.45598],[-2.41721,47.46109],[-2.42303,47.47711],[-2.48052,47.44126],[-2.50059,47.45817],[-2.48841,47.47112],[-2.501,47.49272],[-2.48123,47.4953],[-2.46744,47.48263],[-2.44733,47.49464],[-2.42053,47.49528],[-2.53422,47.52806],[-2.55282,47.51258],[-2.59486,47.51769],[-2.60818,47.50852],[-2.63188,47.50457],[-2.62378,47.51393],[-2.61183,47.50918],[-2.60878,47.52724],[-2.5759,47.52197],[-2.58791,47.52957],[-2.5668,47.53294],[-2.58179,47.53605],[-2.55914,47.55183],[-2.57757,47.55011],[-2.57448,47.55903],[-2.58685,47.56352],[-2.58287,47.5433],[-2.59575,47.54294],[-2.59116,47.53732],[-2.60435,47.53103],[-2.61895,47.55166],[-2.60896,47.56554],[-2.61064,47.5676],[-2.6197,47.56149],[-2.61905,47.54767],[-2.62935,47.54947],[-2.61637,47.53719],[-2.62602,47.53069],[-2.65043,47.5378],[-2.65861,47.54984],[-2.67028,47.54303],[-2.66717,47.53325],[-2.62113,47.52541],[-2.62924,47.51681],[-2.62786,47.52417],[-2.63987,47.51604],[-2.66434,47.51864],[-2.68116,47.49682],[-2.67492,47.49186],[-2.72464,47.50642],[-2.77922,47.49587],[-2.79372,47.48419],[-2.81531,47.48665],[-2.85027,47.49879],[-2.855,47.51801],[-2.84736,47.51938],[-2.88675,47.53776],[-2.90358,47.53435],[-2.8926,47.54435],[-2.91276,47.54222],[-2.91962,47.54772],[-2.90867,47.54953],[-2.91449,47.55741],[-2.87853,47.56382],[-2.87775,47.55462],[-2.86933,47.55694],[-2.87419,47.54743],[-2.85845,47.55066],[-2.86238,47.54175],[-2.85333,47.53701],[-2.8454,47.53953],[-2.85068,47.54664],[-2.82718,47.55007],[-2.83048,47.5456],[-2.82719,47.53651],[-2.82372,47.53635],[-2.82428,47.55651],[-2.80672,47.55603],[-2.79999,47.53741],[-2.79969,47.54742],[-2.78767,47.55251],[-2.77741,47.54822],[-2.7792,47.53909],[-2.76696,47.54337],[-2.76762,47.53568],[-2.73464,47.54086],[-2.7138,47.5794],[-2.71855,47.58374],[-2.71851,47.58749],[-2.71083,47.57602],[-2.70394,47.58903],[-2.69558,47.5839],[-2.68931,47.59088],[-2.69067,47.6051],[-2.68369,47.60536],[-2.69538,47.62454],[-2.68669,47.63146],[-2.70262,47.63208],[-2.68985,47.63731],[-2.71245,47.64841],[-2.70677,47.63505],[-2.71602,47.6314],[-2.7028,47.62269],[-2.71726,47.61985],[-2.70126,47.61848],[-2.69564,47.6098],[-2.71733,47.61431],[-2.71252,47.60163],[-2.70275,47.60251],[-2.72121,47.58999],[-2.72106,47.60311],[-2.73752,47.60523],[-2.73202,47.59857],[-2.77821,47.61872],[-2.77515,47.62517],[-2.73364,47.61279],[-2.74203,47.62738],[-2.75071,47.62191],[-2.7549,47.63777],[-2.77815,47.62778],[-2.79408,47.64501],[-2.78328,47.62093],[-2.83433,47.61258],[-2.83275,47.62027],[-2.86278,47.62208],[-2.8673,47.61719],[-2.8564,47.61349],[-2.86838,47.60705],[-2.8587,47.60145],[-2.8898,47.60257],[-2.88526,47.5788],[-2.89046,47.57415],[-2.9081,47.59156],[-2.92552,47.5859],[-2.9182,47.60273],[-2.92706,47.59187],[-2.92744,47.60123],[-2.93324,47.60584],[-2.93676,47.58571],[-2.95108,47.60976],[-2.94944,47.62137],[-2.93637,47.62602],[-2.95885,47.62739],[-2.95816,47.6386],[-2.96858,47.63943],[-2.96414,47.64572],[-2.97829,47.65909],[-2.97158,47.63546],[-2.9536,47.61221],[-2.97227,47.60766],[-2.9543,47.59717],[-2.97015,47.58834],[-2.92658,47.55687],[-2.9518,47.55609],[-2.95774,47.56425],[-2.96292,47.55333],[-2.97607,47.55904],[-2.96925,47.55935],[-2.97217,47.57193],[-2.99179,47.5804],[-2.99443,47.59069],[-2.98899,47.567],[-3.00447,47.56598],[-3.02456,47.59205],[-3.01918,47.56724],[-3.04474,47.58738],[-3.05436,47.56927],[-3.09543,47.56374],[-3.10652,47.57525],[-3.09232,47.57903],[-3.12703,47.59836],[-3.12948,47.57499],[-3.1156,47.57546],[-3.1332,47.547],[-3.12975,47.52191],[-3.11748,47.49644],[-3.08097,47.47038],[-3.13297,47.47496],[-3.14562,47.48352],[-3.15961,47.5256],[-3.13442,47.5459],[-3.13975,47.5796],[-3.15838,47.60698],[-3.19767,47.62392],[-3.21074,47.64182],[-3.20402,47.65156],[-3.20921,47.6698],[-3.18809,47.67788],[-3.18569,47.68498],[-3.16228,47.68014],[-3.13232,47.70153],[-3.16884,47.69687],[-3.14836,47.70361],[-3.14908,47.71642],[-3.13149,47.70391],[-3.13179,47.71444],[-3.12016,47.72094],[-3.12527,47.7258],[-3.10311,47.71823],[-3.10947,47.72802],[-3.12786,47.7282],[-3.15262,47.71891],[-3.1346,47.73139],[-3.15092,47.73342],[-3.13484,47.74734],[-3.14828,47.74279],[-3.14712,47.75235],[-3.16008,47.72898],[-3.17212,47.73805],[-3.18645,47.73837],[-3.18601,47.74637],[-3.19364,47.74839],[-3.20083,47.74489],[-3.19171,47.74587],[-3.19234,47.73214],[-3.17856,47.73653],[-3.16974,47.72807],[-3.17574,47.71832],[-3.16569,47.70455],[-3.19463,47.70354],[-3.19917,47.69714],[-3.18885,47.69168],[-3.1973,47.6875],[-3.21626,47.69579],[-3.21171,47.68487],[-3.19944,47.68375],[-3.21855,47.66534],[-3.2146,47.64488],[-3.30046,47.68943],[-3.34449,47.69527],[-3.35761,47.6862],[-3.35246,47.70038],[-3.32505,47.70208],[-3.28576,47.68618],[-3.27765,47.69032],[-3.29222,47.70309],[-3.31618,47.70283],[-3.31087,47.70945],[-3.35224,47.70287],[-3.36541,47.7103],[-3.3427,47.71592],[-3.35194,47.72417],[-3.34404,47.72659],[-3.34784,47.73456],[-3.33238,47.7294],[-3.33449,47.73544],[-3.30571,47.74811],[-3.29653,47.77119],[-3.28684,47.76809],[-3.282,47.77793],[-3.29071,47.79126],[-3.27773,47.79441],[-3.29024,47.79312],[-3.29569,47.78651],[-3.28681,47.77283],[-3.30005,47.77466],[-3.31813,47.75612],[-3.32621,47.76609],[-3.32291,47.74831],[-3.34425,47.74159],[-3.37872,47.79716],[-3.38542,47.80463],[-3.39181,47.8049],[-3.39237,47.80699],[-3.3897,47.8083],[-3.38622,47.81694],[-3.38851,47.82828],[-3.38822,47.81261],[-3.39942,47.80908],[-3.35241,47.7535],[-3.35126,47.7435],[-3.36054,47.74517],[-3.35172,47.74208],[-3.35583,47.73241],[-3.36852,47.73179],[-3.36715,47.71594],[-3.38739,47.70165],[-3.46069,47.69833],[-3.52865,47.76544],[-3.52878,47.78956],[-3.5179,47.80314],[-3.54082,47.82927],[-3.51951,47.84901],[-3.52177,47.83988],[-3.48744,47.8237],[-3.45766,47.83663],[-3.44831,47.8632],[-3.39905,47.86361],[-3.40539,47.90221],[-3.41924,47.90558],[-3.40606,47.90587],[-3.40882,47.91592],[-3.38703,47.92524],[-3.40173,47.94314],[-3.39305,47.95845],[-3.41486,47.97501],[-3.4447,47.95865],[-3.46136,47.9595],[-3.46757,47.94575],[-3.4814,47.95187],[-3.49154,47.9749],[-3.51974,47.97615],[-3.53108,47.98866],[-3.55869,47.99416],[-3.58415,47.98458],[-3.64023,47.98524],[-3.6711,48.03733],[-3.67354,48.05812],[-3.70871,48.06681],[-3.69878,48.06873],[-3.70432,48.08662],[-3.69502,48.09349],[-3.73319,48.0965],[-3.73445,48.11261],[-3.7085,48.13578],[-3.71551,48.14222],[-3.56484,48.18575]]]]}},{"type":"Feature","properties":{"code":"57","nom":"Moselle"},"geometry":{"type":"Polygon","coordinates":[[[7.62935,49.07368],[7.63785,49.04611],[7.60643,49.02003],[7.61157,49.01244],[7.58756,48.98969],[7.57839,48.9574],[7.55168,48.94217],[7.55613,48.93583],[7.53628,48.93241],[7.52592,48.94451],[7.50187,48.94425],[7.45163,48.96796],[7.38589,48.95151],[7.35888,48.9576],[7.32685,48.94337],[7.2902,48.95652],[7.29305,48.97342],[7.23919,48.9878],[7.20931,48.98009],[7.17424,49.00637],[7.12559,49.00632],[7.12166,49.02983],[7.11337,49.03253],[7.11948,49.03722],[7.10191,49.05913],[7.11929,49.06835],[7.09934,49.07788],[7.08365,49.06867],[7.07431,49.07297],[7.06766,49.06497],[7.07866,49.05036],[7.05229,49.02829],[7.04743,49.01462],[7.05451,49.00992],[7.03057,48.98711],[7.0413,48.97731],[7.02702,48.96901],[7.03222,48.95605],[6.98922,48.95993],[6.97111,48.92804],[6.94436,48.93448],[6.94037,48.92393],[6.95555,48.92232],[6.9646,48.90453],[6.95467,48.89389],[7.04835,48.87366],[7.05054,48.85893],[7.09573,48.86214],[7.09177,48.84946],[7.05149,48.84655],[7.052,48.81521],[7.08807,48.81074],[7.06719,48.79948],[7.07783,48.78558],[7.1268,48.80114],[7.12445,48.81251],[7.1476,48.82186],[7.14111,48.83441],[7.14885,48.8446],[7.17452,48.84184],[7.18591,48.84951],[7.19588,48.8404],[7.18714,48.83342],[7.21657,48.82027],[7.22247,48.82962],[7.24546,48.81683],[7.26131,48.81996],[7.24524,48.81003],[7.26203,48.79845],[7.2876,48.79774],[7.31334,48.76724],[7.29299,48.75297],[7.26017,48.6943],[7.24249,48.69154],[7.2646,48.6627],[7.30435,48.6602],[7.28113,48.63657],[7.2619,48.63179],[7.27966,48.62818],[7.25561,48.59994],[7.26514,48.59172],[7.21832,48.55264],[7.19249,48.54879],[7.16791,48.5276],[7.05975,48.53715],[7.08387,48.54533],[7.05387,48.55186],[7.03424,48.58042],[6.99329,48.59342],[7.0167,48.60399],[7.00975,48.61166],[6.95092,48.6109],[6.93001,48.63555],[6.91018,48.62027],[6.85403,48.62144],[6.83663,48.64309],[6.78249,48.64273],[6.77798,48.65385],[6.76395,48.6521],[6.75988,48.66978],[6.72608,48.66441],[6.69228,48.67284],[6.68577,48.68423],[6.6669,48.66795],[6.6764,48.68886],[6.66462,48.70349],[6.63855,48.70114],[6.62729,48.71255],[6.59897,48.71569],[6.59484,48.72922],[6.5622,48.75634],[6.50506,48.74732],[6.51191,48.75445],[6.48578,48.76693],[6.45359,48.76634],[6.45213,48.78004],[6.43195,48.7883],[6.39596,48.77471],[6.3706,48.78462],[6.35789,48.77913],[6.34559,48.80397],[6.35454,48.81275],[6.30112,48.82425],[6.33802,48.82679],[6.33895,48.83406],[6.30635,48.83325],[6.2842,48.8464],[6.29943,48.85169],[6.29798,48.86692],[6.31171,48.86383],[6.31,48.87802],[6.29795,48.88105],[6.32836,48.90012],[6.30964,48.91189],[6.31118,48.92107],[6.2884,48.91631],[6.28779,48.92768],[6.27124,48.93331],[6.2417,48.9236],[6.22409,48.92722],[6.22242,48.93912],[6.17664,48.93481],[6.17149,48.94422],[6.13221,48.93472],[6.11644,48.96817],[6.08132,48.96305],[6.06942,48.97207],[6.07384,48.98081],[6.04577,48.97667],[6.03171,48.98429],[6.0295,48.99053],[6.04494,48.98306],[6.04511,49.01352],[6.02244,49.02178],[6.01468,49.03705],[5.95825,49.047],[5.95077,49.06479],[5.93551,49.0696],[5.94063,49.08627],[5.92479,49.0919],[5.9316,49.1091],[6.00449,49.11197],[5.98712,49.12833],[5.99733,49.13471],[5.98138,49.14436],[5.99667,49.14883],[5.98909,49.15495],[6.00992,49.1529],[6.03284,49.16549],[5.97855,49.195],[5.98763,49.20962],[6.02304,49.22365],[6.03205,49.25123],[6.00519,49.25709],[6.00373,49.31192],[5.98522,49.30517],[5.94138,49.33536],[5.97838,49.34486],[5.92492,49.373],[5.93588,49.3787],[5.93308,49.39607],[5.91192,49.40771],[5.94228,49.43035],[5.93089,49.44628],[5.94273,49.45136],[5.93171,49.47159],[5.94134,49.47566],[5.92961,49.48535],[5.89703,49.48113],[5.8917,49.4961],[5.93994,49.50097],[5.97238,49.49112],[5.97417,49.46482],[5.98765,49.46241],[5.979,49.45292],[6.02783,49.45573],[6.02748,49.44823],[6.04215,49.4478],[6.05777,49.46621],[6.10081,49.45289],[6.09951,49.46752],[6.12347,49.47344],[6.12786,49.49374],[6.14098,49.48642],[6.16217,49.49323],[6.15525,49.50381],[6.17453,49.50979],[6.2147,49.50639],[6.24071,49.51451],[6.2791,49.50336],[6.28901,49.48469],[6.29824,49.4887],[6.29616,49.48016],[6.36439,49.45949],[6.36768,49.46942],[6.39326,49.46428],[6.42809,49.47692],[6.44043,49.46667],[6.46474,49.46648],[6.55612,49.42102],[6.53789,49.41065],[6.54053,49.40115],[6.58707,49.38494],[6.58389,49.36863],[6.60183,49.36647],[6.58796,49.34973],[6.56376,49.35589],[6.56584,49.34735],[6.59445,49.33144],[6.58888,49.32209],[6.61574,49.30168],[6.67037,49.28029],[6.66153,49.25733],[6.68976,49.24969],[6.68462,49.24232],[6.69593,49.21501],[6.72334,49.21905],[6.7315,49.20609],[6.71136,49.18854],[6.73851,49.16366],[6.78456,49.16809],[6.83454,49.15147],[6.84765,49.1573],[6.84387,49.17313],[6.86177,49.17944],[6.83778,49.21332],[6.86313,49.22197],[6.89244,49.20883],[6.92545,49.22359],[6.9597,49.20299],[6.97497,49.20976],[7.0107,49.18812],[7.03503,49.19064],[7.02765,49.17008],[7.0543,49.11263],[7.08888,49.13022],[7.08028,49.14877],[7.10093,49.15562],[7.11327,49.15169],[7.10391,49.13892],[7.12626,49.14187],[7.1588,49.12078],[7.18415,49.13151],[7.19799,49.11515],[7.2453,49.12981],[7.29374,49.1151],[7.32371,49.14269],[7.36326,49.14525],[7.36609,49.17247],[7.44478,49.18423],[7.43264,49.16588],[7.494,49.16964],[7.49578,49.15508],[7.5064,49.15492],[7.48958,49.13653],[7.51725,49.11955],[7.52898,49.09721],[7.56319,49.08046],[7.59998,49.08333],[7.62935,49.07368]]]}},{"type":"Feature","properties":{"code":"58","nom":"Nièvre"},"geometry":{"type":"Polygon","coordinates":[[[2.87463,47.52042],[2.84519,47.54493],[2.86023,47.554],[2.87322,47.54512],[2.8739,47.55281],[2.90489,47.55621],[2.9143,47.56597],[2.95866,47.55738],[2.99016,47.56885],[3.02195,47.55626],[3.10161,47.5881],[3.12403,47.57616],[3.11622,47.56925],[3.12303,47.53943],[3.13469,47.54263],[3.16519,47.5175],[3.20347,47.52347],[3.23627,47.48823],[3.27546,47.4908],[3.28525,47.50394],[3.29652,47.4917],[3.3403,47.48112],[3.33771,47.47044],[3.34646,47.46969],[3.34531,47.47856],[3.38015,47.48653],[3.39042,47.50915],[3.44618,47.51173],[3.4501,47.5],[3.48828,47.49383],[3.49013,47.5553],[3.49902,47.56083],[3.51103,47.55068],[3.5135,47.52767],[3.55245,47.50244],[3.58062,47.49786],[3.57517,47.48632],[3.58727,47.45619],[3.61558,47.46672],[3.62134,47.45563],[3.67399,47.45023],[3.67398,47.43349],[3.70225,47.42669],[3.7263,47.39825],[3.78418,47.40527],[3.78563,47.39032],[3.81658,47.37863],[3.8314,47.39266],[3.81995,47.40222],[3.83746,47.40306],[3.85242,47.43526],[3.86705,47.43462],[3.89398,47.41433],[3.85943,47.3927],[3.8721,47.36576],[3.88677,47.36458],[3.90879,47.38206],[3.94424,47.38022],[3.94944,47.39432],[3.97271,47.37577],[3.96171,47.36652],[3.97329,47.33145],[4.00208,47.31062],[4.02799,47.3142],[4.04409,47.33989],[4.11273,47.33416],[4.14212,47.3558],[4.1249,47.33586],[4.12891,47.31745],[4.11411,47.30796],[4.13389,47.3063],[4.11459,47.29261],[4.12558,47.2475],[4.13595,47.23757],[4.17927,47.25457],[4.19244,47.2342],[4.22146,47.21969],[4.23195,47.19878],[4.21016,47.17997],[4.20983,47.15541],[4.19679,47.14825],[4.11507,47.14616],[4.11935,47.13624],[4.10683,47.13],[4.11398,47.11913],[4.09495,47.12757],[4.08989,47.11618],[4.06001,47.12122],[4.04818,47.10997],[4.05376,47.09504],[4.03847,47.08046],[4.07343,47.05528],[4.05591,47.03661],[4.06167,47.02338],[4.03227,46.99876],[3.99516,46.98531],[3.99505,46.97515],[4.00957,46.97098],[4.0394,46.98511],[4.05572,46.95675],[4.03955,46.94813],[4.04836,46.93213],[4.03654,46.92779],[4.0393,46.90935],[4.04537,46.89986],[4.07014,46.89614],[4.09937,46.86691],[4.10089,46.85911],[4.04237,46.83412],[4.05828,46.82124],[4.06126,46.78493],[4.05528,46.77624],[4.03337,46.7876],[4.01899,46.77602],[3.99399,46.77886],[3.95337,46.75415],[3.92799,46.75055],[3.93336,46.7417],[3.91276,46.74195],[3.91272,46.7342],[3.88726,46.72717],[3.87636,46.73227],[3.84454,46.72257],[3.82906,46.70447],[3.79733,46.7015],[3.77688,46.72975],[3.78367,46.73605],[3.73894,46.75231],[3.65891,46.73765],[3.63952,46.73944],[3.62337,46.7538],[3.60204,46.75124],[3.59268,46.76308],[3.57569,46.74952],[3.598,46.72398],[3.57731,46.71485],[3.57593,46.72288],[3.56882,46.71549],[3.54811,46.72232],[3.56115,46.68862],[3.54648,46.67829],[3.53206,46.68879],[3.51442,46.68358],[3.48183,46.65067],[3.44208,46.662],[3.45519,46.68251],[3.43298,46.69334],[3.43369,46.71223],[3.37855,46.71238],[3.36575,46.6896],[3.34671,46.68442],[3.31397,46.68875],[3.30092,46.7163],[3.26979,46.71674],[3.20443,46.67875],[3.16574,46.69173],[3.12978,46.7272],[3.06676,46.74548],[3.03722,46.77342],[3.03196,46.79743],[3.05887,46.82628],[3.05458,46.83877],[3.06953,46.85307],[3.06697,46.88178],[3.04999,46.90771],[3.07933,46.95512],[3.06258,46.9792],[3.07516,47.02932],[3.06382,47.04608],[3.01934,47.06817],[3.03138,47.09248],[3.02809,47.12907],[2.97888,47.22957],[2.98309,47.26081],[2.91231,47.30886],[2.87655,47.32193],[2.87162,47.34576],[2.91845,47.40553],[2.93195,47.43946],[2.87463,47.52042]]]}},{"type":"Feature","properties":{"code":"59","nom":"Nord"},"geometry":{"type":"MultiPolygon","coordinates":[[[[3.0404,50.15971],[3.06066,50.16695],[3.05965,50.1741],[3.09006,50.17176],[3.09491,50.16372],[3.06814,50.14734],[3.0735,50.13163],[3.03704,50.13031],[3.01063,50.11281],[2.99932,50.11885],[3.00305,50.13007],[2.99349,50.137],[3.00437,50.15034],[3.04029,50.15174],[3.0404,50.15971]]],[[[2.06771,51.00651],[2.08451,51.00861],[2.10296,51.00604],[2.12206,50.99048],[2.1081,51.00416],[2.14456,51.02104],[2.14851,51.03403],[2.15299,51.01992],[2.16792,51.02206],[2.17739,51.00679],[2.19025,51.01804],[2.17511,51.02327],[2.19364,51.02779],[2.19518,51.03656],[2.19125,51.04028],[2.18191,51.03992],[2.17142,51.04434],[2.19516,51.04029],[2.21401,51.03168],[2.34954,51.06059],[2.39523,51.05033],[2.54554,51.089],[2.5629,51.06461],[2.57399,51.00352],[2.6069,50.99091],[2.63269,50.94601],[2.59001,50.9191],[2.60795,50.91008],[2.61195,50.86341],[2.59906,50.84875],[2.61541,50.84827],[2.63498,50.81276],[2.66932,50.82246],[2.67882,50.81332],[2.71748,50.81361],[2.73089,50.78754],[2.76215,50.77076],[2.75698,50.7631],[2.76605,50.75452],[2.78336,50.75091],[2.78958,50.72626],[2.81949,50.7154],[2.84838,50.72292],[2.87017,50.70291],[2.88565,50.70661],[2.90607,50.69232],[2.90967,50.70272],[2.92993,50.7104],[2.93165,50.7282],[2.94521,50.73159],[2.93741,50.74277],[2.95048,50.75129],[2.97335,50.75031],[3.0147,50.77404],[3.03386,50.76974],[3.05691,50.78063],[3.08871,50.77337],[3.11092,50.79412],[3.12499,50.78644],[3.15079,50.79012],[3.19913,50.73473],[3.19123,50.72441],[3.20841,50.71866],[3.20511,50.71245],[3.24567,50.71317],[3.26117,50.70128],[3.25371,50.68893],[3.26485,50.67612],[3.2413,50.66871],[3.24011,50.65856],[3.24937,50.64693],[3.24416,50.64054],[3.25902,50.63005],[3.2552,50.62258],[3.27947,50.59564],[3.27793,50.56432],[3.28537,50.56166],[3.27596,50.55854],[3.28874,50.52553],[3.36154,50.50384],[3.37622,50.49108],[3.45008,50.50723],[3.47439,50.53361],[3.51991,50.52332],[3.49632,50.49868],[3.50098,50.487],[3.56892,50.50096],[3.58534,50.49054],[3.60835,50.49673],[3.66233,50.45617],[3.67484,50.40186],[3.65715,50.36926],[3.67481,50.33303],[3.69403,50.32148],[3.68541,50.3196],[3.71043,50.30317],[3.71966,50.30481],[3.70912,50.31897],[3.73056,50.31012],[3.73022,50.33004],[3.7474,50.35093],[3.80546,50.3557],[3.81546,50.34479],[3.82423,50.35344],[3.84741,50.3531],[3.87229,50.33794],[3.88762,50.34107],[3.88606,50.32706],[3.90005,50.32728],[3.9679,50.35037],[3.96583,50.34127],[3.97229,50.34766],[3.98595,50.34207],[4.02371,50.35889],[4.07764,50.32101],[4.07889,50.30975],[4.09717,50.31321],[4.11712,50.30405],[4.12163,50.27768],[4.13666,50.2743],[4.13538,50.25719],[4.16761,50.2597],[4.1639,50.2715],[4.14956,50.27466],[4.16268,50.28892],[4.17667,50.28443],[4.17683,50.2757],[4.20796,50.273],[4.2207,50.2522],[4.17165,50.21692],[4.15164,50.21346],[4.16077,50.19781],[4.1481,50.1734],[4.15567,50.16425],[4.12693,50.13501],[4.15488,50.12842],[4.15751,50.13553],[4.19704,50.13531],[4.20342,50.12118],[4.19763,50.10702],[4.23112,50.07127],[4.19398,50.04921],[4.16222,50.04898],[4.14429,50.03073],[4.13578,50.01341],[4.16208,50.00037],[4.15452,49.98479],[4.08713,49.96919],[4.08366,49.979],[4.0567,49.98543],[4.03112,49.98207],[4.01171,49.98549],[4.00537,49.99606],[3.9808,49.99358],[3.9955,50.02768],[3.98231,50.04443],[3.88743,50.00955],[3.88969,50.02264],[3.87832,50.02789],[3.88719,50.03043],[3.87503,50.03657],[3.83553,50.04827],[3.81583,50.03904],[3.77793,50.04599],[3.71518,50.06927],[3.66079,50.05196],[3.6486,50.04256],[3.66231,50.03911],[3.65976,50.02971],[3.64172,50.03873],[3.61412,50.02505],[3.59403,50.04415],[3.54136,50.05521],[3.54321,50.04596],[3.50714,50.03578],[3.49066,50.01889],[3.42824,50.02207],[3.37736,50.03666],[3.35214,50.03575],[3.33711,50.0171],[3.28591,50.0138],[3.2581,50.03201],[3.25824,50.02437],[3.22731,50.0325],[3.17296,50.01131],[3.16699,50.02098],[3.14712,50.01806],[3.14994,50.02727],[3.11906,50.02617],[3.1164,50.03779],[3.08422,50.05571],[3.08754,50.06761],[3.09841,50.0682],[3.08834,50.08307],[3.10336,50.07852],[3.11412,50.09216],[3.10493,50.11547],[3.09185,50.12063],[3.13657,50.14344],[3.10096,50.16197],[3.13758,50.16667],[3.15638,50.18156],[3.1314,50.1994],[3.13905,50.21706],[3.17893,50.21988],[3.18786,50.23267],[3.14717,50.24622],[3.14909,50.26247],[3.14061,50.26502],[3.04858,50.27769],[3.0338,50.26592],[3.01072,50.26903],[3.0178,50.28459],[3.0551,50.28229],[3.04775,50.29371],[3.05443,50.30207],[3.08431,50.31119],[3.04997,50.34395],[3.00803,50.35859],[2.98014,50.40314],[3.01361,50.40298],[3.03898,50.42318],[3.06852,50.42565],[3.08179,50.44373],[3.06551,50.4477],[3.06918,50.45769],[3.03767,50.44164],[3.01635,50.44209],[3.01933,50.45215],[3.00695,50.45766],[3.02818,50.48392],[2.96471,50.51278],[2.91042,50.49988],[2.8867,50.50301],[2.87988,50.51589],[2.88696,50.53766],[2.80019,50.5276],[2.79447,50.54921],[2.81225,50.55007],[2.81663,50.5648],[2.80816,50.57917],[2.78943,50.58297],[2.80653,50.60676],[2.84343,50.62945],[2.86974,50.6311],[2.8399,50.65725],[2.80919,50.66937],[2.76327,50.65907],[2.75918,50.65067],[2.79245,50.63367],[2.75946,50.63513],[2.74627,50.60471],[2.72472,50.61421],[2.72377,50.6268],[2.71266,50.63214],[2.6741,50.63784],[2.67537,50.62547],[2.63052,50.61795],[2.6146,50.63483],[2.58977,50.63752],[2.5451,50.62545],[2.53271,50.64345],[2.48749,50.63213],[2.42899,50.65702],[2.40321,50.68166],[2.37413,50.6722],[2.36352,50.68464],[2.38739,50.7005],[2.35052,50.72006],[2.33898,50.74011],[2.41148,50.76673],[2.37188,50.78446],[2.36407,50.78001],[2.36938,50.77152],[2.31226,50.7872],[2.28858,50.77703],[2.28794,50.78701],[2.2525,50.78812],[2.21343,50.81055],[2.20354,50.84991],[2.13534,50.96426],[2.09287,51.00278],[2.06771,51.00651]]]]}},{"type":"Feature","properties":{"code":"60","nom":"Oise"},"geometry":{"type":"MultiPolygon","coordinates":[[[[3.04336,49.22775],[3.04702,49.22943],[3.04835,49.22753],[3.04336,49.22775]]],[[[2.99023,49.21067],[2.98182,49.21643],[3.00041,49.22267],[3.00276,49.21884],[2.99023,49.21067]]],[[[2.99668,49.19262],[2.99888,49.19111],[2.99665,49.19124],[2.99668,49.19262]]],[[[1.75029,49.76373],[1.79411,49.74986],[1.80898,49.75433],[1.82046,49.73905],[1.83945,49.73928],[1.83954,49.73091],[1.82056,49.72255],[1.83759,49.71836],[1.84899,49.70164],[1.89386,49.69899],[1.93265,49.71981],[1.94909,49.7008],[1.97126,49.71993],[1.97827,49.70971],[2.03472,49.71068],[2.06396,49.68774],[2.05016,49.68652],[2.06531,49.68315],[2.08133,49.69348],[2.12404,49.68803],[2.1508,49.70206],[2.18206,49.70413],[2.24717,49.70164],[2.3018,49.68107],[2.31676,49.68765],[2.33526,49.67942],[2.33381,49.67075],[2.36207,49.66674],[2.37086,49.65635],[2.41271,49.66284],[2.44566,49.65298],[2.45365,49.63561],[2.47226,49.63433],[2.46359,49.62831],[2.47812,49.62079],[2.50475,49.63947],[2.54062,49.62461],[2.54093,49.61562],[2.56647,49.6188],[2.55881,49.60705],[2.57136,49.59695],[2.59703,49.61168],[2.62595,49.61095],[2.62867,49.58194],[2.64963,49.57176],[2.67024,49.58111],[2.66856,49.6],[2.68787,49.61426],[2.68756,49.62475],[2.73914,49.62697],[2.78669,49.6121],[2.79949,49.62059],[2.78937,49.64018],[2.79725,49.66074],[2.84592,49.65942],[2.86116,49.6852],[2.87447,49.68582],[2.88879,49.67069],[2.88814,49.68719],[2.8662,49.70249],[2.8817,49.71366],[2.89396,49.6989],[2.91342,49.70951],[2.93021,49.68788],[2.92524,49.68332],[2.95495,49.66531],[2.94844,49.69399],[2.97308,49.69719],[2.97743,49.70548],[3.00513,49.70272],[3.02616,49.6803],[3.04053,49.69658],[3.05532,49.69401],[3.05243,49.71377],[3.08346,49.71249],[3.07811,49.69319],[3.08377,49.69051],[3.09646,49.70548],[3.1184,49.70597],[3.12637,49.69665],[3.11435,49.68376],[3.12771,49.66189],[3.11727,49.66672],[3.09778,49.65668],[3.11277,49.63133],[3.09358,49.62255],[3.12201,49.60374],[3.13836,49.57597],[3.1261,49.57008],[3.13389,49.56],[3.12761,49.527],[3.09578,49.5134],[3.12386,49.48633],[3.10709,49.46823],[3.16619,49.44701],[3.13188,49.43178],[3.09784,49.43723],[3.0951,49.37654],[3.07903,49.37394],[3.07472,49.34897],[3.04394,49.32875],[3.00151,49.34002],[2.96844,49.32631],[2.96675,49.31756],[2.98015,49.31141],[2.96786,49.30271],[2.9957,49.29626],[2.98712,49.28794],[3.02097,49.28967],[3.01707,49.28003],[3.03763,49.28639],[3.02585,49.25993],[3.04191,49.23038],[3.02167,49.21621],[3.00382,49.22143],[3.01494,49.23],[3.00339,49.23502],[2.95866,49.22696],[2.97065,49.21429],[2.97351,49.18689],[2.98372,49.1842],[2.99166,49.19393],[3.02298,49.16994],[3.0379,49.16921],[3.02602,49.19297],[3.00669,49.1854],[2.99727,49.19895],[3.00049,49.21363],[3.01879,49.21662],[3.08504,49.19045],[3.08157,49.16479],[3.09259,49.15488],[3.09898,49.15488],[3.08403,49.17274],[3.10074,49.1975],[3.11673,49.18952],[3.10827,49.16637],[3.14808,49.16075],[3.12706,49.14507],[3.1055,49.14688],[3.11531,49.13908],[3.11123,49.13191],[3.09343,49.14206],[3.09669,49.13156],[3.05659,49.10213],[3.06501,49.08515],[3.00852,49.09151],[2.98284,49.07132],[2.96873,49.09146],[2.94583,49.08808],[2.94059,49.07713],[2.90151,49.08537],[2.85465,49.07018],[2.84495,49.08488],[2.82954,49.08383],[2.80925,49.09754],[2.78399,49.08864],[2.78887,49.08287],[2.76834,49.08326],[2.78708,49.0755],[2.77793,49.07023],[2.73501,49.06045],[2.72436,49.08046],[2.69781,49.0644],[2.67739,49.08829],[2.63327,49.10838],[2.623,49.09559],[2.58302,49.08065],[2.57868,49.09195],[2.55817,49.09839],[2.55329,49.1246],[2.54716,49.11621],[2.53299,49.11938],[2.53106,49.0996],[2.48993,49.10636],[2.50326,49.11758],[2.47158,49.13543],[2.45823,49.14114],[2.4354,49.13394],[2.4409,49.1458],[2.39129,49.14935],[2.37637,49.15904],[2.3593,49.14735],[2.31093,49.18641],[2.28641,49.15992],[2.22958,49.15129],[2.21656,49.15469],[2.23541,49.16703],[2.21865,49.18068],[2.1761,49.17603],[2.18225,49.17038],[2.16879,49.16395],[2.15775,49.1726],[2.16457,49.17967],[2.14705,49.1881],[2.13695,49.17905],[2.1281,49.19341],[2.09771,49.18917],[2.08946,49.19366],[2.09117,49.20854],[2.08089,49.21045],[2.00184,49.17594],[1.97344,49.1839],[1.94982,49.17035],[1.92451,49.17352],[1.88257,49.16249],[1.87677,49.17531],[1.83647,49.16454],[1.8343,49.17564],[1.81169,49.17361],[1.80258,49.18493],[1.75551,49.17459],[1.74269,49.17979],[1.73744,49.1946],[1.71477,49.20734],[1.73369,49.21096],[1.74045,49.22344],[1.71211,49.23302],[1.71264,49.24119],[1.69904,49.23487],[1.70694,49.2614],[1.75869,49.27236],[1.7669,49.25204],[1.79055,49.24657],[1.80266,49.27343],[1.79323,49.27433],[1.79754,49.28845],[1.77249,49.29109],[1.76748,49.32048],[1.77424,49.33715],[1.75818,49.35622],[1.76096,49.36621],[1.72047,49.39398],[1.74038,49.40568],[1.71394,49.40922],[1.72484,49.44139],[1.77586,49.47133],[1.77225,49.48493],[1.78863,49.49014],[1.79022,49.50347],[1.75945,49.5114],[1.74523,49.48885],[1.73957,49.49965],[1.71639,49.50393],[1.74134,49.51899],[1.73561,49.52481],[1.7483,49.53845],[1.72348,49.5439],[1.72983,49.56129],[1.71401,49.57757],[1.69769,49.57221],[1.69952,49.58041],[1.69067,49.58],[1.72004,49.5816],[1.72162,49.58881],[1.70941,49.58671],[1.69373,49.60107],[1.72161,49.62199],[1.69868,49.6439],[1.72157,49.65855],[1.72313,49.67254],[1.75218,49.68096],[1.75112,49.69439],[1.74009,49.70135],[1.70451,49.68093],[1.68958,49.69479],[1.71547,49.7086],[1.71277,49.73389],[1.74546,49.73856],[1.73915,49.74905],[1.75029,49.76373]]]]}},{"type":"Feature","properties":{"code":"61","nom":"Orne"},"geometry":{"type":"Polygon","coordinates":[[[-0.85209,48.74575],[-0.80823,48.76011],[-0.78063,48.78665],[-0.71256,48.80069],[-0.68217,48.82183],[-0.7057,48.83785],[-0.69272,48.8473],[-0.64344,48.84095],[-0.64542,48.82721],[-0.58075,48.83801],[-0.57218,48.83014],[-0.54994,48.8474],[-0.5019,48.84649],[-0.49405,48.84857],[-0.49658,48.85831],[-0.43223,48.87484],[-0.42613,48.86567],[-0.40618,48.86984],[-0.38621,48.84526],[-0.35961,48.84747],[-0.37331,48.83486],[-0.34624,48.822],[-0.32739,48.83909],[-0.33594,48.84582],[-0.32852,48.8576],[-0.30545,48.85822],[-0.29855,48.84916],[-0.26218,48.85359],[-0.21287,48.84008],[-0.2044,48.84644],[-0.17012,48.82475],[-0.12751,48.81627],[-0.14634,48.83445],[-0.12335,48.83957],[-0.12442,48.84738],[-0.11409,48.83946],[-0.06745,48.84063],[-0.02669,48.87635],[-0.00693,48.87235],[-0.00706,48.88539],[0.05609,48.9016],[0.08072,48.93798],[0.10068,48.93437],[0.12761,48.95222],[0.14342,48.94519],[0.1539,48.92438],[0.16489,48.92567],[0.19506,48.94369],[0.23258,48.93931],[0.24632,48.96003],[0.27752,48.96531],[0.27748,48.94998],[0.30948,48.95388],[0.33323,48.94278],[0.3565,48.94955],[0.37731,48.97255],[0.40609,48.96346],[0.40015,48.95275],[0.41281,48.95063],[0.38619,48.91041],[0.42157,48.89865],[0.42109,48.88676],[0.45004,48.89102],[0.44311,48.88128],[0.45736,48.87976],[0.46315,48.8885],[0.55145,48.87443],[0.58465,48.89209],[0.59718,48.88499],[0.58659,48.8814],[0.58963,48.87259],[0.61503,48.87765],[0.6024,48.86249],[0.60939,48.85333],[0.63621,48.85428],[0.60787,48.83249],[0.75843,48.76797],[0.74948,48.76065],[0.77496,48.73753],[0.72876,48.70685],[0.76605,48.6968],[0.76148,48.68009],[0.76872,48.6699],[0.81482,48.67017],[0.80969,48.66244],[0.82996,48.63227],[0.81717,48.61546],[0.84705,48.60952],[0.85064,48.58263],[0.92571,48.55965],[0.93876,48.55056],[0.9251,48.53564],[0.96774,48.52388],[0.94155,48.49869],[0.9554,48.49265],[0.95629,48.48228],[0.93571,48.47555],[0.95591,48.44441],[0.97642,48.43877],[0.9445,48.41729],[0.95,48.39941],[0.90903,48.37026],[0.90089,48.37384],[0.88371,48.35671],[0.83993,48.35272],[0.84238,48.34669],[0.82854,48.34246],[0.81221,48.34948],[0.79061,48.34271],[0.76887,48.32194],[0.75567,48.29982],[0.77835,48.30327],[0.80707,48.28973],[0.78588,48.27114],[0.83048,48.21071],[0.75774,48.17989],[0.72364,48.19814],[0.68295,48.25488],[0.63977,48.26103],[0.6311,48.25258],[0.63848,48.23561],[0.63191,48.23462],[0.62361,48.24531],[0.53605,48.24967],[0.5329,48.26428],[0.49459,48.28196],[0.5074,48.29494],[0.48995,48.30936],[0.4805,48.29859],[0.43133,48.30664],[0.42046,48.32111],[0.40622,48.31462],[0.39554,48.32047],[0.3826,48.33383],[0.38814,48.3497],[0.37386,48.38697],[0.37173,48.41045],[0.38244,48.4249],[0.35675,48.45774],[0.30072,48.48049],[0.26475,48.4847],[0.2491,48.47397],[0.17316,48.46522],[0.17114,48.44943],[0.14557,48.45731],[0.15779,48.44081],[0.11718,48.43603],[0.10014,48.41013],[0.07055,48.40909],[0.05414,48.39195],[0.06078,48.37962],[0.01531,48.38167],[-0.00243,48.39736],[-0.05069,48.37521],[-0.05796,48.38747],[-0.05135,48.45293],[-0.07053,48.45801],[-0.07301,48.45053],[-0.10586,48.44726],[-0.14688,48.45644],[-0.15601,48.49584],[-0.1725,48.51054],[-0.1446,48.52775],[-0.20808,48.56414],[-0.21733,48.55808],[-0.24264,48.56799],[-0.26265,48.54864],[-0.24131,48.53667],[-0.27453,48.51781],[-0.27155,48.50745],[-0.2854,48.50677],[-0.28808,48.51934],[-0.32024,48.52292],[-0.33586,48.5019],[-0.35582,48.49567],[-0.35315,48.48377],[-0.39335,48.50107],[-0.39514,48.5103],[-0.4238,48.50677],[-0.44722,48.51538],[-0.47013,48.51194],[-0.4782,48.50157],[-0.5097,48.50901],[-0.55172,48.47312],[-0.59533,48.47263],[-0.65107,48.44395],[-0.66624,48.48589],[-0.69177,48.46811],[-0.7311,48.47282],[-0.73586,48.46112],[-0.7151,48.44895],[-0.76492,48.43666],[-0.77979,48.44607],[-0.77787,48.46541],[-0.79661,48.46625],[-0.81274,48.45492],[-0.81476,48.47205],[-0.86048,48.50231],[-0.8059,48.55077],[-0.77417,48.56268],[-0.76962,48.58994],[-0.75174,48.60132],[-0.75349,48.62075],[-0.73874,48.62259],[-0.76208,48.63101],[-0.77336,48.65748],[-0.73474,48.68552],[-0.79035,48.70407],[-0.81775,48.73109],[-0.84922,48.73076],[-0.85209,48.74575]],[[-0.43295,48.86331],[-0.43131,48.86545],[-0.43336,48.86555],[-0.43295,48.86331]]]}},{"type":"Feature","properties":{"code":"62","nom":"Pas-de-Calais"},"geometry":{"type":"Polygon","coordinates":[[[2.06771,51.00651],[2.09287,51.00278],[2.13534,50.96426],[2.20354,50.84991],[2.21343,50.81055],[2.2525,50.78812],[2.28794,50.78701],[2.28858,50.77703],[2.31226,50.7872],[2.36938,50.77152],[2.36407,50.78001],[2.37188,50.78446],[2.41148,50.76673],[2.33898,50.74011],[2.35052,50.72006],[2.38739,50.7005],[2.36352,50.68464],[2.37413,50.6722],[2.40321,50.68166],[2.42899,50.65702],[2.48749,50.63213],[2.53271,50.64345],[2.5451,50.62545],[2.58977,50.63752],[2.6146,50.63483],[2.63052,50.61795],[2.67537,50.62547],[2.6741,50.63784],[2.71266,50.63214],[2.72377,50.6268],[2.72472,50.61421],[2.74627,50.60471],[2.75946,50.63513],[2.79245,50.63367],[2.75918,50.65067],[2.76327,50.65907],[2.80919,50.66937],[2.8399,50.65725],[2.86974,50.6311],[2.84343,50.62945],[2.80653,50.60676],[2.78943,50.58297],[2.80816,50.57917],[2.81663,50.5648],[2.81225,50.55007],[2.79447,50.54921],[2.80019,50.5276],[2.88696,50.53766],[2.87988,50.51589],[2.8867,50.50301],[2.91042,50.49988],[2.96471,50.51278],[3.02818,50.48392],[3.00695,50.45766],[3.01933,50.45215],[3.01635,50.44209],[3.03767,50.44164],[3.06918,50.45769],[3.06551,50.4477],[3.08179,50.44373],[3.06852,50.42565],[3.03898,50.42318],[3.01361,50.40298],[2.98014,50.40314],[3.00803,50.35859],[3.04997,50.34395],[3.08431,50.31119],[3.05443,50.30207],[3.04775,50.29371],[3.0551,50.28229],[3.0178,50.28459],[3.01072,50.26903],[3.0338,50.26592],[3.04858,50.27769],[3.14061,50.26502],[3.14909,50.26247],[3.14717,50.24622],[3.16907,50.24369],[3.18828,50.2285],[3.17403,50.21866],[3.13905,50.21706],[3.1314,50.1994],[3.15638,50.18156],[3.13758,50.16667],[3.10096,50.16197],[3.13657,50.14344],[3.09185,50.12063],[3.10493,50.11547],[3.11412,50.09216],[3.10336,50.07852],[3.08834,50.08307],[3.09841,50.0682],[3.08605,50.06613],[3.08592,50.04819],[3.01444,50.05915],[2.97177,50.04156],[2.94544,50.05417],[2.93289,50.04336],[2.92073,50.04891],[2.91624,50.0349],[2.89631,50.03702],[2.8638,50.0201],[2.84953,50.02932],[2.87759,50.04241],[2.85533,50.06244],[2.85784,50.07739],[2.84809,50.07833],[2.78896,50.04531],[2.78566,50.05116],[2.75294,50.03897],[2.74255,50.04823],[2.76375,50.0606],[2.75888,50.0682],[2.78184,50.0911],[2.77694,50.11594],[2.76257,50.10956],[2.70882,50.12849],[2.71391,50.10982],[2.69569,50.10224],[2.71871,50.08809],[2.70463,50.08122],[2.68222,50.09517],[2.63869,50.09713],[2.62814,50.1093],[2.57567,50.11333],[2.56935,50.12063],[2.58663,50.13736],[2.55727,50.14299],[2.5331,50.11404],[2.51495,50.14081],[2.4554,50.13109],[2.42966,50.08818],[2.41862,50.08766],[2.41451,50.10064],[2.39202,50.11176],[2.37546,50.10925],[2.38245,50.13936],[2.39346,50.14692],[2.38898,50.15469],[2.41335,50.16236],[2.42016,50.17585],[2.49569,50.19456],[2.45073,50.23089],[2.40343,50.23385],[2.35886,50.20613],[2.36005,50.21463],[2.33267,50.23805],[2.31471,50.23476],[2.3316,50.22209],[2.32755,50.21328],[2.32039,50.22021],[2.29875,50.21197],[2.2698,50.22876],[2.24629,50.21096],[2.22178,50.20895],[2.2263,50.21408],[2.21307,50.21834],[2.17415,50.2089],[2.14976,50.19043],[2.12874,50.2099],[2.11456,50.20286],[2.09464,50.20831],[2.08767,50.20043],[2.08451,50.21652],[2.06382,50.23445],[2.07557,50.25192],[1.96071,50.29026],[1.94972,50.28591],[1.93145,50.29906],[1.96174,50.3123],[1.96427,50.32174],[1.95443,50.32863],[1.93813,50.3301],[1.90795,50.31156],[1.88138,50.31803],[1.87258,50.33395],[1.8517,50.34291],[1.77878,50.36187],[1.68972,50.34365],[1.66538,50.32999],[1.66255,50.33798],[1.64517,50.33922],[1.62962,50.36942],[1.58315,50.3762],[1.5566,50.39625],[1.58541,50.53735],[1.63729,50.50967],[1.65917,50.50778],[1.6265,50.52004],[1.57661,50.57223],[1.57623,50.64099],[1.56071,50.69968],[1.57325,50.71648],[1.5625,50.7244],[1.57476,50.7278],[1.57122,50.71969],[1.57436,50.71728],[1.58632,50.7313],[1.58205,50.72354],[1.60254,50.7216],[1.59129,50.73049],[1.6056,50.7676],[1.60333,50.80435],[1.57787,50.85304],[1.58185,50.87104],[1.6421,50.87887],[1.71226,50.92941],[1.78072,50.95487],[1.84435,50.96759],[1.84838,50.96091],[1.86624,50.96962],[1.8527,50.97095],[1.87116,50.97493],[2.06771,51.00651]],[[3.0404,50.15971],[3.04029,50.15174],[3.00437,50.15034],[2.99349,50.137],[3.00305,50.13007],[2.99932,50.11885],[3.01063,50.11281],[3.03704,50.13031],[3.0735,50.13163],[3.06814,50.14734],[3.09491,50.16372],[3.09006,50.17176],[3.05965,50.1741],[3.06066,50.16695],[3.0404,50.15971]]]}},{"type":"Feature","properties":{"code":"63","nom":"Puy-de-Dôme"},"geometry":{"type":"Polygon","coordinates":[[[2.56538,46.14303],[2.59138,46.12678],[2.60693,46.13035],[2.64069,46.11848],[2.66854,46.14431],[2.67492,46.17204],[2.7231,46.18152],[2.7322,46.19426],[2.72072,46.21176],[2.73305,46.22332],[2.80876,46.19469],[2.82331,46.21995],[2.81916,46.24179],[2.83791,46.2512],[2.92143,46.25031],[2.94539,46.24082],[2.93162,46.23289],[2.94112,46.22496],[2.9147,46.21404],[2.90959,46.20349],[2.92074,46.19089],[2.91327,46.17666],[2.95199,46.17133],[2.9624,46.13024],[3.00104,46.12031],[3.01428,46.10291],[3.06738,46.10281],[3.09062,46.11453],[3.09828,46.08361],[3.13091,46.0694],[3.17533,46.06593],[3.184,46.075],[3.21451,46.07494],[3.24483,46.06213],[3.30239,46.06577],[3.33535,46.05478],[3.33205,46.0441],[3.41856,46.07367],[3.43369,46.06079],[3.45935,46.06103],[3.47188,46.03918],[3.46183,46.03995],[3.46414,46.00817],[3.50642,46.01696],[3.52531,46.01208],[3.52338,46.02165],[3.54354,46.01315],[3.59209,46.024],[3.6256,45.98539],[3.63199,45.96107],[3.64161,45.96658],[3.67676,45.95806],[3.69402,45.93073],[3.72345,45.92187],[3.74812,45.89839],[3.75437,45.88603],[3.73511,45.87066],[3.7155,45.86942],[3.72852,45.86251],[3.71902,45.85115],[3.72844,45.83151],[3.71911,45.80836],[3.68858,45.79114],[3.73182,45.7745],[3.7389,45.76681],[3.72763,45.75594],[3.73226,45.75102],[3.74591,45.74225],[3.75861,45.74632],[3.76816,45.72825],[3.78085,45.72435],[3.77695,45.69084],[3.82345,45.63242],[3.85877,45.62471],[3.88172,45.60354],[3.90667,45.5978],[3.95435,45.55596],[3.94572,45.54516],[3.95856,45.51176],[3.98469,45.49523],[3.98296,45.48208],[3.96667,45.47205],[3.97363,45.44816],[3.96019,45.44318],[3.96258,45.43518],[3.91959,45.42464],[3.89854,45.40982],[3.88923,45.39452],[3.89215,45.35405],[3.83756,45.3658],[3.83585,45.38301],[3.82236,45.37987],[3.80494,45.3921],[3.7854,45.37018],[3.79,45.35388],[3.77582,45.3487],[3.73011,45.36144],[3.6999,45.35946],[3.70744,45.37387],[3.67021,45.38376],[3.66374,45.36167],[3.64482,45.35934],[3.64494,45.35101],[3.62142,45.33772],[3.5869,45.36129],[3.58805,45.37523],[3.57058,45.4021],[3.55617,45.39163],[3.52994,45.39822],[3.50647,45.41125],[3.49953,45.42751],[3.47978,45.4211],[3.46361,45.40188],[3.41966,45.39741],[3.37828,45.40077],[3.35595,45.4227],[3.34085,45.42136],[3.32758,45.39682],[3.32011,45.41317],[3.29817,45.4203],[3.29003,45.40066],[3.25407,45.38868],[3.23794,45.39363],[3.21865,45.36949],[3.18139,45.36469],[3.1746,45.35533],[3.18041,45.35146],[3.09646,45.35204],[3.08736,45.33864],[3.06526,45.33253],[3.05826,45.30765],[3.0183,45.28707],[2.94862,45.30913],[2.92576,45.34264],[2.92247,45.36811],[2.8832,45.3841],[2.86773,45.37608],[2.85238,45.39234],[2.83058,45.38965],[2.81389,45.4015],[2.78483,45.38467],[2.7422,45.39334],[2.71434,45.38183],[2.70126,45.39127],[2.70392,45.39886],[2.68073,45.40717],[2.68846,45.43769],[2.66262,45.43413],[2.62453,45.4439],[2.62231,45.46851],[2.60365,45.45002],[2.58482,45.45015],[2.56386,45.46558],[2.53653,45.45655],[2.54396,45.47898],[2.50752,45.48166],[2.51389,45.49235],[2.50778,45.50311],[2.52039,45.52045],[2.51176,45.5251],[2.5194,45.53224],[2.51684,45.55302],[2.49093,45.56039],[2.46117,45.59646],[2.47843,45.60791],[2.4875,45.6424],[2.52014,45.64069],[2.52828,45.65854],[2.51259,45.66976],[2.52868,45.6822],[2.51891,45.69764],[2.52301,45.71145],[2.48484,45.74848],[2.4445,45.75819],[2.42727,45.79464],[2.38802,45.82738],[2.40367,45.83843],[2.43094,45.83382],[2.43418,45.84525],[2.44951,45.84821],[2.44336,45.86661],[2.47062,45.87233],[2.49223,45.86403],[2.50221,45.88849],[2.51419,45.88568],[2.55501,45.91251],[2.5415,45.92153],[2.55164,45.94127],[2.56991,45.94721],[2.56357,45.95559],[2.60902,45.96665],[2.59322,45.99299],[2.60251,46.03346],[2.57073,46.0473],[2.55039,46.08607],[2.54728,46.11297],[2.56538,46.14303]]]}},{"type":"Feature","properties":{"code":"64","nom":"Pyrénées-Atlantiques"},"geometry":{"type":"Polygon","coordinates":[[[-0.28302,43.58569],[-0.21061,43.59324],[-0.20474,43.5836],[-0.17656,43.59683],[-0.16045,43.58057],[-0.09678,43.58241],[-0.08894,43.5572],[-0.09411,43.54393],[-0.06599,43.54813],[-0.04013,43.51261],[-0.04957,43.49192],[-0.03491,43.48854],[-0.03472,43.47494],[-0.01782,43.47215],[-0.01909,43.46505],[-0.06575,43.46348],[-0.07074,43.43528],[-0.05078,43.41959],[-0.06727,43.41042],[-0.04298,43.4102],[-0.0337,43.43269],[-0.00248,43.44508],[-0.00479,43.43162],[0.00966,43.4222],[-0.00578,43.37302],[0.0295,43.34615],[0.01032,43.32532],[-0.02537,43.32962],[-0.04612,43.30086],[-0.04439,43.28528],[-0.01701,43.27045],[-0.04946,43.21718],[-0.07397,43.22238],[-0.06787,43.17712],[-0.09549,43.17719],[-0.10595,43.16653],[-0.1177,43.18033],[-0.14613,43.12824],[-0.17501,43.11012],[-0.19384,43.11502],[-0.19768,43.09817],[-0.18644,43.08427],[-0.19915,43.06441],[-0.18156,43.05254],[-0.22395,43.03369],[-0.25818,43.03816],[-0.25967,43.01368],[-0.28724,43.00592],[-0.29073,42.9605],[-0.28159,42.93356],[-0.32717,42.9165],[-0.30707,42.86997],[-0.31086,42.85314],[-0.32402,42.83498],[-0.34714,42.83773],[-0.39494,42.79892],[-0.40924,42.80775],[-0.44348,42.79592],[-0.5011,42.82784],[-0.52429,42.81216],[-0.52973,42.79153],[-0.54381,42.79316],[-0.5512,42.77752],[-0.56693,42.78053],[-0.56602,42.80379],[-0.60076,42.80631],[-0.60363,42.83262],[-0.65506,42.8581],[-0.67841,42.8844],[-0.69888,42.87876],[-0.73185,42.89605],[-0.73644,42.913],[-0.72405,42.92234],[-0.73251,42.92841],[-0.73057,42.94549],[-0.75296,42.96771],[-0.81477,42.95104],[-0.86503,42.95078],[-0.90757,42.96428],[-0.94383,42.95319],[-0.9975,42.97569],[-1.01659,42.99468],[-1.07418,42.99861],[-1.11471,43.02386],[-1.14221,43.00798],[-1.1444,43.02353],[-1.1641,43.03486],[-1.18072,43.03253],[-1.23016,43.05538],[-1.24719,43.04242],[-1.26298,43.04339],[-1.27054,43.05472],[-1.30928,43.06865],[-1.29712,43.09531],[-1.27019,43.11857],[-1.32061,43.11275],[-1.34511,43.09402],[-1.34289,43.05449],[-1.3537,43.02824],[-1.44122,43.04631],[-1.47321,43.08676],[-1.41478,43.12789],[-1.40962,43.14275],[-1.41614,43.14874],[-1.40224,43.15566],[-1.40202,43.17787],[-1.38174,43.18963],[-1.37779,43.23013],[-1.38854,43.25856],[-1.41321,43.27342],[-1.43885,43.26652],[-1.49189,43.28042],[-1.50586,43.29328],[-1.53532,43.29464],[-1.56472,43.28791],[-1.55815,43.27693],[-1.57661,43.24988],[-1.60867,43.25191],[-1.63037,43.28445],[-1.62407,43.30607],[-1.66853,43.31486],[-1.72975,43.29568],[-1.74135,43.31675],[-1.73771,43.3304],[-1.78713,43.35137],[-1.78291,43.36204],[-1.79235,43.3706],[-1.78875,43.37838],[-1.76222,43.3757],[-1.74896,43.38777],[-1.73984,43.38089],[-1.68209,43.39755],[-1.68146,43.39004],[-1.66553,43.38932],[-1.66173,43.40383],[-1.60145,43.43329],[-1.57128,43.48169],[-1.54807,43.49597],[-1.52487,43.5297],[-1.49405,43.5285],[-1.47821,43.53968],[-1.46115,43.53168],[-1.46501,43.51655],[-1.43112,43.51461],[-1.41766,43.49691],[-1.36791,43.4949],[-1.32447,43.50511],[-1.28887,43.49873],[-1.19562,43.5461],[-1.17082,43.54561],[-1.1308,43.51873],[-1.13332,43.50969],[-1.17189,43.50485],[-1.16869,43.4922],[-1.15318,43.49696],[-1.14435,43.48764],[-1.13798,43.49959],[-1.11798,43.50146],[-1.10925,43.51413],[-1.08766,43.51118],[-1.08155,43.52217],[-1.069,43.50845],[-1.04636,43.51426],[-1.02368,43.5017],[-0.99238,43.50402],[-0.98909,43.53052],[-1.0011,43.53823],[-0.92658,43.53202],[-0.90536,43.55051],[-0.84572,43.54221],[-0.84267,43.55356],[-0.8183,43.56144],[-0.80404,43.5563],[-0.76828,43.57948],[-0.7174,43.54061],[-0.70932,43.54129],[-0.70749,43.56002],[-0.68802,43.55676],[-0.64105,43.5748],[-0.65782,43.55611],[-0.63375,43.5541],[-0.61437,43.53772],[-0.59632,43.53824],[-0.56707,43.55822],[-0.55279,43.54318],[-0.44921,43.5963],[-0.4316,43.58369],[-0.44789,43.56657],[-0.46344,43.56659],[-0.44971,43.54987],[-0.39445,43.56926],[-0.33596,43.55085],[-0.30369,43.56028],[-0.3012,43.5713],[-0.29085,43.56812],[-0.28302,43.58569]],[[-0.10333,43.35858],[-0.09023,43.35935],[-0.08657,43.33616],[-0.11552,43.33238],[-0.1102,43.31218],[-0.07504,43.30714],[-0.06493,43.355],[-0.0931,43.37388],[-0.10728,43.37073],[-0.10333,43.35858]],[[-0.10308,43.24282],[-0.07929,43.27166],[-0.09618,43.28548],[-0.08934,43.30084],[-0.11149,43.3104],[-0.14062,43.27194],[-0.12134,43.2409],[-0.10308,43.24282]]]}},{"type":"Feature","properties":{"code":"65","nom":"Hautes-Pyrénées"},"geometry":{"type":"MultiPolygon","coordinates":[[[[-0.10308,43.24282],[-0.12134,43.2409],[-0.14062,43.27194],[-0.11149,43.3104],[-0.08934,43.30084],[-0.09618,43.28548],[-0.07929,43.27166],[-0.10308,43.24282]]],[[[-0.10333,43.35858],[-0.10728,43.37073],[-0.0931,43.37388],[-0.06493,43.355],[-0.07504,43.30714],[-0.1102,43.31218],[-0.11552,43.33238],[-0.08657,43.33616],[-0.09023,43.35935],[-0.10333,43.35858]]],[[[-0.08894,43.5572],[-0.09751,43.58942],[-0.07567,43.59159],[-0.07397,43.60631],[-0.04467,43.61316],[-0.01544,43.60551],[-0.00288,43.56624],[0.01677,43.54314],[0.04304,43.53445],[0.05144,43.51855],[0.08027,43.5239],[0.08975,43.51017],[0.11661,43.51493],[0.135,43.46572],[0.15003,43.46472],[0.16588,43.44435],[0.13231,43.4242],[0.15305,43.39948],[0.1738,43.40277],[0.18203,43.37118],[0.23258,43.36777],[0.29804,43.38811],[0.30662,43.36809],[0.32714,43.3727],[0.33184,43.34316],[0.39181,43.3556],[0.39926,43.35019],[0.39573,43.3336],[0.41439,43.32883],[0.44297,43.32793],[0.44498,43.34074],[0.49399,43.32512],[0.5079,43.33413],[0.5507,43.32959],[0.63563,43.30124],[0.55337,43.23771],[0.57284,43.23311],[0.57383,43.22033],[0.55187,43.20915],[0.51739,43.21237],[0.50586,43.19823],[0.52605,43.19833],[0.52193,43.19209],[0.442,43.13127],[0.4643,43.11805],[0.45321,43.11125],[0.48904,43.11517],[0.50257,43.10684],[0.50082,43.09574],[0.5324,43.09332],[0.53167,43.08295],[0.56385,43.07425],[0.55287,43.06538],[0.56672,43.03737],[0.53793,43.04164],[0.52823,43.00471],[0.54018,43.0013],[0.56563,43.02034],[0.59183,43.02237],[0.59322,43.03545],[0.60656,43.03462],[0.62742,43.0001],[0.61224,42.98861],[0.61883,42.97242],[0.64612,42.96094],[0.59952,42.92724],[0.57594,42.87083],[0.56234,42.86076],[0.47736,42.87824],[0.47268,42.85917],[0.46024,42.85175],[0.4675,42.84675],[0.45582,42.81689],[0.46355,42.8045],[0.45471,42.77202],[0.46311,42.74341],[0.44904,42.73385],[0.48459,42.71027],[0.48248,42.7029],[0.42275,42.69082],[0.3601,42.72429],[0.32507,42.70517],[0.32149,42.68408],[0.29514,42.67316],[0.26346,42.69324],[0.25988,42.71581],[0.22649,42.71726],[0.17573,42.737],[0.16201,42.723],[0.11605,42.71084],[0.07836,42.7149],[0.05855,42.69766],[0.01445,42.70165],[0.00189,42.68582],[-0.05672,42.69215],[-0.06884,42.7179],[-0.1068,42.7205],[-0.12291,42.75162],[-0.14994,42.76921],[-0.16087,42.79832],[-0.18942,42.7866],[-0.23915,42.80888],[-0.24336,42.82314],[-0.25597,42.81907],[-0.31344,42.84938],[-0.30707,42.86997],[-0.32717,42.9165],[-0.28159,42.93356],[-0.29073,42.9605],[-0.28724,43.00592],[-0.25967,43.01368],[-0.25818,43.03816],[-0.22395,43.03369],[-0.18156,43.05254],[-0.19915,43.06441],[-0.18644,43.08427],[-0.19768,43.09817],[-0.19384,43.11502],[-0.17501,43.11012],[-0.14613,43.12824],[-0.1177,43.18033],[-0.10595,43.16653],[-0.09549,43.17719],[-0.06787,43.17712],[-0.07397,43.22238],[-0.04946,43.21718],[-0.01701,43.27045],[-0.04439,43.28528],[-0.04612,43.30086],[-0.02537,43.32962],[0.01032,43.32532],[0.0295,43.34615],[-0.00578,43.37302],[0.00966,43.4222],[-0.00479,43.43162],[-0.00248,43.44508],[-0.0337,43.43269],[-0.04298,43.4102],[-0.06727,43.41042],[-0.05078,43.41959],[-0.07074,43.43528],[-0.06575,43.46348],[-0.01909,43.46505],[-0.01782,43.47215],[-0.03472,43.47494],[-0.03491,43.48854],[-0.04957,43.49192],[-0.04013,43.51261],[-0.06599,43.54813],[-0.09411,43.54393],[-0.08894,43.5572]]]]}},{"type":"Feature","properties":{"code":"66","nom":"Pyrénées-Orientales"},"geometry":{"type":"Polygon","coordinates":[[[2.16605,42.66392],[2.17695,42.64918],[2.19125,42.65207],[2.20629,42.66708],[2.24652,42.6812],[2.26471,42.70926],[2.29706,42.701],[2.35539,42.72701],[2.34392,42.80122],[2.33338,42.80193],[2.33213,42.82043],[2.31929,42.82399],[2.32712,42.83744],[2.38217,42.84847],[2.45247,42.83693],[2.50516,42.85123],[2.51658,42.84241],[2.55152,42.84669],[2.68046,42.83067],[2.73706,42.83557],[2.78905,42.89599],[2.86527,42.91834],[2.88261,42.89976],[2.98499,42.86703],[3.04351,42.83815],[3.04075,42.71666],[3.03843,42.70459],[3.02578,42.70672],[3.02447,42.70388],[3.03895,42.70121],[3.03544,42.64225],[3.04961,42.55014],[3.05796,42.53626],[3.08544,42.52438],[3.1411,42.51521],[3.12334,42.50594],[3.13561,42.49969],[3.12754,42.48732],[3.15514,42.47745],[3.16631,42.44055],[3.17783,42.43948],[3.12083,42.43801],[3.0861,42.42519],[3.04725,42.45708],[3.04046,42.47439],[2.96735,42.46536],[2.94709,42.4818],[2.91845,42.45608],[2.87031,42.46734],[2.8615,42.45483],[2.83954,42.45929],[2.82753,42.43955],[2.81526,42.43974],[2.79924,42.41857],[2.77697,42.41195],[2.75544,42.42568],[2.73345,42.42445],[2.67394,42.4047],[2.67142,42.38753],[2.65149,42.38641],[2.6749,42.35705],[2.67548,42.34238],[2.57086,42.35795],[2.53272,42.33305],[2.48121,42.34064],[2.45462,42.36974],[2.43346,42.37709],[2.43246,42.39326],[2.36077,42.40283],[2.31414,42.42785],[2.2913,42.42294],[2.25672,42.43844],[2.20161,42.41638],[2.15088,42.42113],[2.1256,42.40965],[2.11676,42.38321],[2.08955,42.37372],[2.08463,42.36177],[2.03258,42.35831],[2.01541,42.34678],[1.96474,42.38164],[1.95829,42.42396],[1.94099,42.4302],[1.93688,42.45359],[1.89136,42.44779],[1.83443,42.48292],[1.73067,42.49275],[1.72583,42.5036],[1.72181,42.51704],[1.7483,42.563],[1.83706,42.58454],[1.87449,42.58141],[1.87423,42.59],[1.89127,42.59331],[1.90018,42.6149],[1.93339,42.60482],[1.95012,42.61774],[1.97176,42.61692],[1.99856,42.66133],[2.02763,42.65251],[2.04702,42.66359],[2.10897,42.66386],[2.12784,42.67227],[2.16605,42.66392]],[[1.96006,42.47045],[1.96101,42.4529],[2.01438,42.45168],[1.99164,42.46268],[1.98653,42.47576],[1.99832,42.48516],[1.98953,42.49354],[1.97876,42.49477],[1.96006,42.47045]]]}},{"type":"Feature","properties":{"code":"67","nom":"Bas-Rhin"},"geometry":{"type":"Polygon","coordinates":[[[7.63529,49.05416],[7.67449,49.04504],[7.69708,49.04975],[7.69611,49.05782],[7.73182,49.05561],[7.73223,49.04436],[7.75818,49.04534],[7.79459,49.06579],[7.8663,49.0334],[7.88823,49.04862],[7.9167,49.04097],[7.93376,49.05803],[7.96685,49.04144],[7.9747,49.02697],[8.04922,49.01418],[8.08691,48.99054],[8.19441,48.97743],[8.19857,48.96748],[8.22274,48.97597],[8.23334,48.96668],[8.1958,48.95621],[8.14794,48.90381],[8.08912,48.80363],[8.06513,48.78977],[8.02913,48.78648],[8.01471,48.76118],[7.97176,48.75763],[7.96314,48.72135],[7.89089,48.6631],[7.83982,48.64137],[7.8004,48.58454],[7.8052,48.51357],[7.7682,48.48966],[7.76303,48.45141],[7.73355,48.39869],[7.74466,48.32784],[7.69338,48.30153],[7.6678,48.22391],[7.60115,48.15838],[7.59707,48.13315],[7.57731,48.12037],[7.55287,48.12183],[7.51937,48.12611],[7.52033,48.1495],[7.47014,48.16017],[7.47694,48.20354],[7.35358,48.24852],[7.32649,48.24405],[7.31059,48.25371],[7.33292,48.27269],[7.29251,48.27078],[7.30095,48.28258],[7.27508,48.30561],[7.19828,48.31047],[7.19177,48.32485],[7.17721,48.32531],[7.18365,48.33935],[7.12049,48.33335],[7.07596,48.35258],[7.10934,48.37874],[7.08498,48.39789],[7.09743,48.40564],[7.09569,48.42653],[7.10994,48.43968],[7.10191,48.45142],[7.11874,48.47449],[7.11688,48.48489],[7.09366,48.48928],[7.09062,48.50366],[7.1358,48.49756],[7.1178,48.51566],[7.08072,48.51255],[7.06449,48.5234],[7.07936,48.53642],[7.09214,48.52904],[7.11438,48.53739],[7.16791,48.5276],[7.19249,48.54879],[7.21832,48.55264],[7.26514,48.59172],[7.25561,48.59994],[7.27966,48.62818],[7.2619,48.63179],[7.28113,48.63657],[7.30435,48.6602],[7.2646,48.6627],[7.24249,48.69154],[7.26017,48.6943],[7.29299,48.75297],[7.31334,48.76724],[7.2876,48.79774],[7.26203,48.79845],[7.24524,48.81003],[7.26131,48.81996],[7.24546,48.81683],[7.22247,48.82962],[7.21657,48.82027],[7.18714,48.83342],[7.19588,48.8404],[7.18591,48.84951],[7.17452,48.84184],[7.14885,48.8446],[7.14111,48.83441],[7.1476,48.82186],[7.12445,48.81251],[7.1268,48.80114],[7.07783,48.78558],[7.06719,48.79948],[7.08807,48.81074],[7.052,48.81521],[7.05149,48.84655],[7.09177,48.84946],[7.09573,48.86214],[7.05054,48.85893],[7.04835,48.87366],[6.95467,48.89389],[6.96198,48.91113],[6.95555,48.92232],[6.94037,48.92393],[6.9462,48.93513],[6.97111,48.92804],[6.98922,48.95993],[7.03222,48.95605],[7.02702,48.96901],[7.0413,48.97731],[7.03057,48.98711],[7.05451,49.00992],[7.04743,49.01462],[7.05229,49.02829],[7.07866,49.05036],[7.06766,49.06497],[7.07593,49.07399],[7.08365,49.06867],[7.09934,49.07788],[7.11929,49.06835],[7.10191,49.05913],[7.11948,49.03722],[7.11337,49.03253],[7.12166,49.02983],[7.12559,49.00632],[7.17424,49.00637],[7.20931,48.98009],[7.23919,48.9878],[7.29305,48.97342],[7.2902,48.95652],[7.32685,48.94337],[7.35888,48.9576],[7.38589,48.95151],[7.45163,48.96796],[7.50187,48.94425],[7.52592,48.94451],[7.53628,48.93241],[7.55613,48.93583],[7.55168,48.94217],[7.57839,48.9574],[7.58756,48.98969],[7.61157,49.01244],[7.60643,49.02003],[7.63785,49.04611],[7.63529,49.05416]]]}},{"type":"Feature","properties":{"code":"68","nom":"Haut-Rhin"},"geometry":{"type":"Polygon","coordinates":[[[7.19828,48.31047],[7.27508,48.30561],[7.30095,48.28258],[7.29251,48.27078],[7.33292,48.27269],[7.31059,48.25371],[7.32649,48.24405],[7.35358,48.24852],[7.47694,48.20354],[7.47014,48.16017],[7.52033,48.1495],[7.51937,48.12611],[7.57731,48.12037],[7.56869,48.03411],[7.60878,48.00027],[7.62196,47.9757],[7.58329,47.93112],[7.58187,47.89649],[7.5567,47.87994],[7.56311,47.84379],[7.52963,47.77891],[7.54767,47.72992],[7.51185,47.69704],[7.52114,47.66373],[7.59103,47.60474],[7.58489,47.57563],[7.56709,47.57761],[7.5572,47.56503],[7.5,47.53979],[7.5014,47.52872],[7.51926,47.53455],[7.5312,47.52663],[7.52294,47.51424],[7.4978,47.52123],[7.51098,47.49666],[7.48686,47.48173],[7.43185,47.49607],[7.42111,47.48045],[7.45566,47.4705],[7.40341,47.43552],[7.33071,47.44157],[7.24618,47.42022],[7.23281,47.43881],[7.19972,47.43503],[7.17077,47.44305],[7.17725,47.4676],[7.20105,47.49391],[7.16175,47.49005],[7.13035,47.50303],[7.14346,47.52461],[7.13363,47.53896],[7.10687,47.55054],[7.10553,47.56889],[7.08107,47.59612],[7.03978,47.60115],[7.01956,47.58854],[7.00594,47.60236],[7.00593,47.62892],[7.01693,47.62719],[7.0176,47.64986],[7.03919,47.65057],[7.03418,47.66109],[7.04631,47.6715],[7.03791,47.6745],[7.04803,47.6841],[7.02649,47.701],[7.03742,47.72164],[7.01596,47.74323],[6.97227,47.75147],[6.94043,47.77157],[6.86699,47.78331],[6.84102,47.819],[6.89609,47.83297],[6.92005,47.85029],[6.90653,47.86514],[6.9097,47.88164],[6.8969,47.89083],[6.92877,47.90989],[6.91317,47.91938],[6.92574,47.92983],[6.91943,47.94434],[6.94374,47.98092],[6.94382,47.99952],[7.0013,48.02179],[7.0298,48.0719],[7.07671,48.10849],[7.08416,48.12921],[7.06985,48.12948],[7.06051,48.14458],[7.08582,48.18405],[7.11772,48.20821],[7.13305,48.24754],[7.1767,48.28901],[7.17244,48.29748],[7.19828,48.31047]]]}},{"type":"Feature","properties":{"code":"69","nom":"Rhône"},"geometry":{"type":"Polygon","coordinates":[[[4.38808,46.21979],[4.38545,46.24684],[4.39754,46.28334],[4.40581,46.29606],[4.42704,46.30282],[4.47591,46.28405],[4.48846,46.28799],[4.504,46.26713],[4.54645,46.27392],[4.56025,46.29524],[4.58377,46.26949],[4.61856,46.26479],[4.61643,46.28216],[4.63624,46.29014],[4.63682,46.30066],[4.65273,46.30402],[4.66404,46.29501],[4.6792,46.30626],[4.69341,46.30142],[4.71039,46.27857],[4.70769,46.26965],[4.69341,46.27172],[4.67905,46.25987],[4.73577,46.23424],[4.71953,46.22788],[4.73568,46.2117],[4.72068,46.20072],[4.72726,46.17912],[4.78021,46.17668],[4.80295,46.15508],[4.74681,46.08779],[4.76168,46.06884],[4.73953,46.04721],[4.75451,45.97227],[4.7287,45.94433],[4.75421,45.93483],[4.77707,45.93843],[4.7898,45.92281],[4.80856,45.92015],[4.80518,45.89633],[4.84804,45.91298],[4.87208,45.90346],[4.88383,45.87999],[4.90902,45.8741],[4.90057,45.8576],[4.91713,45.8453],[4.9238,45.804],[5.10107,45.81338],[5.08931,45.78428],[5.05933,45.79198],[5.06575,45.76833],[5.09544,45.76918],[5.09453,45.73945],[5.13897,45.73102],[5.15924,45.71524],[5.154,45.69972],[5.13106,45.70771],[5.10489,45.70038],[5.10813,45.68802],[5.06083,45.66642],[5.05806,45.65324],[5.03834,45.64495],[5.03508,45.62847],[5.04364,45.62133],[5.03673,45.6129],[5.00475,45.62311],[4.98945,45.61853],[5.00199,45.61395],[4.99796,45.60341],[4.97093,45.6132],[4.90101,45.60619],[4.85978,45.59083],[4.85759,45.57652],[4.82959,45.58804],[4.77713,45.5874],[4.81108,45.57113],[4.8351,45.54538],[4.87281,45.5313],[4.84192,45.50099],[4.78062,45.4709],[4.77592,45.45421],[4.75694,45.45571],[4.73854,45.47277],[4.73955,45.48704],[4.72183,45.4944],[4.69838,45.47725],[4.67642,45.48196],[4.67097,45.47342],[4.67076,45.48346],[4.65526,45.48607],[4.6508,45.53086],[4.68302,45.55089],[4.68034,45.56777],[4.64972,45.56486],[4.64624,45.55507],[4.6594,45.5434],[4.6447,45.54052],[4.61486,45.57547],[4.58845,45.57056],[4.56726,45.58357],[4.51996,45.57294],[4.50477,45.57655],[4.50476,45.58625],[4.46908,45.58501],[4.47331,45.59676],[4.44943,45.6058],[4.44149,45.62305],[4.41017,45.6325],[4.39255,45.66248],[4.36592,45.67124],[4.3643,45.68446],[4.37345,45.69078],[4.36552,45.69852],[4.40292,45.74392],[4.39125,45.75493],[4.35999,45.751],[4.34807,45.76953],[4.35842,45.78329],[4.37966,45.78399],[4.37369,45.80506],[4.38893,45.80636],[4.37732,45.8248],[4.39621,45.86005],[4.34215,45.87718],[4.32322,45.90393],[4.34479,45.91539],[4.33476,45.91646],[4.34602,45.92994],[4.30072,45.94707],[4.2981,45.96566],[4.25113,45.98456],[4.24399,45.99586],[4.26285,46.00191],[4.27126,45.98803],[4.289,45.99844],[4.3001,45.98888],[4.31251,46.00559],[4.30585,46.02159],[4.27644,46.023],[4.25026,46.05004],[4.28574,46.05353],[4.30012,46.0652],[4.30143,46.07845],[4.31107,46.08032],[4.30702,46.1063],[4.32305,46.13077],[4.37703,46.14984],[4.41736,46.13591],[4.43437,46.15927],[4.43271,46.17334],[4.39587,46.18945],[4.42181,46.2086],[4.40716,46.22062],[4.38808,46.21979]]]}},{"type":"Feature","properties":{"code":"70","nom":"Haute-Saône"},"geometry":{"type":"Polygon","coordinates":[[[5.88473,47.92605],[5.89718,47.93098],[5.90011,47.94475],[5.91804,47.94736],[5.91738,47.96623],[5.93249,47.97729],[5.94749,47.97922],[5.96013,47.96803],[5.92839,47.93781],[5.94939,47.93545],[5.97078,47.95721],[6.00527,47.95784],[6.02609,47.98145],[6.019,47.98748],[6.04118,48.00442],[6.07277,48.0158],[6.10923,48.01247],[6.1314,48.02408],[6.15606,48.00694],[6.15265,47.99414],[6.16455,47.97311],[6.14981,47.96592],[6.16798,47.95235],[6.20806,47.94676],[6.20522,47.93205],[6.23799,47.93284],[6.28908,47.95584],[6.32327,47.94883],[6.38893,47.96079],[6.40842,47.94319],[6.43473,47.94285],[6.46274,47.91733],[6.45596,47.90677],[6.47826,47.88544],[6.54401,47.90309],[6.56342,47.93139],[6.60737,47.94379],[6.64191,47.91776],[6.64642,47.90323],[6.73784,47.86167],[6.78261,47.85128],[6.79268,47.82946],[6.82354,47.81305],[6.7644,47.75852],[6.75625,47.72554],[6.77941,47.69534],[6.77979,47.65681],[6.80103,47.63604],[6.7776,47.61564],[6.80198,47.58385],[6.82172,47.57331],[6.77299,47.53501],[6.73971,47.557],[6.68856,47.56063],[6.68887,47.57081],[6.65828,47.57195],[6.66006,47.5799],[6.65199,47.57241],[6.67018,47.5579],[6.64937,47.53693],[6.62459,47.52892],[6.58137,47.54398],[6.56766,47.53133],[6.5814,47.52929],[6.58364,47.50999],[6.55597,47.49041],[6.53454,47.50605],[6.51579,47.49659],[6.49881,47.51067],[6.47106,47.48717],[6.46349,47.51212],[6.41129,47.52229],[6.39344,47.51661],[6.39004,47.50593],[6.36808,47.51349],[6.33572,47.5065],[6.31946,47.48554],[6.30251,47.49153],[6.30202,47.4698],[6.28643,47.46051],[6.28717,47.44616],[6.26449,47.44725],[6.25583,47.4244],[6.2334,47.42975],[6.24157,47.41074],[6.20353,47.43044],[6.19284,47.41309],[6.1758,47.41681],[6.17111,47.40873],[6.19045,47.40216],[6.16164,47.39239],[6.16811,47.3883],[6.13558,47.38676],[6.12063,47.39562],[6.10438,47.3844],[6.1197,47.36846],[6.11296,47.36134],[6.08629,47.37311],[6.07494,47.35123],[6.05209,47.35219],[6.01832,47.33139],[5.99821,47.34049],[5.9931,47.32872],[5.97957,47.32599],[5.9608,47.34063],[5.9267,47.34476],[5.93152,47.32877],[5.90292,47.33392],[5.89772,47.31045],[5.88389,47.32159],[5.86053,47.3155],[5.84402,47.30003],[5.78128,47.2894],[5.7444,47.26456],[5.69873,47.265],[5.67665,47.27572],[5.64231,47.25619],[5.60242,47.26151],[5.57491,47.25364],[5.5721,47.26844],[5.55598,47.26871],[5.55893,47.27817],[5.53114,47.2848],[5.52231,47.30584],[5.4701,47.31654],[5.47691,47.3312],[5.48716,47.32652],[5.49531,47.3389],[5.488,47.36201],[5.49714,47.38984],[5.47738,47.39529],[5.45181,47.3832],[5.43383,47.39313],[5.44454,47.4041],[5.43043,47.42136],[5.43882,47.45043],[5.41823,47.44891],[5.40676,47.46182],[5.37984,47.45069],[5.38616,47.45903],[5.3673,47.46447],[5.40764,47.47724],[5.38762,47.48212],[5.39922,47.49901],[5.43888,47.49243],[5.47194,47.52727],[5.4864,47.52697],[5.49706,47.55418],[5.48049,47.56395],[5.48824,47.57701],[5.47755,47.60872],[5.42559,47.63207],[5.39046,47.59417],[5.37408,47.60454],[5.3726,47.61839],[5.40575,47.64687],[5.39905,47.65325],[5.40634,47.6734],[5.42018,47.67767],[5.4475,47.67083],[5.48277,47.68463],[5.52978,47.67283],[5.56739,47.70712],[5.58509,47.70015],[5.59668,47.67169],[5.69106,47.68463],[5.69353,47.70481],[5.68342,47.71671],[5.69522,47.726],[5.69039,47.73515],[5.70958,47.7453],[5.70921,47.76372],[5.67997,47.76997],[5.68153,47.80911],[5.6992,47.82356],[5.74076,47.8192],[5.75108,47.82903],[5.7442,47.84885],[5.76119,47.85933],[5.79888,47.8557],[5.79608,47.84675],[5.82798,47.85187],[5.81785,47.85325],[5.82806,47.85803],[5.82182,47.87087],[5.85132,47.90599],[5.8873,47.90364],[5.88473,47.92605]]]}},{"type":"Feature","properties":{"code":"71","nom":"Saône-et-Loire"},"geometry":{"type":"Polygon","coordinates":[[[4.10993,47.11821],[4.12682,47.13063],[4.14743,47.11398],[4.1608,47.12187],[4.17753,47.11342],[4.16869,47.12328],[4.18797,47.13372],[4.18506,47.15257],[4.21508,47.15438],[4.2132,47.14438],[4.2324,47.14249],[4.2419,47.14823],[4.24267,47.13291],[4.26491,47.11144],[4.34678,47.1014],[4.34425,47.07243],[4.35341,47.06403],[4.36529,47.06621],[4.37053,47.07957],[4.39953,47.08324],[4.41626,47.07659],[4.40093,47.05293],[4.42765,47.03737],[4.45528,47.04209],[4.4716,47.03049],[4.48975,47.03344],[4.51224,47.01178],[4.55481,47.02005],[4.54787,46.99206],[4.56704,46.99273],[4.57366,46.97339],[4.59224,46.96812],[4.58956,46.95571],[4.61643,46.94149],[4.67909,46.93024],[4.66452,46.91416],[4.6871,46.90011],[4.71746,46.90795],[4.72174,46.92185],[4.77459,46.91687],[4.79194,46.92604],[4.78847,46.93187],[4.89364,46.95086],[4.89469,46.96632],[5.00231,46.95806],[4.99523,46.96142],[5.00341,46.97214],[5.01689,46.96849],[5.03048,46.98114],[5.0493,46.98159],[5.07397,46.95967],[5.10259,46.95753],[5.09753,46.94487],[5.12017,46.96319],[5.19578,46.97047],[5.2051,46.98527],[5.25477,46.98168],[5.26457,46.9587],[5.25207,46.94397],[5.26406,46.93742],[5.26201,46.92739],[5.2834,46.94003],[5.3079,46.93837],[5.3125,46.91002],[5.32882,46.88759],[5.35163,46.89329],[5.36208,46.88275],[5.39946,46.89264],[5.40183,46.86832],[5.4445,46.85155],[5.45004,46.85631],[5.43609,46.8615],[5.46106,46.85412],[5.46281,46.82737],[5.40841,46.83308],[5.35157,46.81357],[5.34549,46.81629],[5.34742,46.81904],[5.33915,46.8261],[5.34201,46.81962],[5.32739,46.8151],[5.3328,46.79561],[5.36926,46.78649],[5.37172,46.77657],[5.39025,46.77058],[5.36676,46.7524],[5.3611,46.73098],[5.39364,46.72863],[5.39433,46.7084],[5.40835,46.69844],[5.39536,46.68505],[5.42209,46.67303],[5.4271,46.66016],[5.4131,46.65428],[5.44111,46.63754],[5.41711,46.61546],[5.39596,46.61112],[5.41423,46.60036],[5.40569,46.58167],[5.36768,46.57987],[5.36788,46.56694],[5.35616,46.5618],[5.3583,46.51969],[5.41955,46.5023],[5.4178,46.47597],[5.3981,46.4666],[5.38402,46.47117],[5.37331,46.4601],[5.32335,46.46251],[5.31056,46.44677],[5.28373,46.44558],[5.21506,46.46836],[5.20186,46.50826],[5.16728,46.51907],[5.16625,46.50312],[5.13507,46.50898],[5.11455,46.49265],[5.09725,46.49996],[5.05643,46.48393],[5.01297,46.50129],[5.01059,46.51107],[4.98355,46.51539],[4.95006,46.50081],[4.9442,46.51063],[4.95454,46.51269],[4.94125,46.51965],[4.91556,46.48894],[4.91354,46.46074],[4.89354,46.44404],[4.88821,46.40298],[4.85146,46.35627],[4.85342,46.3299],[4.81099,46.25992],[4.78021,46.17668],[4.75849,46.17206],[4.72726,46.17912],[4.72006,46.19398],[4.73568,46.2117],[4.71953,46.22788],[4.73577,46.23424],[4.67905,46.25987],[4.69341,46.27172],[4.70769,46.26965],[4.71039,46.27857],[4.6792,46.30626],[4.66404,46.29501],[4.65273,46.30402],[4.63682,46.30066],[4.63624,46.29014],[4.61643,46.28216],[4.61856,46.26479],[4.58377,46.26949],[4.56025,46.29524],[4.54645,46.27392],[4.504,46.26713],[4.48846,46.28799],[4.47591,46.28405],[4.45863,46.29693],[4.43876,46.29338],[4.42704,46.30282],[4.40581,46.29606],[4.38545,46.24684],[4.38938,46.21329],[4.36283,46.20004],[4.37394,46.18684],[4.32709,46.18479],[4.31531,46.17064],[4.29231,46.17248],[4.28123,46.15594],[4.24991,46.15818],[4.24866,46.16711],[4.26352,46.17536],[4.25491,46.18801],[4.22469,46.178],[4.20791,46.19484],[4.18524,46.1894],[4.18701,46.17457],[4.13339,46.17732],[4.10383,46.19844],[4.05886,46.18806],[4.0305,46.16977],[3.99012,46.16911],[3.97097,46.18915],[3.97255,46.20271],[3.8983,46.21024],[3.89013,46.21449],[3.89661,46.23712],[3.90969,46.24778],[3.90473,46.27354],[3.89124,46.28525],[3.89722,46.29246],[3.94543,46.30046],[3.94578,46.32124],[3.98981,46.31508],[3.98941,46.32296],[4.00457,46.32748],[3.98474,46.32973],[3.99161,46.36963],[3.97722,46.39922],[3.9961,46.42738],[3.98945,46.43782],[4.00554,46.44246],[3.99745,46.45026],[4.00081,46.46245],[3.97683,46.47895],[3.95233,46.47849],[3.95572,46.49168],[3.91016,46.49538],[3.89521,46.48069],[3.86491,46.48974],[3.8638,46.51274],[3.84187,46.51421],[3.84647,46.52436],[3.83916,46.53129],[3.80513,46.51932],[3.77253,46.5385],[3.74185,46.53951],[3.73154,46.54958],[3.7431,46.5655],[3.73732,46.60157],[3.71286,46.61023],[3.72399,46.62633],[3.70919,46.63533],[3.69695,46.66058],[3.66898,46.67351],[3.67315,46.68184],[3.65783,46.68516],[3.65066,46.70517],[3.63764,46.70748],[3.63759,46.72453],[3.6226,46.74013],[3.63172,46.74997],[3.63952,46.73944],[3.66042,46.73754],[3.73894,46.75231],[3.78367,46.73605],[3.77688,46.72975],[3.79733,46.7015],[3.82906,46.70447],[3.84454,46.72257],[3.87636,46.73227],[3.88726,46.72717],[3.91272,46.7342],[3.91276,46.74195],[3.93336,46.7417],[3.92799,46.75055],[3.95337,46.75415],[3.99399,46.77886],[4.01899,46.77602],[4.03337,46.7876],[4.05528,46.77624],[4.06271,46.78936],[4.05828,46.82124],[4.04237,46.83412],[4.10089,46.85911],[4.09937,46.86691],[4.07014,46.89614],[4.04537,46.89986],[4.0393,46.90935],[4.03654,46.92779],[4.04836,46.93213],[4.03955,46.94813],[4.05572,46.95675],[4.0394,46.98511],[4.00957,46.97098],[3.99366,46.97899],[4.06167,47.02338],[4.05591,47.03661],[4.07343,47.05528],[4.03847,47.08046],[4.05376,47.09504],[4.04818,47.10997],[4.06001,47.12122],[4.08989,47.11618],[4.09495,47.12757],[4.10993,47.11821]],[[5.45186,46.85266],[5.45803,46.85397],[5.45231,46.85364],[5.45186,46.85266]],[[5.44078,46.84616],[5.44616,46.84944],[5.44031,46.85059],[5.44078,46.84616]]]}},{"type":"Feature","properties":{"code":"72","nom":"Sarthe"},"geometry":{"type":"Polygon","coordinates":[[[-0.05453,48.382],[-0.05069,48.37521],[-0.00135,48.39738],[0.01531,48.38167],[0.06078,48.37962],[0.05414,48.39195],[0.07055,48.40909],[0.10014,48.41013],[0.11718,48.43603],[0.15779,48.44081],[0.14557,48.45731],[0.17114,48.44943],[0.17316,48.46522],[0.2491,48.47397],[0.26475,48.4847],[0.35426,48.459],[0.38244,48.4249],[0.37173,48.41045],[0.38814,48.3497],[0.38048,48.3418],[0.40417,48.31531],[0.42046,48.32111],[0.43133,48.30664],[0.4805,48.29859],[0.48995,48.30936],[0.5074,48.29494],[0.49459,48.28196],[0.5329,48.26428],[0.53605,48.24967],[0.62361,48.24531],[0.63191,48.23462],[0.63848,48.23561],[0.63355,48.25757],[0.66496,48.26082],[0.68295,48.25488],[0.70449,48.21892],[0.74536,48.1849],[0.7607,48.18021],[0.79766,48.19445],[0.79562,48.18804],[0.83951,48.16567],[0.88625,48.16195],[0.91162,48.14886],[0.91367,48.13504],[0.85037,48.13308],[0.85537,48.12262],[0.84122,48.10306],[0.81435,48.0988],[0.82864,48.08986],[0.84817,48.0946],[0.84302,48.07264],[0.79398,48.06971],[0.79755,48.03724],[0.84188,48.03018],[0.83237,47.99659],[0.81866,47.98925],[0.8487,47.94258],[0.81406,47.93232],[0.81211,47.88853],[0.79002,47.91221],[0.76018,47.89886],[0.75916,47.85922],[0.77387,47.85033],[0.77471,47.83937],[0.74587,47.82756],[0.71213,47.78715],[0.69122,47.78339],[0.70254,47.76682],[0.67697,47.76953],[0.62756,47.75194],[0.60902,47.7253],[0.58114,47.71356],[0.59557,47.68832],[0.61885,47.69348],[0.61481,47.68275],[0.58649,47.66892],[0.55879,47.6708],[0.55171,47.65917],[0.51612,47.65664],[0.49842,47.64476],[0.46401,47.64561],[0.44993,47.61933],[0.42391,47.61783],[0.38279,47.64309],[0.36426,47.62051],[0.38346,47.61019],[0.40238,47.57842],[0.37848,47.56853],[0.33972,47.57938],[0.3221,47.59523],[0.27562,47.59838],[0.25925,47.61225],[0.21129,47.61228],[0.20625,47.60342],[0.19218,47.61742],[0.18311,47.59683],[0.14571,47.58128],[0.11569,47.60573],[0.05322,47.60573],[0.00978,47.62395],[-0.00167,47.64648],[-0.02002,47.63712],[-0.02458,47.64669],[-0.05468,47.64842],[-0.07211,47.65991],[-0.08972,47.65039],[-0.10184,47.66188],[-0.11771,47.63343],[-0.19316,47.64792],[-0.22019,47.68962],[-0.17341,47.71341],[-0.19644,47.72511],[-0.23465,47.70326],[-0.28585,47.71952],[-0.36583,47.71612],[-0.35694,47.73046],[-0.3807,47.75029],[-0.37471,47.75965],[-0.3817,47.76056],[-0.37543,47.76724],[-0.38543,47.80197],[-0.42872,47.80617],[-0.44786,47.83222],[-0.42829,47.85037],[-0.41099,47.84663],[-0.41236,47.85753],[-0.37143,47.85867],[-0.38039,47.86773],[-0.36922,47.87028],[-0.3733,47.88463],[-0.41021,47.8947],[-0.40365,47.90232],[-0.41285,47.91583],[-0.39681,47.91644],[-0.39704,47.92593],[-0.37745,47.93281],[-0.31987,47.93544],[-0.27657,47.95747],[-0.30168,47.96546],[-0.29871,47.97965],[-0.31337,47.99407],[-0.30853,48.00565],[-0.34147,48.01179],[-0.33365,48.02798],[-0.34166,48.0431],[-0.27987,48.05534],[-0.28427,48.06],[-0.27145,48.06524],[-0.23094,48.05899],[-0.22232,48.07779],[-0.23741,48.08286],[-0.2368,48.0979],[-0.21642,48.11373],[-0.24679,48.12764],[-0.23906,48.13586],[-0.25381,48.13653],[-0.23774,48.15298],[-0.25256,48.15752],[-0.14684,48.20501],[-0.15314,48.21473],[-0.14484,48.22399],[-0.16096,48.23881],[-0.16734,48.26351],[-0.1557,48.26529],[-0.13794,48.29317],[-0.15795,48.32152],[-0.1571,48.34088],[-0.12222,48.33831],[-0.13191,48.34315],[-0.13672,48.36432],[-0.11216,48.37425],[-0.07782,48.36901],[-0.05453,48.382]]]}},{"type":"Feature","properties":{"code":"73","nom":"Savoie"},"geometry":{"type":"Polygon","coordinates":[[[6.80252,45.77837],[6.80562,45.74846],[6.81725,45.7403],[6.80842,45.72515],[6.84634,45.6902],[6.89334,45.6755],[6.90253,45.68094],[6.90214,45.66374],[6.93083,45.64567],[6.96058,45.65485],[7.00069,45.6399],[6.98514,45.6209],[6.97801,45.58718],[6.997,45.5689],[6.98975,45.55676],[6.99119,45.53044],[7.00531,45.5171],[7.00033,45.50442],[7.05457,45.49497],[7.04799,45.47344],[7.10303,45.46845],[7.09918,45.45879],[7.11435,45.43349],[7.18427,45.40748],[7.15846,45.37039],[7.16451,45.36066],[7.13393,45.34723],[7.13175,45.32924],[7.11117,45.32694],[7.13643,45.2808],[7.12815,45.27176],[7.13759,45.25569],[7.12521,45.24394],[7.1106,45.24635],[7.07185,45.20995],[7.04721,45.22581],[6.96575,45.20795],[6.96738,45.19639],[6.95232,45.18969],[6.94713,45.17076],[6.89161,45.16704],[6.88411,45.15674],[6.89756,45.14301],[6.89235,45.13682],[6.84789,45.1272],[6.84725,45.13556],[6.76795,45.15974],[6.74002,45.13674],[6.71211,45.14465],[6.68007,45.14012],[6.67246,45.12441],[6.62999,45.10933],[6.61555,45.12148],[6.57653,45.1231],[6.5613,45.10531],[6.53916,45.09909],[6.51042,45.109],[6.48049,45.09417],[6.48623,45.05607],[6.4518,45.05172],[6.43427,45.06359],[6.39635,45.06105],[6.36488,45.07017],[6.37467,45.08317],[6.36278,45.10506],[6.33448,45.12284],[6.31733,45.11199],[6.28628,45.11016],[6.26057,45.12685],[6.26537,45.13961],[6.24997,45.15084],[6.22405,45.14114],[6.2119,45.15483],[6.18099,45.16485],[6.16132,45.15101],[6.14379,45.15455],[6.16192,45.18841],[6.15948,45.20245],[6.13782,45.21334],[6.14178,45.22225],[6.12709,45.23243],[6.1257,45.24427],[6.14102,45.26132],[6.13071,45.28486],[6.15394,45.31135],[6.18679,45.31986],[6.19476,45.35224],[6.17107,45.35712],[6.19184,45.36933],[6.12877,45.43626],[6.09538,45.43167],[6.09297,45.44418],[6.04911,45.4379],[6.00852,45.45385],[6.01091,45.4732],[5.96617,45.49231],[5.91537,45.47645],[5.92552,45.46607],[5.92124,45.44366],[5.90447,45.43258],[5.90203,45.41361],[5.90839,45.408],[5.92826,45.41673],[5.90962,45.3904],[5.89161,45.39066],[5.88993,45.40134],[5.85427,45.41657],[5.80806,45.42584],[5.7981,45.43818],[5.74019,45.4368],[5.73197,45.45282],[5.73646,45.47168],[5.71915,45.48377],[5.71349,45.50637],[5.70117,45.50818],[5.69198,45.52764],[5.67603,45.53072],[5.67447,45.55905],[5.62303,45.60428],[5.65153,45.63591],[5.6872,45.64312],[5.68488,45.66616],[5.70976,45.68648],[5.7006,45.70995],[5.74876,45.7053],[5.77624,45.72638],[5.76984,45.74131],[5.7835,45.74431],[5.78407,45.81651],[5.82854,45.9093],[5.82187,45.92931],[5.83123,45.93846],[5.8621,45.9324],[5.87931,45.86047],[5.8731,45.83409],[5.90479,45.82607],[5.91322,45.80414],[5.93369,45.81403],[5.96279,45.81274],[5.95807,45.79492],[5.98055,45.79617],[5.97283,45.76995],[5.9967,45.76115],[5.99381,45.74769],[6.00948,45.75114],[6.04295,45.7391],[6.05515,45.75108],[6.09613,45.74282],[6.10086,45.73208],[6.10374,45.7618],[6.1257,45.74989],[6.13761,45.76133],[6.16623,45.75572],[6.18224,45.73346],[6.19555,45.73233],[6.19065,45.69647],[6.21235,45.70058],[6.21429,45.70899],[6.23165,45.70275],[6.2276,45.68177],[6.32863,45.69281],[6.35329,45.73292],[6.34768,45.73717],[6.37163,45.75406],[6.37467,45.7657],[6.36252,45.76857],[6.42491,45.80352],[6.44992,45.8373],[6.45076,45.86132],[6.47057,45.88469],[6.49467,45.88953],[6.51119,45.90901],[6.55868,45.89309],[6.57291,45.87755],[6.56819,45.86242],[6.53533,45.86198],[6.55925,45.82013],[6.57721,45.81657],[6.59918,45.79236],[6.65883,45.80004],[6.69054,45.77097],[6.68615,45.75533],[6.69901,45.74478],[6.689,45.72805],[6.71195,45.72292],[6.75551,45.76635],[6.80252,45.77837]]]}},{"type":"Feature","properties":{"code":"74","nom":"Haute-Savoie"},"geometry":{"type":"Polygon","coordinates":[[[6.80252,45.77837],[6.75551,45.76635],[6.71195,45.72292],[6.689,45.72805],[6.69901,45.74478],[6.68615,45.75533],[6.69054,45.77097],[6.65883,45.80004],[6.59918,45.79236],[6.57721,45.81657],[6.55925,45.82013],[6.53533,45.86198],[6.56819,45.86242],[6.57291,45.87755],[6.55868,45.89309],[6.51119,45.90901],[6.49467,45.88953],[6.47057,45.88469],[6.45076,45.86132],[6.44992,45.8373],[6.42491,45.80352],[6.36252,45.76857],[6.37467,45.7657],[6.37163,45.75406],[6.34768,45.73717],[6.35329,45.73292],[6.32863,45.69281],[6.2276,45.68177],[6.23217,45.70192],[6.21429,45.70899],[6.19618,45.69277],[6.18971,45.70416],[6.19555,45.73233],[6.18224,45.73346],[6.16623,45.75572],[6.1429,45.76151],[6.1257,45.74989],[6.10374,45.7618],[6.10086,45.73208],[6.09613,45.74282],[6.05515,45.75108],[6.04295,45.7391],[6.00948,45.75114],[5.99381,45.74769],[5.9967,45.76115],[5.97283,45.76995],[5.98055,45.79617],[5.95807,45.79492],[5.96279,45.81274],[5.93369,45.81403],[5.91322,45.80414],[5.90479,45.82607],[5.8731,45.83409],[5.87931,45.86047],[5.8621,45.9324],[5.8252,45.9389],[5.83502,45.95111],[5.83403,45.97203],[5.80964,45.9898],[5.81142,46.07842],[5.82269,46.09225],[5.81956,46.10311],[5.82947,46.10617],[5.85932,46.08534],[5.88972,46.08691],[5.88929,46.11408],[5.92027,46.13121],[5.95729,46.12794],[5.99278,46.14442],[6.03671,46.13646],[6.05204,46.1514],[6.13618,46.14153],[6.18889,46.16633],[6.18736,46.18034],[6.22187,46.2006],[6.29447,46.22492],[6.31025,46.24383],[6.30953,46.25625],[6.29541,46.25583],[6.29488,46.26459],[6.26662,46.24747],[6.23758,46.27775],[6.2529,46.29051],[6.24351,46.30353],[6.25767,46.32551],[6.30521,46.36676],[6.34468,46.37001],[6.35953,46.34945],[6.38911,46.34012],[6.41313,46.35964],[6.4749,46.37482],[6.48447,46.39349],[6.51307,46.40479],[6.54388,46.39482],[6.72387,46.40796],[6.80531,46.39414],[6.80617,46.37983],[6.77142,46.36092],[6.77199,46.35031],[6.78432,46.33316],[6.79647,46.33295],[6.79993,46.32047],[6.85891,46.2906],[6.86449,46.27961],[6.85558,46.25514],[6.82098,46.23187],[6.80366,46.20435],[6.8127,46.18164],[6.79198,46.16223],[6.79654,46.13862],[6.81473,46.1297],[6.89993,46.1239],[6.88281,46.09512],[6.89147,46.07386],[6.88041,46.06935],[6.87558,46.04774],[6.89131,46.04237],[6.92451,46.06519],[6.93791,46.06328],[6.9358,46.05512],[6.95022,46.05166],[6.98147,46.01981],[6.9851,46.00465],[7.01048,45.99738],[7.02321,45.97847],[7.00901,45.96897],[7.03761,45.9543],[7.04507,45.92245],[7.01831,45.91437],[6.99145,45.86798],[6.95134,45.86122],[6.94137,45.84693],[6.91327,45.84082],[6.87914,45.84915],[6.86738,45.82409],[6.84436,45.84046],[6.81889,45.8362],[6.80484,45.81559],[6.81312,45.79548],[6.80252,45.77837]]]}},{"type":"Feature","properties":{"code":"75","nom":"Paris"},"geometry":{"type":"Polygon","coordinates":[[[2.36293,48.81608],[2.27906,48.83249],[2.26754,48.82779],[2.25248,48.84548],[2.22452,48.85654],[2.24569,48.87643],[2.27995,48.87857],[2.32063,48.9008],[2.38515,48.90201],[2.41239,48.876],[2.41224,48.83454],[2.44075,48.84596],[2.46971,48.83658],[2.45723,48.81698],[2.40247,48.82954],[2.36293,48.81608]]]}},{"type":"Feature","properties":{"code":"76","nom":"Seine-Maritime"},"geometry":{"type":"Polygon","coordinates":[[[1.38155,50.06577],[1.40926,50.05707],[1.4236,50.07085],[1.44906,50.06889],[1.45915,50.0625],[1.45558,50.04434],[1.44917,50.04687],[1.45479,50.03778],[1.51635,50.01208],[1.52747,49.9951],[1.57277,49.97486],[1.60337,49.94308],[1.67817,49.91827],[1.69196,49.89685],[1.71284,49.88586],[1.71729,49.84884],[1.72567,49.84529],[1.73577,49.81031],[1.75794,49.7808],[1.78464,49.76357],[1.76745,49.75666],[1.75029,49.76373],[1.73915,49.74905],[1.74546,49.73856],[1.71277,49.73389],[1.71547,49.7086],[1.68958,49.69479],[1.70451,49.68093],[1.74009,49.70135],[1.75112,49.69439],[1.75218,49.68096],[1.72313,49.67254],[1.72157,49.65855],[1.69868,49.6439],[1.72161,49.62199],[1.69373,49.60107],[1.70941,49.58671],[1.72162,49.58881],[1.72004,49.5816],[1.69067,49.58],[1.69952,49.58041],[1.69769,49.57221],[1.71401,49.57757],[1.72983,49.56129],[1.72348,49.5439],[1.7483,49.53845],[1.73561,49.52481],[1.74134,49.51899],[1.71639,49.50393],[1.73957,49.49965],[1.74523,49.48885],[1.75767,49.51067],[1.77186,49.51285],[1.79053,49.49793],[1.77225,49.48493],[1.77586,49.47133],[1.72484,49.44139],[1.72242,49.41984],[1.69428,49.39486],[1.68062,49.40607],[1.6593,49.39899],[1.6282,49.4151],[1.60445,49.41172],[1.5762,49.44005],[1.54714,49.4409],[1.53719,49.43008],[1.52962,49.4423],[1.50417,49.43804],[1.47719,49.45133],[1.40032,49.4568],[1.38406,49.44853],[1.38743,49.46304],[1.34523,49.44806],[1.34122,49.44264],[1.35075,49.43817],[1.33749,49.43887],[1.33674,49.42769],[1.30963,49.42873],[1.30807,49.39536],[1.28548,49.38818],[1.28992,49.37571],[1.27214,49.34629],[1.20957,49.35239],[1.19946,49.35114],[1.20312,49.33654],[1.16012,49.34182],[1.13467,49.32464],[1.13399,49.30984],[1.08069,49.30878],[1.04815,49.29788],[1.06876,49.27627],[1.05201,49.27313],[1.06269,49.25895],[1.04945,49.26343],[1.00182,49.25092],[0.99201,49.258],[1.00687,49.26487],[0.98512,49.26089],[0.97331,49.27988],[0.95577,49.27137],[0.94922,49.27921],[0.96553,49.28638],[0.95774,49.28934],[0.96343,49.29453],[0.94986,49.29692],[0.94022,49.32286],[0.90175,49.29788],[0.89256,49.30315],[0.89829,49.31668],[0.84509,49.32419],[0.86012,49.34632],[0.93055,49.34343],[0.92134,49.3524],[0.91812,49.38546],[0.87934,49.3735],[0.88574,49.38797],[0.87387,49.39093],[0.87846,49.39625],[0.82105,49.39704],[0.80284,49.42732],[0.80497,49.41158],[0.76487,49.41958],[0.73829,49.40807],[0.6644,49.40167],[0.64948,49.40919],[0.65978,49.41618],[0.65221,49.42182],[0.63976,49.4192],[0.64502,49.42608],[0.62951,49.42229],[0.64254,49.44425],[0.61163,49.42922],[0.58817,49.43121],[0.50252,49.48511],[0.41448,49.45373],[0.33898,49.44093],[0.33932,49.44987],[0.27314,49.45341],[0.27204,49.44245],[0.17273,49.45305],[0.12125,49.46319],[0.0907,49.48211],[0.09033,49.4992],[0.06655,49.51007],[0.07493,49.53633],[0.15201,49.64324],[0.16423,49.68646],[0.20599,49.71419],[0.33666,49.74677],[0.37011,49.76911],[0.58353,49.85262],[0.69189,49.87129],[0.78218,49.87419],[0.9593,49.91951],[1.02324,49.91623],[1.10726,49.93712],[1.20182,49.9713],[1.20561,49.98098],[1.38155,50.06577]]]}},{"type":"Feature","properties":{"code":"77","nom":"Seine-et-Marne"},"geometry":{"type":"Polygon","coordinates":[[[2.57166,48.69201],[2.58186,48.69744],[2.56814,48.70897],[2.59468,48.73181],[2.58541,48.74171],[2.60234,48.75373],[2.59754,48.76057],[2.61557,48.76237],[2.607,48.7744],[2.5868,48.77355],[2.59977,48.79498],[2.57384,48.85338],[2.58793,48.86361],[2.56763,48.86588],[2.57137,48.8797],[2.55941,48.88647],[2.58703,48.89395],[2.58877,48.92094],[2.60319,48.93754],[2.56248,48.97886],[2.58144,48.98593],[2.56466,49.00565],[2.56878,49.01113],[2.5345,49.01858],[2.56607,49.02859],[2.57703,49.0461],[2.59447,49.04714],[2.57096,49.06056],[2.59052,49.07965],[2.63327,49.10838],[2.67739,49.08829],[2.69781,49.0644],[2.72436,49.08046],[2.73501,49.06045],[2.77793,49.07023],[2.78708,49.0755],[2.76834,49.08326],[2.78887,49.08287],[2.78399,49.08864],[2.80925,49.09754],[2.82954,49.08383],[2.84495,49.08488],[2.85465,49.07018],[2.90151,49.08537],[2.94059,49.07713],[2.94583,49.08808],[2.96873,49.09146],[2.97535,49.0742],[2.98689,49.07107],[2.99124,49.08401],[3.00852,49.09151],[3.06501,49.08515],[3.05602,49.10048],[3.07188,49.11755],[3.16523,49.09965],[3.15358,49.08328],[3.17663,49.06958],[3.1909,49.04762],[3.16103,49.02423],[3.1674,49.0124],[3.19754,49.00849],[3.20932,48.99379],[3.22918,48.98842],[3.23122,48.97675],[3.24935,48.97436],[3.26487,48.93915],[3.30475,48.94876],[3.31308,48.92122],[3.3303,48.90871],[3.36831,48.92766],[3.3765,48.90968],[3.36897,48.89368],[3.38369,48.88891],[3.38143,48.87157],[3.40586,48.87588],[3.40421,48.86398],[3.44563,48.86035],[3.45223,48.85629],[3.44536,48.84323],[3.46071,48.83944],[3.48519,48.85191],[3.4872,48.81519],[3.41661,48.81783],[3.40417,48.80927],[3.44212,48.80358],[3.44395,48.79139],[3.42945,48.77943],[3.40892,48.7839],[3.39583,48.75925],[3.4091,48.7523],[3.42852,48.75839],[3.44407,48.73663],[3.46973,48.73787],[3.4643,48.70738],[3.47778,48.69792],[3.44061,48.66365],[3.46043,48.65301],[3.45109,48.63465],[3.49288,48.64762],[3.53324,48.64651],[3.51907,48.63347],[3.55851,48.61696],[3.50321,48.60456],[3.51586,48.58978],[3.49318,48.59025],[3.46552,48.57049],[3.48589,48.54727],[3.48175,48.54145],[3.45695,48.52963],[3.4054,48.52801],[3.4351,48.49602],[3.38336,48.47944],[3.40648,48.45245],[3.39167,48.42325],[3.4221,48.41619],[3.41479,48.39027],[3.37791,48.39911],[3.36722,48.39432],[3.36516,48.37228],[3.35097,48.37863],[3.33547,48.37018],[3.30515,48.37287],[3.28282,48.38157],[3.25438,48.36502],[3.22372,48.3704],[3.20034,48.36368],[3.17181,48.37768],[3.14657,48.36565],[3.13987,48.3726],[3.11721,48.36662],[3.10342,48.34951],[3.09888,48.35782],[3.04952,48.36012],[3.03714,48.34257],[3.04358,48.33044],[3.01478,48.30622],[3.02744,48.30286],[3.01874,48.29476],[3.02977,48.28584],[3.02496,48.27601],[3.04547,48.27073],[3.04757,48.2497],[3.03146,48.24888],[3.00462,48.20677],[2.97305,48.20555],[2.97131,48.19477],[2.93695,48.18303],[2.93631,48.16339],[2.86803,48.15643],[2.82088,48.12966],[2.80122,48.13145],[2.79791,48.15116],[2.81142,48.16376],[2.79526,48.16908],[2.75517,48.16009],[2.73641,48.16631],[2.7552,48.14565],[2.72046,48.13691],[2.70532,48.12303],[2.66475,48.12054],[2.63967,48.13895],[2.57482,48.13127],[2.55827,48.14161],[2.53751,48.14034],[2.52187,48.12512],[2.44431,48.12423],[2.48324,48.16452],[2.50633,48.15644],[2.51653,48.16624],[2.50728,48.17968],[2.52313,48.19489],[2.51412,48.21438],[2.51833,48.22759],[2.50689,48.22599],[2.50619,48.23854],[2.48411,48.23905],[2.46909,48.25527],[2.45016,48.25004],[2.42352,48.26037],[2.42332,48.29476],[2.39318,48.33627],[2.43383,48.33454],[2.42981,48.34803],[2.44399,48.35732],[2.42983,48.36202],[2.48481,48.38345],[2.47383,48.39039],[2.4835,48.39734],[2.54692,48.40165],[2.5002,48.44053],[2.50732,48.45095],[2.49794,48.45727],[2.50718,48.46969],[2.50189,48.48477],[2.51536,48.50615],[2.49736,48.52542],[2.51082,48.54312],[2.49932,48.54538],[2.5316,48.57366],[2.52177,48.57322],[2.51821,48.58433],[2.54378,48.60385],[2.51573,48.62894],[2.54219,48.63332],[2.54741,48.65165],[2.53362,48.65733],[2.54482,48.67118],[2.55732,48.67576],[2.56847,48.66675],[2.58578,48.67895],[2.57166,48.69201]]]}},{"type":"Feature","properties":{"code":"78","nom":"Yvelines"},"geometry":{"type":"Polygon","coordinates":[[[1.60508,49.08517],[1.61416,49.07145],[1.64292,49.08125],[1.67265,49.0786],[1.69662,49.0665],[1.69464,49.05606],[1.72346,49.04498],[1.75118,49.04823],[1.7601,49.06342],[1.7943,49.05819],[1.79655,49.07223],[1.82859,49.07624],[1.86547,49.05747],[1.85133,49.03336],[1.86527,49.02163],[1.86178,49.01425],[1.8819,49.01954],[1.88321,49.03375],[1.90852,49.04802],[1.9378,49.02178],[1.99188,49.02101],[2.02361,48.9979],[2.06443,49.00821],[2.07546,49.00226],[2.08491,49.01468],[2.11024,49.00873],[2.12126,49.01833],[2.12712,49.00968],[2.12071,48.9933],[2.16559,48.98201],[2.17925,48.9658],[2.17314,48.9533],[2.20586,48.94974],[2.19893,48.93525],[2.2037,48.91439],[2.16838,48.89508],[2.1493,48.87005],[2.15714,48.86963],[2.15032,48.85801],[2.15987,48.84754],[2.15095,48.84799],[2.14587,48.83602],[2.15158,48.81702],[2.17482,48.81511],[2.18294,48.79723],[2.20264,48.7984],[2.22332,48.78595],[2.22898,48.77035],[2.19107,48.77512],[2.18812,48.75393],[2.15122,48.75452],[2.13498,48.73714],[2.10255,48.73761],[2.11247,48.72289],[2.09785,48.69403],[2.08875,48.69814],[2.08208,48.68545],[2.04566,48.68757],[2.03388,48.67939],[2.02819,48.65726],[2.01135,48.65991],[2.01628,48.64104],[2.03814,48.64083],[2.03453,48.63183],[2.06086,48.61566],[2.03429,48.6053],[2.03574,48.58886],[2.01587,48.56887],[2.01757,48.5576],[1.97878,48.55365],[1.93789,48.56293],[1.93437,48.54733],[1.96919,48.53222],[1.97342,48.53739],[1.97851,48.52582],[1.96306,48.52843],[1.94579,48.51784],[1.93258,48.4803],[1.91519,48.47404],[1.92074,48.44775],[1.90426,48.43861],[1.84492,48.4461],[1.83659,48.46709],[1.80145,48.46604],[1.78564,48.49008],[1.78905,48.50016],[1.77684,48.50931],[1.78725,48.55374],[1.76796,48.55896],[1.7574,48.57496],[1.70925,48.57802],[1.70199,48.585],[1.71877,48.60574],[1.71466,48.61468],[1.66622,48.61371],[1.63832,48.6451],[1.6432,48.65129],[1.62122,48.64958],[1.60312,48.66242],[1.61177,48.68947],[1.57685,48.70258],[1.59171,48.70772],[1.62654,48.74805],[1.58146,48.76552],[1.58759,48.7736],[1.57663,48.78302],[1.57725,48.8052],[1.5912,48.81487],[1.57898,48.82944],[1.59785,48.83906],[1.57727,48.84436],[1.58404,48.86051],[1.54623,48.87243],[1.56374,48.89063],[1.53917,48.90489],[1.54525,48.91299],[1.5384,48.92251],[1.50734,48.9276],[1.51201,48.93447],[1.50152,48.94105],[1.511,48.95357],[1.4919,48.96441],[1.51839,48.97835],[1.5079,48.98376],[1.47089,48.97482],[1.46093,48.98644],[1.48003,49.00753],[1.44645,49.04635],[1.46173,49.06414],[1.48029,49.05201],[1.5033,49.0591],[1.51431,49.07937],[1.50792,49.08539],[1.51593,49.08086],[1.52135,49.06835],[1.55814,49.06916],[1.60508,49.08517]]]}},{"type":"Feature","properties":{"code":"79","nom":"Deux-Sèvres"},"geometry":{"type":"Polygon","coordinates":[[[-0.89196,46.97582],[-0.8584,46.96901],[-0.84428,46.98931],[-0.8115,46.99435],[-0.81251,46.99041],[-0.80845,46.98758],[-0.78758,47.00514],[-0.76934,47.00293],[-0.76195,46.99214],[-0.74286,46.9919],[-0.74337,47.0007],[-0.71588,46.98388],[-0.69847,46.99456],[-0.68019,46.98766],[-0.67058,47.0029],[-0.6455,46.99212],[-0.59549,46.99795],[-0.56226,47.03066],[-0.54253,47.03234],[-0.55573,47.04258],[-0.5573,47.06437],[-0.49445,47.08309],[-0.45956,47.08241],[-0.48554,47.06521],[-0.48038,47.05363],[-0.45799,47.06877],[-0.40685,47.06702],[-0.39592,47.09159],[-0.35347,47.09533],[-0.33569,47.08792],[-0.26288,47.10548],[-0.2627,47.09913],[-0.24074,47.1057],[-0.20627,47.09319],[-0.18524,47.10842],[-0.14126,47.10374],[-0.14556,47.09136],[-0.17902,47.07017],[-0.14732,47.06968],[-0.1289,47.05424],[-0.10212,47.0648],[-0.07703,47.00912],[-0.09405,47.01326],[-0.08628,46.9853],[-0.05841,46.99457],[-0.03371,46.98324],[-0.04549,46.95947],[-0.02222,46.93848],[-0.00903,46.90748],[-0.03559,46.87507],[0.03376,46.85408],[0.01661,46.83496],[-0.01156,46.84798],[-0.04569,46.83211],[-0.04957,46.82064],[-0.02032,46.81265],[-0.00702,46.82213],[0.00799,46.81431],[-0.02628,46.78858],[-0.01741,46.78072],[-0.02314,46.76912],[-0.01266,46.75435],[-0.00132,46.76165],[0.03827,46.73158],[-0.00203,46.71586],[0.00277,46.70026],[-0.02119,46.69329],[-0.00695,46.68291],[-0.04043,46.66372],[-0.03187,46.65175],[-0.06767,46.62953],[-0.04671,46.6238],[0.00079,46.64306],[-0.01314,46.61487],[0.02285,46.61453],[0.0229,46.59527],[0.04272,46.59117],[-0.00728,46.5685],[-0.01051,46.55277],[0.0079,46.54797],[0.00634,46.54151],[-0.00716,46.52328],[-0.03135,46.52498],[-0.04091,46.49328],[-0.02989,46.48563],[-0.04698,46.48302],[-0.03824,46.48141],[-0.0423,46.47003],[-0.01597,46.47548],[-0.00977,46.46783],[-0.01924,46.45327],[-0.00972,46.45005],[-0.01104,46.4232],[-0.02327,46.4008],[-0.00847,46.40422],[-0.008,46.38905],[0.01543,46.39161],[0.03422,46.3735],[0.01385,46.35706],[0.03656,46.34573],[0.02082,46.34158],[0.0151,46.32626],[0.03108,46.3295],[0.07822,46.30493],[0.12431,46.34842],[0.15436,46.34459],[0.17695,46.33036],[0.16484,46.31815],[0.16916,46.30729],[0.15219,46.30315],[0.17232,46.2786],[0.15956,46.26657],[0.12884,46.26723],[0.14373,46.2294],[0.11343,46.21221],[0.1077,46.18613],[0.13862,46.18102],[0.15511,46.15717],[0.18037,46.14919],[0.19468,46.16049],[0.22015,46.15814],[0.21579,46.13893],[0.19728,46.129],[0.20289,46.11951],[0.18846,46.11123],[0.19735,46.09555],[0.16992,46.08104],[0.13582,46.10405],[0.1157,46.09619],[0.09732,46.10568],[0.09691,46.08889],[0.06636,46.0912],[0.0508,46.07941],[0.06258,46.07269],[0.03768,46.07006],[0.01927,46.05285],[0.00515,46.05949],[-0.0395,46.05311],[-0.02145,46.02887],[-0.04536,46.01981],[-0.05735,45.99894],[-0.04087,45.99858],[-0.03815,45.99242],[-0.10618,45.96981],[-0.13686,45.97896],[-0.13914,45.99938],[-0.16464,46.01071],[-0.16252,46.02218],[-0.17165,46.0227],[-0.16027,46.03659],[-0.18913,46.02614],[-0.19256,46.05423],[-0.21296,46.0441],[-0.27303,46.05731],[-0.29177,46.08748],[-0.30365,46.07758],[-0.36273,46.07554],[-0.35856,46.08289],[-0.38622,46.09793],[-0.40145,46.08425],[-0.42251,46.09391],[-0.42246,46.11331],[-0.4402,46.10459],[-0.44044,46.09463],[-0.45195,46.10297],[-0.50608,46.10671],[-0.51639,46.11245],[-0.51155,46.13022],[-0.52856,46.12984],[-0.53315,46.13972],[-0.57933,46.14826],[-0.58302,46.13965],[-0.61896,46.13719],[-0.63244,46.15057],[-0.60506,46.15925],[-0.64489,46.16501],[-0.66969,46.18497],[-0.69113,46.1798],[-0.69597,46.18634],[-0.68771,46.19083],[-0.69784,46.19223],[-0.68022,46.19716],[-0.68818,46.21666],[-0.7531,46.24806],[-0.73506,46.26821],[-0.75535,46.30214],[-0.71968,46.30324],[-0.72015,46.31489],[-0.69674,46.32506],[-0.64841,46.3169],[-0.63638,46.32527],[-0.6366,46.33759],[-0.60495,46.34715],[-0.60325,46.36147],[-0.56181,46.35974],[-0.5378,46.38647],[-0.61018,46.41374],[-0.62088,46.39046],[-0.64064,46.39696],[-0.62911,46.40406],[-0.63943,46.41045],[-0.63684,46.43231],[-0.61878,46.43886],[-0.61921,46.45523],[-0.60766,46.45486],[-0.61909,46.4758],[-0.63116,46.47859],[-0.62503,46.49748],[-0.64632,46.51138],[-0.63749,46.51904],[-0.64223,46.52476],[-0.60213,46.53328],[-0.60659,46.56373],[-0.61516,46.56059],[-0.6245,46.57498],[-0.6119,46.58831],[-0.62569,46.60505],[-0.61405,46.62161],[-0.63419,46.63739],[-0.65888,46.63592],[-0.63699,46.66333],[-0.68073,46.68694],[-0.65619,46.70077],[-0.67812,46.72573],[-0.70261,46.73494],[-0.69404,46.74385],[-0.6983,46.75176],[-0.7156,46.75183],[-0.72705,46.76642],[-0.71784,46.80052],[-0.69875,46.81088],[-0.71004,46.82157],[-0.76673,46.83446],[-0.82944,46.88347],[-0.82054,46.911],[-0.8074,46.91983],[-0.82137,46.91827],[-0.82914,46.93336],[-0.84084,46.92881],[-0.84801,46.94099],[-0.85793,46.93432],[-0.84948,46.94599],[-0.87894,46.94503],[-0.88377,46.95106],[-0.86058,46.9491],[-0.86908,46.95724],[-0.86379,46.96225],[-0.87854,46.95599],[-0.87712,46.96854],[-0.90281,46.96813],[-0.89196,46.97582]]]}},{"type":"Feature","properties":{"code":"80","nom":"Somme"},"geometry":{"type":"Polygon","coordinates":[[[1.38155,50.06577],[1.45252,50.10834],[1.48278,50.17237],[1.52713,50.20788],[1.56474,50.21722],[1.55966,50.21079],[1.57424,50.19602],[1.5962,50.1855],[1.62741,50.19],[1.67335,50.17468],[1.6838,50.18303],[1.66267,50.2136],[1.61601,50.21986],[1.59223,50.25646],[1.54931,50.26041],[1.53795,50.28267],[1.55583,50.36132],[1.62638,50.36581],[1.64623,50.34835],[1.64517,50.33922],[1.66255,50.33798],[1.66538,50.32999],[1.68972,50.34365],[1.77878,50.36187],[1.8517,50.34291],[1.87258,50.33395],[1.88138,50.31803],[1.90795,50.31156],[1.93813,50.3301],[1.95443,50.32863],[1.96427,50.32174],[1.96174,50.3123],[1.93145,50.29906],[1.94972,50.28591],[1.96071,50.29026],[2.07557,50.25192],[2.06382,50.23445],[2.08451,50.21652],[2.08767,50.20043],[2.09464,50.20831],[2.11456,50.20286],[2.12874,50.2099],[2.14976,50.19043],[2.17415,50.2089],[2.21307,50.21834],[2.2263,50.21408],[2.22178,50.20895],[2.24629,50.21096],[2.2698,50.22876],[2.29875,50.21197],[2.32039,50.22021],[2.32755,50.21328],[2.3316,50.22209],[2.31471,50.23476],[2.33267,50.23805],[2.36005,50.21463],[2.35886,50.20613],[2.40343,50.23385],[2.45073,50.23089],[2.49569,50.19456],[2.42016,50.17585],[2.41335,50.16236],[2.38898,50.15469],[2.39346,50.14692],[2.38245,50.13936],[2.37546,50.10925],[2.39202,50.11176],[2.41451,50.10064],[2.41862,50.08766],[2.42966,50.08818],[2.4554,50.13109],[2.51495,50.14081],[2.5331,50.11404],[2.55727,50.14299],[2.58663,50.13736],[2.56935,50.12063],[2.57567,50.11333],[2.62814,50.1093],[2.63869,50.09713],[2.68222,50.09517],[2.70463,50.08122],[2.71871,50.08809],[2.69569,50.10224],[2.71391,50.10982],[2.7072,50.12642],[2.71672,50.12779],[2.75043,50.11212],[2.7802,50.11116],[2.78184,50.0911],[2.75888,50.0682],[2.76375,50.0606],[2.74255,50.04823],[2.75294,50.03897],[2.78566,50.05116],[2.78896,50.04531],[2.84809,50.07833],[2.85784,50.07739],[2.85533,50.06244],[2.87759,50.04241],[2.84953,50.02932],[2.8638,50.0201],[2.89631,50.03702],[2.91624,50.0349],[2.92073,50.04891],[2.93289,50.04336],[2.94544,50.05417],[2.97177,50.04156],[3.01444,50.05915],[3.07449,50.0453],[3.09025,50.05374],[3.1164,50.03779],[3.11906,50.02617],[3.17023,50.01799],[3.1557,49.99164],[3.20304,49.98394],[3.16265,49.96499],[3.16465,49.94743],[3.12275,49.92436],[3.11274,49.87794],[3.08755,49.8661],[3.08477,49.87861],[3.07551,49.8785],[3.07022,49.87304],[3.08551,49.84382],[3.05542,49.83227],[3.06072,49.8201],[3.08495,49.81797],[3.07785,49.8127],[3.08597,49.79202],[3.06133,49.78125],[3.07059,49.76689],[3.10044,49.76614],[3.0941,49.74935],[3.1208,49.70572],[3.09646,49.70548],[3.08377,49.69051],[3.08346,49.71249],[3.05243,49.71377],[3.05532,49.69401],[3.04053,49.69658],[3.02616,49.6803],[3.00513,49.70272],[2.97743,49.70548],[2.97308,49.69719],[2.94844,49.69399],[2.95495,49.66531],[2.92524,49.68332],[2.93021,49.68788],[2.91342,49.70951],[2.89396,49.6989],[2.8817,49.71366],[2.8662,49.70249],[2.88814,49.68719],[2.88879,49.67069],[2.87447,49.68582],[2.86116,49.6852],[2.84592,49.65942],[2.79725,49.66074],[2.78937,49.64018],[2.79949,49.62059],[2.78669,49.6121],[2.73914,49.62697],[2.68756,49.62475],[2.68787,49.61426],[2.66856,49.6],[2.67024,49.58111],[2.64963,49.57176],[2.62867,49.58194],[2.62595,49.61095],[2.59703,49.61168],[2.57136,49.59695],[2.55881,49.60705],[2.56647,49.6188],[2.54093,49.61562],[2.54062,49.62461],[2.50475,49.63947],[2.47812,49.62079],[2.46359,49.62831],[2.47226,49.63433],[2.45365,49.63561],[2.43644,49.65626],[2.41271,49.66284],[2.37086,49.65635],[2.36207,49.66674],[2.33381,49.67075],[2.33526,49.67942],[2.31676,49.68765],[2.3018,49.68107],[2.24717,49.70164],[2.1508,49.70206],[2.13374,49.68958],[2.08133,49.69348],[2.06531,49.68315],[2.05016,49.68652],[2.06396,49.68774],[2.03472,49.71068],[1.97827,49.70971],[1.97126,49.71993],[1.94909,49.7008],[1.93265,49.71981],[1.89386,49.69899],[1.84899,49.70164],[1.83759,49.71836],[1.82056,49.72255],[1.83954,49.73091],[1.83945,49.73928],[1.82046,49.73905],[1.80898,49.75433],[1.79411,49.74986],[1.77332,49.77696],[1.75794,49.7808],[1.71729,49.84884],[1.71284,49.88586],[1.69196,49.89685],[1.67817,49.91827],[1.60337,49.94308],[1.57277,49.97486],[1.52747,49.9951],[1.51635,50.01208],[1.45479,50.03778],[1.44917,50.04687],[1.45558,50.04434],[1.45915,50.0625],[1.44906,50.06889],[1.4236,50.07085],[1.40926,50.05707],[1.38155,50.06577]]]}},{"type":"Feature","properties":{"code":"81","nom":"Tarn"},"geometry":{"type":"Polygon","coordinates":[[[1.99017,44.14945],[2.05938,44.17228],[2.05211,44.18873],[2.08091,44.17997],[2.09427,44.18891],[2.09701,44.1748],[2.10699,44.18116],[2.10613,44.19439],[2.14213,44.2013],[2.1622,44.18724],[2.15533,44.1803],[2.18061,44.17894],[2.19178,44.16203],[2.20594,44.1711],[2.23554,44.16384],[2.23243,44.15461],[2.19825,44.14346],[2.19306,44.14926],[2.18152,44.13858],[2.23759,44.13401],[2.27207,44.14811],[2.29782,44.13805],[2.28972,44.12152],[2.33244,44.12302],[2.3405,44.11025],[2.38921,44.09457],[2.4121,44.06971],[2.41021,44.05585],[2.46006,44.05135],[2.46403,44.03331],[2.49155,44.01882],[2.50213,43.98551],[2.52504,43.97701],[2.51863,43.95843],[2.49908,43.9451],[2.55382,43.92506],[2.55042,43.89249],[2.58022,43.87884],[2.56381,43.86577],[2.56168,43.84449],[2.65951,43.75654],[2.74284,43.72904],[2.78119,43.73696],[2.78765,43.75205],[2.82404,43.76199],[2.87004,43.73887],[2.91993,43.73645],[2.92497,43.70615],[2.93746,43.69677],[2.91908,43.68755],[2.91971,43.66225],[2.90735,43.65423],[2.8791,43.65727],[2.87373,43.64511],[2.81383,43.64105],[2.79486,43.62443],[2.75452,43.61414],[2.7202,43.64537],[2.68469,43.65381],[2.6523,43.64895],[2.64616,43.66031],[2.62863,43.61013],[2.61464,43.59986],[2.63178,43.58414],[2.6156,43.5665],[2.67602,43.51346],[2.65885,43.51692],[2.65472,43.49668],[2.66554,43.46195],[2.63806,43.4668],[2.64618,43.45913],[2.61779,43.43769],[2.60408,43.43998],[2.60608,43.43109],[2.56078,43.42022],[2.51922,43.42357],[2.48963,43.43794],[2.42873,43.43567],[2.39684,43.41664],[2.30552,43.44771],[2.28201,43.44123],[2.2583,43.4601],[2.22347,43.43194],[2.22985,43.40554],[2.21398,43.38315],[2.18586,43.39534],[2.17013,43.41676],[2.10928,43.39455],[2.07459,43.3947],[2.05307,43.4303],[2.01355,43.45041],[2.02202,43.47451],[2.04829,43.48573],[2.04359,43.51124],[2.03795,43.49935],[2.01554,43.50948],[2.01614,43.48763],[1.99,43.47747],[1.88307,43.51827],[1.87138,43.53429],[1.88041,43.54032],[1.85071,43.54928],[1.84009,43.57768],[1.79057,43.58325],[1.76654,43.60275],[1.69106,43.62457],[1.69985,43.64939],[1.73057,43.65749],[1.7207,43.68835],[1.66357,43.69406],[1.66103,43.70565],[1.68184,43.7008],[1.70645,43.71622],[1.64992,43.75187],[1.65584,43.76827],[1.64075,43.77894],[1.65013,43.79453],[1.64479,43.80026],[1.59023,43.81453],[1.59256,43.84264],[1.57258,43.8488],[1.55509,43.86849],[1.56401,43.87188],[1.54654,43.90349],[1.55562,43.91832],[1.57416,43.91876],[1.57752,43.93881],[1.54057,43.94531],[1.53545,43.95967],[1.61919,43.9591],[1.63053,43.99042],[1.6581,43.99561],[1.64961,44.01186],[1.67139,44.01064],[1.67006,44.01788],[1.69152,44.02237],[1.70421,44.04435],[1.69196,44.06292],[1.67538,44.06683],[1.67302,44.0593],[1.6637,44.06729],[1.67027,44.08809],[1.65312,44.09645],[1.65872,44.11663],[1.74648,44.11673],[1.77796,44.09677],[1.7935,44.1003],[1.78702,44.10924],[1.80674,44.12642],[1.83697,44.10541],[1.82868,44.13328],[1.83677,44.14389],[1.84797,44.13498],[1.86139,44.14368],[1.89253,44.14308],[1.9073,44.13041],[1.91929,44.14139],[1.89436,44.15556],[1.90887,44.16348],[1.94363,44.14647],[1.97121,44.14273],[1.98268,44.15658],[1.99017,44.14945]]]}},{"type":"Feature","properties":{"code":"82","nom":"Tarn-et-Garonne"},"geometry":{"type":"Polygon","coordinates":[[[1.06408,44.37851],[1.10351,44.39231],[1.13704,44.39235],[1.13301,44.37128],[1.10459,44.36446],[1.08858,44.37111],[1.09169,44.36036],[1.08122,44.35438],[1.11549,44.33829],[1.10794,44.3274],[1.12241,44.31568],[1.16784,44.30287],[1.18115,44.30926],[1.17754,44.29186],[1.20462,44.28209],[1.21409,44.26819],[1.22056,44.2804],[1.24701,44.26607],[1.25469,44.28447],[1.27098,44.28106],[1.30314,44.29427],[1.29343,44.27268],[1.30502,44.26202],[1.28439,44.25252],[1.28236,44.23639],[1.33583,44.22859],[1.35758,44.20334],[1.38126,44.22551],[1.45356,44.25412],[1.45318,44.26736],[1.46453,44.26901],[1.47192,44.28685],[1.48454,44.27255],[1.50926,44.27378],[1.52631,44.26024],[1.51824,44.24952],[1.54139,44.2274],[1.57473,44.23394],[1.58725,44.24901],[1.57708,44.27022],[1.56076,44.27947],[1.57835,44.28392],[1.57073,44.3015],[1.61665,44.29766],[1.6143,44.28049],[1.63399,44.26856],[1.6522,44.28509],[1.63387,44.29885],[1.65237,44.29622],[1.65949,44.28326],[1.6995,44.31381],[1.73656,44.31806],[1.73735,44.32698],[1.77449,44.31192],[1.7944,44.33482],[1.82647,44.32359],[1.83333,44.33559],[1.88208,44.34007],[1.85933,44.32044],[1.88158,44.30428],[1.86878,44.29204],[1.90045,44.27916],[1.94109,44.28241],[1.9709,44.27274],[1.96202,44.24234],[1.93346,44.2458],[1.91824,44.21969],[1.89035,44.20757],[1.90716,44.20075],[1.90285,44.19277],[1.9111,44.18546],[1.9334,44.18811],[1.93079,44.17811],[1.94071,44.16976],[1.94476,44.18256],[1.96219,44.18438],[1.98007,44.17643],[1.97666,44.16197],[2.00062,44.15907],[1.98818,44.14904],[1.98268,44.15658],[1.96984,44.14255],[1.90887,44.16348],[1.89436,44.15556],[1.91929,44.14139],[1.90505,44.12976],[1.89253,44.14308],[1.86139,44.14368],[1.84797,44.13498],[1.83677,44.14389],[1.82868,44.13328],[1.83697,44.10541],[1.80674,44.12642],[1.78702,44.10924],[1.7935,44.1003],[1.77796,44.09677],[1.74648,44.11673],[1.65872,44.11663],[1.65312,44.09645],[1.67027,44.08809],[1.6637,44.06729],[1.67302,44.0593],[1.67538,44.06683],[1.69196,44.06292],[1.70421,44.04435],[1.69152,44.02237],[1.67006,44.01788],[1.67139,44.01064],[1.64961,44.01186],[1.6581,43.99561],[1.63053,43.99042],[1.61857,43.974],[1.62272,43.96071],[1.53545,43.95967],[1.54057,43.94531],[1.57752,43.93881],[1.57416,43.91876],[1.53279,43.92135],[1.52332,43.9036],[1.49224,43.88735],[1.47564,43.90738],[1.44892,43.87032],[1.36518,43.88957],[1.3481,43.86917],[1.36463,43.85554],[1.35953,43.85117],[1.31941,43.85807],[1.29382,43.8456],[1.31383,43.83214],[1.35436,43.83647],[1.36003,43.8172],[1.31145,43.8007],[1.28264,43.79616],[1.27815,43.803],[1.26711,43.79863],[1.28057,43.79011],[1.27264,43.78473],[1.21277,43.76768],[1.20542,43.77467],[1.21827,43.78209],[1.21672,43.79193],[1.18143,43.79482],[1.1446,43.8223],[1.11026,43.79632],[1.1105,43.80565],[1.08331,43.81632],[1.05734,43.79794],[1.0362,43.80423],[0.99153,43.79732],[0.9793,43.78637],[0.92434,43.79295],[0.90432,43.78312],[0.89611,43.79129],[0.90104,43.80379],[0.92533,43.82987],[0.89524,43.8399],[0.89474,43.85029],[0.91243,43.8497],[0.88349,43.87526],[0.88399,43.89084],[0.90371,43.89923],[0.86357,43.92356],[0.84262,43.91452],[0.8093,43.9323],[0.76936,43.92299],[0.75949,43.94302],[0.82765,43.99661],[0.8189,44.00968],[0.82487,44.01502],[0.8126,44.02435],[0.83956,44.02399],[0.86466,44.0387],[0.81977,44.05619],[0.76405,44.02964],[0.75172,44.06638],[0.73971,44.06662],[0.73836,44.07542],[0.75683,44.1074],[0.77569,44.11582],[0.79889,44.11064],[0.78857,44.14439],[0.8189,44.14385],[0.86697,44.12635],[0.88094,44.12999],[0.88269,44.14207],[0.894,44.13789],[0.88918,44.17199],[0.87099,44.1679],[0.85363,44.17478],[0.85302,44.18391],[0.86174,44.19339],[0.90597,44.19012],[0.92924,44.23025],[0.91909,44.23827],[0.93263,44.24834],[0.92778,44.26741],[0.94029,44.26333],[0.95079,44.27506],[0.92582,44.28647],[0.91643,44.3022],[0.89412,44.29693],[0.86917,44.30989],[0.89611,44.34623],[0.8872,44.36462],[0.89638,44.38184],[0.91985,44.38442],[0.93714,44.36943],[0.94238,44.3446],[0.95151,44.36158],[0.9773,44.35618],[0.99671,44.36914],[1.0493,44.36236],[1.06065,44.3656],[1.06408,44.37851]]]}},{"type":"Feature","properties":{"code":"83","nom":"Var"},"geometry":{"type":"MultiPolygon","coordinates":[[[[6.39598,42.98734],[6.39391,42.98841],[6.39678,42.98912],[6.39598,42.98734]]],[[[6.4348,43.01554],[6.47334,43.04693],[6.50459,43.05354],[6.51129,43.04682],[6.48754,43.04272],[6.47096,43.01664],[6.45038,43.01735],[6.43834,43.0036],[6.4348,43.01554]]],[[[6.13983,43.02061],[6.14479,43.0163],[6.13946,43.01972],[6.13983,43.02061]]],[[[5.74996,43.12661],[5.74802,43.12725],[5.75245,43.1273],[5.74996,43.12661]]],[[[6.3971,42.9928],[6.37032,43.00084],[6.38328,43.0138],[6.41992,43.01383],[6.3971,42.9928]]],[[[6.36377,43.00396],[6.35996,43.01505],[6.3684,43.01807],[6.36476,43.01343],[6.36377,43.00396]]],[[[5.76959,43.08065],[5.7657,43.0801],[5.76796,43.08191],[5.76959,43.08065]]],[[[6.23917,43.02431],[6.25084,42.99967],[6.20563,42.98181],[6.1613,42.99888],[6.17959,43.00863],[6.21173,43.00256],[6.21759,43.01353],[6.23057,43.01001],[6.23917,43.02431]]],[[[5.78064,43.06977],[5.77864,43.08096],[5.79221,43.07745],[5.78996,43.07449],[5.78064,43.06977]]],[[[5.91986,43.11812],[5.91393,43.11872],[5.92061,43.11945],[5.91986,43.11812]]],[[[5.79082,43.06871],[5.78718,43.07224],[5.79033,43.07258],[5.79082,43.06871]]],[[[5.75365,43.72462],[5.78134,43.75566],[5.83117,43.74693],[5.84904,43.71818],[5.88455,43.72391],[5.90498,43.73743],[5.90296,43.75343],[5.92266,43.75754],[5.93876,43.74879],[5.94048,43.72733],[5.98544,43.71396],[5.98794,43.69506],[6.02174,43.66828],[6.03945,43.67865],[6.03513,43.69407],[6.07705,43.7072],[6.10673,43.74446],[6.1297,43.73622],[6.15429,43.74364],[6.21671,43.79951],[6.25422,43.80043],[6.26862,43.77722],[6.32628,43.74687],[6.35117,43.73617],[6.37474,43.743],[6.38354,43.73443],[6.41335,43.76023],[6.41443,43.79159],[6.46986,43.79873],[6.4869,43.79171],[6.51728,43.80876],[6.54241,43.79188],[6.54568,43.7753],[6.58691,43.80532],[6.61931,43.80577],[6.64522,43.77784],[6.64009,43.76861],[6.6521,43.76545],[6.65742,43.74872],[6.68271,43.75794],[6.7014,43.75407],[6.71498,43.73866],[6.75247,43.74105],[6.77424,43.70364],[6.7608,43.66649],[6.78324,43.65362],[6.79874,43.62818],[6.81679,43.62976],[6.85172,43.60441],[6.89427,43.61153],[6.91199,43.59833],[6.89843,43.58156],[6.90824,43.56391],[6.8878,43.55274],[6.87876,43.52917],[6.89638,43.52716],[6.88423,43.50254],[6.93329,43.4777],[6.9246,43.47255],[6.92398,43.4505],[6.90107,43.44307],[6.89167,43.42845],[6.87034,43.42534],[6.85974,43.43325],[6.85631,43.41152],[6.82908,43.41851],[6.78898,43.40807],[6.76627,43.42375],[6.74842,43.41981],[6.71407,43.37179],[6.71655,43.3475],[6.68003,43.3403],[6.66535,43.32523],[6.67131,43.3126],[6.63501,43.3075],[6.58521,43.27951],[6.58201,43.26746],[6.59347,43.26226],[6.64017,43.27436],[6.66521,43.26489],[6.6758,43.27849],[6.69763,43.26647],[6.69106,43.25235],[6.66443,43.24135],[6.66429,43.21183],[6.68109,43.19982],[6.64305,43.1871],[6.64664,43.16771],[6.63411,43.17233],[6.61829,43.15942],[6.60173,43.18209],[6.562,43.18909],[6.53691,43.17881],[6.5346,43.16334],[6.49664,43.15119],[6.46415,43.15753],[6.43866,43.14224],[6.42907,43.15143],[6.38445,43.14402],[6.35976,43.1199],[6.37076,43.09135],[6.36435,43.08631],[6.32152,43.09139],[6.31667,43.10617],[6.28933,43.10672],[6.27494,43.12074],[6.20103,43.11606],[6.17045,43.09975],[6.15475,43.07984],[6.15204,43.03718],[6.17266,43.03282],[6.14877,43.0259],[6.13466,43.03619],[6.09702,43.02727],[6.09126,43.03536],[6.13161,43.04801],[6.12545,43.07827],[6.11399,43.08366],[6.07878,43.08771],[6.02154,43.07826],[6.02347,43.09481],[6.00546,43.10396],[5.92568,43.10231],[5.93433,43.1186],[5.92264,43.11521],[5.92063,43.12391],[5.90748,43.11888],[5.91095,43.11508],[5.88581,43.11631],[5.89172,43.10798],[5.88054,43.105],[5.90999,43.09992],[5.89679,43.08048],[5.9382,43.08456],[5.95096,43.07677],[5.94704,43.06775],[5.91246,43.06597],[5.8902,43.07804],[5.87229,43.06918],[5.859,43.04802],[5.82881,43.04936],[5.81575,43.06365],[5.79239,43.06869],[5.8125,43.09587],[5.80526,43.0997],[5.81394,43.10677],[5.80821,43.11519],[5.76734,43.11554],[5.78096,43.13012],[5.77125,43.13893],[5.7523,43.13014],[5.72411,43.13618],[5.71604,43.14804],[5.69488,43.14359],[5.68219,43.15545],[5.69461,43.17179],[5.67188,43.17927],[5.68391,43.23606],[5.76093,43.26734],[5.76279,43.28236],[5.7266,43.31736],[5.67552,43.31956],[5.68981,43.32746],[5.68645,43.34019],[5.70503,43.35592],[5.68279,43.39916],[5.70128,43.40807],[5.75529,43.40232],[5.78835,43.42026],[5.75066,43.43451],[5.72784,43.4669],[5.69864,43.48342],[5.71583,43.50321],[5.72507,43.55126],[5.65603,43.574],[5.6916,43.58443],[5.67806,43.61137],[5.69871,43.64246],[5.79873,43.6612],[5.81324,43.68896],[5.78764,43.69695],[5.78529,43.71752],[5.75365,43.72462]]]]}},{"type":"Feature","properties":{"code":"84","nom":"Vaucluse"},"geometry":{"type":"MultiPolygon","coordinates":[[[[4.86953,44.34508],[4.90896,44.37734],[4.91852,44.40779],[4.96047,44.42005],[4.97044,44.43137],[5.00106,44.4126],[5.01876,44.41598],[5.01558,44.39304],[5.07206,44.38041],[5.05504,44.36502],[5.02389,44.36056],[5.02329,44.34595],[5.00901,44.33377],[5.01378,44.32579],[4.99657,44.31974],[4.98702,44.29271],[4.92215,44.30878],[4.89166,44.30425],[4.88163,44.32487],[4.89533,44.33806],[4.86953,44.34508]]],[[[4.65407,44.25434],[4.65062,44.32981],[4.67903,44.32049],[4.71795,44.32689],[4.77967,44.31937],[4.80456,44.3039],[4.8141,44.23231],[4.82665,44.22833],[4.87905,44.26148],[4.93291,44.26215],[5.06056,44.30814],[5.07651,44.28409],[5.10797,44.27725],[5.16775,44.31483],[5.16811,44.28992],[5.14707,44.27557],[5.16073,44.26655],[5.16155,44.24559],[5.14947,44.2353],[5.15813,44.22884],[5.23082,44.21193],[5.24045,44.23083],[5.2523,44.23121],[5.3033,44.20539],[5.33683,44.20353],[5.35535,44.21456],[5.38453,44.20118],[5.38324,44.15528],[5.43576,44.15225],[5.45058,44.12154],[5.49879,44.11572],[5.50264,44.06344],[5.54499,44.06842],[5.54363,44.02596],[5.51765,43.9917],[5.5092,43.95167],[5.54499,43.93905],[5.56892,43.94225],[5.58159,43.91508],[5.60823,43.91477],[5.57348,43.86338],[5.54862,43.85148],[5.54429,43.81835],[5.56428,43.81973],[5.5746,43.83029],[5.65445,43.82511],[5.68573,43.78721],[5.71356,43.78112],[5.71695,43.75553],[5.75733,43.72941],[5.71021,43.69],[5.67359,43.69366],[5.60694,43.65869],[5.53145,43.65901],[5.43758,43.68171],[5.31572,43.73649],[5.22999,43.74767],[5.17331,43.73881],[5.04966,43.78873],[5.02953,43.82779],[4.96631,43.87165],[4.85309,43.91138],[4.73906,43.92406],[4.77902,43.93789],[4.81156,43.9618],[4.81247,43.98766],[4.84211,43.98647],[4.84334,44.00986],[4.82115,44.01647],[4.81617,44.03214],[4.78763,44.05402],[4.78798,44.06505],[4.75956,44.07507],[4.7583,44.08792],[4.72063,44.08179],[4.70607,44.10775],[4.72207,44.18742],[4.70578,44.19279],[4.70655,44.21443],[4.67425,44.21402],[4.67786,44.23412],[4.65407,44.25434]]]]}},{"type":"Feature","properties":{"code":"85","nom":"Vendée"},"geometry":{"type":"MultiPolygon","coordinates":[[[[-2.37425,46.73366],[-2.2869,46.69647],[-2.28351,46.68787],[-2.31153,46.69601],[-2.33089,46.68699],[-2.3793,46.69853],[-2.40048,46.72606],[-2.37425,46.73366]]],[[[-1.20068,47.04002],[-1.05472,47.00436],[-1.01492,47.00467],[-1.00226,47.02129],[-0.98192,47.01054],[-0.97633,47.01821],[-0.96087,46.99528],[-0.93201,47.00799],[-0.9159,47.00171],[-0.91512,46.99228],[-0.90409,46.99479],[-0.89366,46.98441],[-0.90196,46.96708],[-0.87712,46.96854],[-0.8833,46.95954],[-0.87609,46.95565],[-0.86379,46.96225],[-0.86908,46.95724],[-0.86058,46.9491],[-0.87512,46.9537],[-0.881,46.94646],[-0.84948,46.94599],[-0.85793,46.93432],[-0.84801,46.94099],[-0.84084,46.92881],[-0.82914,46.93336],[-0.82137,46.91827],[-0.8074,46.91983],[-0.82054,46.911],[-0.82944,46.88347],[-0.76673,46.83446],[-0.71004,46.82157],[-0.69875,46.81088],[-0.71784,46.80052],[-0.72705,46.76642],[-0.7156,46.75183],[-0.6983,46.75176],[-0.69404,46.74385],[-0.70261,46.73494],[-0.67812,46.72573],[-0.65619,46.70077],[-0.68073,46.68694],[-0.63699,46.66333],[-0.65888,46.63592],[-0.63419,46.63739],[-0.61405,46.62161],[-0.62569,46.60505],[-0.6119,46.58831],[-0.6245,46.57498],[-0.61516,46.56059],[-0.60659,46.56373],[-0.60222,46.54804],[-0.60828,46.52637],[-0.64403,46.52184],[-0.63749,46.51904],[-0.6452,46.50857],[-0.62503,46.49748],[-0.63116,46.47859],[-0.61909,46.4758],[-0.60766,46.45486],[-0.61921,46.45523],[-0.61878,46.43886],[-0.63684,46.43231],[-0.63943,46.41045],[-0.62911,46.40406],[-0.64064,46.39696],[-0.62088,46.39046],[-0.61018,46.41374],[-0.5378,46.38647],[-0.55851,46.36154],[-0.57731,46.35543],[-0.60325,46.36147],[-0.60495,46.34715],[-0.6366,46.33759],[-0.63638,46.32527],[-0.64841,46.3169],[-0.69674,46.32506],[-0.72015,46.31489],[-0.71968,46.30324],[-0.7472,46.30282],[-0.80281,46.32529],[-0.80021,46.34238],[-0.83988,46.34037],[-0.85249,46.31714],[-0.86461,46.32747],[-0.88717,46.32665],[-0.89447,46.3169],[-0.93102,46.31004],[-0.9631,46.32262],[-0.94347,46.3366],[-0.92963,46.37152],[-0.95128,46.36038],[-0.96451,46.3654],[-0.9749,46.35105],[-1.01301,46.34903],[-1.01381,46.35562],[-1.05253,46.34254],[-1.05338,46.349],[-1.0813,46.32335],[-1.07547,46.3175],[-1.09573,46.31207],[-1.12057,46.3236],[-1.1294,46.31028],[-1.16467,46.32419],[-1.20306,46.31574],[-1.19551,46.30048],[-1.20678,46.28806],[-1.20498,46.26651],[-1.2959,46.32393],[-1.30598,46.31919],[-1.29262,46.29148],[-1.27228,46.28942],[-1.29681,46.28985],[-1.32098,46.32573],[-1.35815,46.34763],[-1.46594,46.34236],[-1.4878,46.38139],[-1.51507,46.4043],[-1.64789,46.42016],[-1.64882,46.4294],[-1.71103,46.45126],[-1.77714,46.49276],[-1.81235,46.49342],[-1.85702,46.60985],[-1.89779,46.64038],[-1.94288,46.6927],[-1.96581,46.69194],[-1.99786,46.73239],[-2.14103,46.81775],[-2.15534,46.88315],[-2.15503,46.88965],[-2.11323,46.89601],[-2.1178,46.90832],[-2.08167,46.93819],[-2.07127,46.9358],[-2.04469,46.96804],[-2.02933,47.00985],[-1.98041,47.02891],[-1.96658,47.02569],[-1.94323,46.99471],[-1.91672,46.99216],[-1.91744,46.97508],[-1.88989,46.95695],[-1.82841,46.95303],[-1.83199,46.93227],[-1.74548,46.92809],[-1.73595,46.89446],[-1.72294,46.88402],[-1.68842,46.89069],[-1.66754,46.87588],[-1.60453,46.87546],[-1.54878,46.86016],[-1.54628,46.87471],[-1.50077,46.88389],[-1.54581,46.92556],[-1.5291,46.9227],[-1.51878,46.93463],[-1.55529,46.97857],[-1.54267,47.00327],[-1.55573,47.01449],[-1.50499,47.03886],[-1.47256,47.03106],[-1.46024,46.99296],[-1.47696,46.98097],[-1.45739,46.95541],[-1.47174,46.93318],[-1.45827,46.92584],[-1.36503,46.95694],[-1.35906,46.98113],[-1.37802,46.99173],[-1.36302,47.00523],[-1.37861,47.03085],[-1.36607,47.0417],[-1.34146,47.04037],[-1.34572,47.04573],[-1.29892,47.03466],[-1.29647,47.04316],[-1.30492,47.0406],[-1.28759,47.05704],[-1.28771,47.0763],[-1.27074,47.08468],[-1.20068,47.04002]]],[[[-2.17739,46.93207],[-2.22316,46.96527],[-2.26438,46.96088],[-2.30241,46.99057],[-2.29209,47.01145],[-2.30759,47.02465],[-2.25391,47.02803],[-2.22562,47.01685],[-2.21881,46.99171],[-2.23861,46.9976],[-2.23648,46.97988],[-2.15718,46.95004],[-2.14744,46.9342],[-2.148,46.89462],[-2.16682,46.90544],[-2.17739,46.93207]]]]}},{"type":"Feature","properties":{"code":"86","nom":"Vienne"},"geometry":{"type":"Polygon","coordinates":[[[-0.10212,47.0648],[-0.10141,47.08551],[-0.0859,47.10101],[-0.03562,47.08626],[-0.0266,47.10588],[-0.03941,47.10787],[-0.03596,47.12509],[-0.01218,47.15595],[0.01901,47.17576],[0.03664,47.16035],[0.05252,47.16683],[0.0656,47.14306],[0.07839,47.14633],[0.08135,47.11854],[0.12292,47.12866],[0.12716,47.11997],[0.14039,47.12387],[0.13472,47.10787],[0.16256,47.10071],[0.18316,47.11438],[0.20095,47.09139],[0.17422,47.07128],[0.17577,47.06064],[0.19224,47.0654],[0.208,47.05323],[0.24554,47.07129],[0.26762,47.0675],[0.25999,47.05558],[0.26817,47.04282],[0.30538,47.0527],[0.31029,47.02574],[0.29867,47.0196],[0.31297,46.99803],[0.29187,46.98924],[0.30553,46.98616],[0.3013,46.95575],[0.32383,46.93145],[0.36652,46.94956],[0.43871,46.92958],[0.4448,46.94115],[0.50519,46.9599],[0.60011,46.95742],[0.60118,46.97309],[0.57404,46.98285],[0.56774,47.00629],[0.61887,47.00746],[0.63341,46.98672],[0.69257,46.97431],[0.70621,46.93621],[0.70432,46.90329],[0.75405,46.85963],[0.77002,46.86511],[0.76747,46.85145],[0.79384,46.85122],[0.7868,46.84046],[0.80932,46.82786],[0.81502,46.78851],[0.82804,46.7868],[0.82798,46.77682],[0.87865,46.73864],[0.91323,46.72571],[0.90805,46.71876],[0.92789,46.69265],[0.90266,46.68001],[0.91775,46.65059],[0.90643,46.6486],[0.8939,46.62861],[0.91055,46.60179],[0.93776,46.59442],[0.93529,46.58634],[0.96367,46.57107],[1.01476,46.56776],[1.02291,46.53591],[1.06572,46.53986],[1.10829,46.53151],[1.14914,46.5022],[1.13341,46.49763],[1.15747,46.46999],[1.13551,46.47089],[1.15182,46.4487],[1.18602,46.44109],[1.18649,46.42813],[1.21269,46.43222],[1.17728,46.38395],[1.15887,46.39038],[1.14697,46.3759],[1.15125,46.37005],[1.12845,46.36364],[1.12935,46.347],[1.1007,46.36411],[1.05016,46.36278],[1.02581,46.3405],[1.02792,46.32271],[1.00659,46.30294],[1.01253,46.29923],[1.00186,46.29208],[1.00589,46.28097],[0.93648,46.29283],[0.9301,46.28068],[0.89932,46.28939],[0.89065,46.26854],[0.86163,46.26182],[0.85747,46.24849],[0.84754,46.24827],[0.84129,46.23987],[0.85189,46.23595],[0.84801,46.22875],[0.80655,46.22743],[0.7935,46.2121],[0.83648,46.17884],[0.82831,46.17464],[0.83986,46.16444],[0.83115,46.15357],[0.84738,46.13772],[0.83451,46.12787],[0.81158,46.13842],[0.78698,46.12949],[0.71256,46.13959],[0.71054,46.12953],[0.67544,46.11161],[0.68745,46.09725],[0.61748,46.09256],[0.60519,46.08459],[0.60988,46.07747],[0.59568,46.07266],[0.59373,46.08109],[0.57501,46.0799],[0.56356,46.09034],[0.53997,46.08556],[0.52094,46.11369],[0.49944,46.12184],[0.50869,46.13194],[0.49257,46.13586],[0.48766,46.1275],[0.47065,46.12907],[0.46192,46.11007],[0.44326,46.10157],[0.44751,46.08535],[0.47844,46.08483],[0.47237,46.07289],[0.48065,46.06543],[0.42481,46.0483],[0.38936,46.06767],[0.27752,46.06064],[0.25655,46.0801],[0.19735,46.09555],[0.18846,46.11123],[0.20289,46.11951],[0.19728,46.129],[0.21579,46.13893],[0.22015,46.15814],[0.19468,46.16049],[0.18037,46.14919],[0.15511,46.15717],[0.13862,46.18102],[0.1077,46.18613],[0.11343,46.21221],[0.14373,46.2294],[0.12884,46.26723],[0.15956,46.26657],[0.17232,46.2786],[0.15219,46.30315],[0.16916,46.30729],[0.16484,46.31815],[0.17695,46.33036],[0.15436,46.34459],[0.12431,46.34842],[0.07822,46.30493],[0.03108,46.3295],[0.0151,46.32626],[0.02082,46.34158],[0.03656,46.34573],[0.01385,46.35706],[0.03422,46.3735],[0.01543,46.39161],[-0.008,46.38905],[-0.00847,46.40422],[-0.02327,46.4008],[-0.01104,46.4232],[-0.00972,46.45005],[-0.01924,46.45327],[-0.00977,46.46783],[-0.01597,46.47548],[-0.0423,46.47003],[-0.03824,46.48141],[-0.04698,46.48302],[-0.02989,46.48563],[-0.04091,46.49328],[-0.03135,46.52498],[-0.00716,46.52328],[0.00634,46.54151],[0.0079,46.54797],[-0.01051,46.55277],[-0.00728,46.5685],[0.04272,46.59117],[0.0229,46.59527],[0.02285,46.61453],[-0.01314,46.61487],[0.00079,46.64306],[-0.04671,46.6238],[-0.06767,46.62953],[-0.03187,46.65175],[-0.04043,46.66372],[-0.00695,46.68291],[-0.02119,46.69329],[0.00277,46.70026],[-0.00203,46.71586],[0.03827,46.73158],[-0.00132,46.76165],[-0.01266,46.75435],[-0.02314,46.76912],[-0.01741,46.78072],[-0.02628,46.78858],[0.00799,46.81431],[-0.00702,46.82213],[-0.02032,46.81265],[-0.04957,46.82064],[-0.04569,46.83211],[-0.01156,46.84798],[0.01661,46.83496],[0.03376,46.85408],[-0.03559,46.87507],[-0.00903,46.90748],[-0.02222,46.93848],[-0.04549,46.95947],[-0.03371,46.98324],[-0.05841,46.99457],[-0.08628,46.9853],[-0.09405,47.01326],[-0.07703,47.00912],[-0.10212,47.0648]]]}},{"type":"Feature","properties":{"code":"87","nom":"Haute-Vienne"},"geometry":{"type":"Polygon","coordinates":[[[0.80851,46.12065],[0.84738,46.13772],[0.83115,46.15357],[0.83986,46.16444],[0.82831,46.17464],[0.83648,46.17884],[0.81962,46.18459],[0.7941,46.21404],[0.81039,46.22951],[0.84801,46.22875],[0.85189,46.23595],[0.84129,46.23987],[0.84754,46.24827],[0.85747,46.24849],[0.86163,46.26182],[0.89065,46.26854],[0.89932,46.28939],[0.9301,46.28068],[0.93648,46.29283],[1.00589,46.28097],[1.00186,46.29208],[1.01253,46.29923],[1.00659,46.30294],[1.02792,46.32271],[1.02581,46.3405],[1.05016,46.36278],[1.1007,46.36411],[1.12935,46.347],[1.12845,46.36364],[1.15125,46.37005],[1.14697,46.3759],[1.15887,46.39038],[1.18219,46.37608],[1.20973,46.38976],[1.21644,46.36743],[1.23816,46.3662],[1.2604,46.37878],[1.31225,46.37292],[1.30796,46.37986],[1.32281,46.38548],[1.31391,46.39538],[1.35602,46.40012],[1.40903,46.36134],[1.40969,46.34191],[1.44668,46.33203],[1.43679,46.32125],[1.44479,46.3053],[1.42657,46.29892],[1.41417,46.28049],[1.43494,46.27188],[1.41466,46.27136],[1.40365,46.25991],[1.42054,46.24882],[1.41808,46.24111],[1.39663,46.24044],[1.37256,46.21603],[1.38384,46.21177],[1.38458,46.19922],[1.3952,46.19927],[1.39718,46.18551],[1.41658,46.17618],[1.46176,46.1778],[1.45646,46.17339],[1.46515,46.16032],[1.45136,46.15266],[1.47269,46.14959],[1.48484,46.13483],[1.49746,46.1428],[1.49314,46.13426],[1.50716,46.12222],[1.49141,46.11963],[1.48428,46.1046],[1.49847,46.10646],[1.5049,46.08815],[1.52969,46.0906],[1.52657,46.07837],[1.54341,46.07691],[1.53186,46.0574],[1.54847,46.0348],[1.53638,46.02629],[1.53395,46.00345],[1.56767,45.99709],[1.57647,45.981],[1.56615,45.96325],[1.52076,45.95245],[1.50939,45.93284],[1.5671,45.91382],[1.58083,45.91774],[1.57929,45.93135],[1.62756,45.93253],[1.62566,45.92613],[1.63713,45.92597],[1.62464,45.91941],[1.63414,45.90787],[1.62794,45.90333],[1.63889,45.90408],[1.64124,45.89186],[1.61974,45.89937],[1.62074,45.88286],[1.61876,45.881],[1.61585,45.89214],[1.59103,45.88307],[1.60499,45.88037],[1.6024,45.85747],[1.65476,45.84551],[1.65992,45.8338],[1.69217,45.84474],[1.73094,45.8419],[1.75584,45.85566],[1.75764,45.86773],[1.77078,45.86837],[1.78149,45.85304],[1.773,45.84553],[1.77648,45.83277],[1.79747,45.83148],[1.82843,45.80981],[1.83653,45.82536],[1.84645,45.80994],[1.88693,45.79161],[1.89194,45.76865],[1.90236,45.76739],[1.8743,45.75576],[1.88641,45.74519],[1.87334,45.72531],[1.88791,45.72631],[1.89247,45.71827],[1.87968,45.71237],[1.90918,45.69216],[1.9112,45.68065],[1.88183,45.68194],[1.88198,45.66753],[1.8546,45.67228],[1.84776,45.66176],[1.82618,45.66522],[1.81538,45.6811],[1.79813,45.67319],[1.78583,45.68266],[1.7764,45.65846],[1.72742,45.6381],[1.70891,45.64182],[1.6602,45.60797],[1.65788,45.59361],[1.63766,45.58035],[1.59998,45.58146],[1.5826,45.55499],[1.55495,45.54948],[1.51856,45.56434],[1.51792,45.55552],[1.4933,45.54967],[1.49223,45.56086],[1.48037,45.56594],[1.47551,45.55331],[1.45194,45.55322],[1.45417,45.53812],[1.43954,45.52041],[1.42568,45.53088],[1.40833,45.52731],[1.3896,45.49616],[1.37176,45.49241],[1.35008,45.46689],[1.28532,45.49028],[1.28615,45.48034],[1.26266,45.46797],[1.26419,45.45179],[1.24328,45.43643],[1.22878,45.45819],[1.17761,45.45714],[1.17615,45.47147],[1.16193,45.47865],[1.13495,45.46964],[1.12026,45.47484],[1.11844,45.4879],[1.13424,45.50531],[1.16729,45.52482],[1.11956,45.54748],[1.08264,45.53214],[1.06294,45.55391],[1.04543,45.55731],[1.03242,45.57957],[1.04207,45.58598],[1.03585,45.60021],[1.02047,45.61087],[0.99716,45.61527],[0.98155,45.60326],[0.94677,45.61502],[0.91565,45.6041],[0.90667,45.60894],[0.89793,45.59982],[0.86935,45.62353],[0.84259,45.58227],[0.8115,45.57587],[0.80596,45.59536],[0.778,45.59134],[0.75234,45.61666],[0.77644,45.66717],[0.72516,45.69556],[0.70313,45.68718],[0.65539,45.68859],[0.62974,45.71457],[0.63301,45.72119],[0.64498,45.7162],[0.65252,45.74047],[0.66489,45.73921],[0.67286,45.7523],[0.71489,45.76312],[0.70578,45.77765],[0.7122,45.80416],[0.7413,45.8057],[0.7684,45.78913],[0.78389,45.79168],[0.77688,45.80101],[0.78583,45.8075],[0.78223,45.82108],[0.8168,45.858],[0.82085,45.86723],[0.8075,45.87002],[0.82737,45.88275],[0.81262,45.89704],[0.81211,45.93127],[0.85955,45.91786],[0.87686,45.92129],[0.90515,45.93871],[0.92097,45.93791],[0.92244,45.95386],[0.94259,45.95744],[0.94636,45.97409],[0.93194,45.9781],[0.93375,45.99319],[0.91762,45.99749],[0.92527,46.01126],[0.88554,46.03194],[0.86368,46.016],[0.85247,46.03381],[0.81561,46.04934],[0.8272,46.06483],[0.81858,46.07723],[0.83454,46.09625],[0.82437,46.11586],[0.80851,46.12065]]]}},{"type":"Feature","properties":{"code":"88","nom":"Vosges"},"geometry":{"type":"Polygon","coordinates":[[[5.47006,48.42093],[5.51196,48.41008],[5.51619,48.43094],[5.56083,48.44147],[5.57665,48.43196],[5.59385,48.44277],[5.61506,48.44051],[5.62213,48.42639],[5.61826,48.4424],[5.65322,48.45882],[5.64224,48.47244],[5.71921,48.46014],[5.73858,48.46607],[5.76515,48.49649],[5.78702,48.48291],[5.81077,48.4983],[5.86236,48.5066],[5.9058,48.49462],[5.90357,48.48024],[5.88559,48.46915],[5.89242,48.46435],[5.88693,48.45387],[5.89895,48.44672],[5.85538,48.40938],[5.87361,48.40124],[5.89519,48.40525],[5.90907,48.42921],[5.89804,48.43594],[5.92357,48.43627],[5.93133,48.43395],[5.9249,48.42183],[5.91532,48.4278],[5.90747,48.41922],[5.91192,48.40572],[5.90491,48.40035],[5.91871,48.40522],[5.92769,48.39369],[5.93385,48.40336],[5.95066,48.39543],[5.95494,48.38733],[5.94465,48.37582],[5.95382,48.37377],[5.95924,48.35042],[5.9804,48.34897],[6.00358,48.3629],[6.07149,48.35977],[6.07995,48.36718],[6.06907,48.37529],[6.08613,48.38283],[6.09887,48.36899],[6.09288,48.36117],[6.11705,48.35384],[6.15235,48.38097],[6.15005,48.4095],[6.18203,48.41198],[6.17842,48.3976],[6.19104,48.39541],[6.23334,48.39711],[6.26044,48.4064],[6.2703,48.4261],[6.29797,48.43454],[6.30773,48.41173],[6.35396,48.40388],[6.38122,48.41498],[6.38339,48.40662],[6.3929,48.40875],[6.38426,48.3947],[6.40407,48.39061],[6.4355,48.41279],[6.50076,48.41423],[6.53371,48.43136],[6.58387,48.41723],[6.56723,48.4409],[6.58497,48.46051],[6.6237,48.4731],[6.63883,48.46392],[6.64509,48.42743],[6.6995,48.41309],[6.71406,48.42294],[6.76479,48.41191],[6.76696,48.39908],[6.78899,48.4025],[6.78241,48.39176],[6.794,48.40337],[6.81035,48.3957],[6.86459,48.4367],[6.87101,48.42009],[6.89149,48.41782],[6.97975,48.47851],[7.09402,48.51295],[7.12317,48.51359],[7.12079,48.50513],[7.1358,48.49756],[7.09062,48.50366],[7.09366,48.48928],[7.11688,48.48489],[7.11874,48.47449],[7.10191,48.45142],[7.10994,48.43968],[7.09569,48.42653],[7.09743,48.40564],[7.08498,48.39789],[7.10934,48.37874],[7.07596,48.35258],[7.12049,48.33335],[7.18365,48.33935],[7.17721,48.32531],[7.19177,48.32485],[7.19828,48.31047],[7.17244,48.29748],[7.1767,48.28901],[7.13305,48.24754],[7.11772,48.20821],[7.08582,48.18405],[7.06051,48.14458],[7.06985,48.12948],[7.08416,48.12921],[7.07671,48.10849],[7.0298,48.0719],[7.0013,48.02179],[6.94382,47.99952],[6.94374,47.98092],[6.91943,47.94434],[6.92574,47.92983],[6.91317,47.91938],[6.92877,47.90989],[6.8969,47.89083],[6.9097,47.88164],[6.90653,47.86514],[6.92005,47.85029],[6.89609,47.83297],[6.83932,47.82478],[6.82354,47.81305],[6.79268,47.82946],[6.78261,47.85128],[6.73784,47.86167],[6.64642,47.90323],[6.64191,47.91776],[6.6041,47.94481],[6.56342,47.93139],[6.54401,47.90309],[6.47826,47.88544],[6.45596,47.90677],[6.46274,47.91733],[6.43473,47.94285],[6.40842,47.94319],[6.38893,47.96079],[6.32327,47.94883],[6.28908,47.95584],[6.23799,47.93284],[6.20522,47.93205],[6.20806,47.94676],[6.16798,47.95235],[6.14981,47.96592],[6.16455,47.97311],[6.15265,47.99414],[6.15606,48.00694],[6.1314,48.02408],[6.10923,48.01247],[6.07277,48.0158],[6.04118,48.00442],[6.019,47.98748],[6.02609,47.98145],[6.00527,47.95784],[5.97078,47.95721],[5.94939,47.93545],[5.92839,47.93781],[5.95952,47.96584],[5.9442,47.98004],[5.92254,47.97198],[5.91804,47.94736],[5.90011,47.94475],[5.89718,47.93098],[5.88473,47.92605],[5.86864,47.94499],[5.85753,47.94506],[5.84584,47.9757],[5.83158,47.95776],[5.80527,47.94697],[5.78728,47.9526],[5.77849,47.97801],[5.79467,47.99801],[5.77695,48.03351],[5.7645,48.02991],[5.74004,48.05011],[5.72054,48.04424],[5.6968,48.07723],[5.65753,48.08621],[5.65592,48.06913],[5.62901,48.08442],[5.64939,48.10505],[5.67212,48.10944],[5.65737,48.12165],[5.6851,48.14666],[5.67964,48.17929],[5.70182,48.19044],[5.73098,48.1897],[5.73006,48.19832],[5.68779,48.23418],[5.67742,48.22898],[5.64153,48.24175],[5.65381,48.26852],[5.64332,48.27504],[5.61165,48.29182],[5.58888,48.27559],[5.53733,48.31833],[5.52461,48.33355],[5.52653,48.34686],[5.48096,48.35641],[5.4268,48.33122],[5.41697,48.3427],[5.41855,48.36069],[5.44288,48.37939],[5.39391,48.39165],[5.41965,48.395],[5.47006,48.42093]]]}},{"type":"Feature","properties":{"code":"89","nom":"Yonne"},"geometry":{"type":"Polygon","coordinates":[[[2.93631,48.16339],[2.93695,48.18303],[2.97131,48.19477],[2.97305,48.20555],[3.00462,48.20677],[3.03146,48.24888],[3.04757,48.2497],[3.04547,48.27073],[3.02496,48.27601],[3.02977,48.28584],[3.01874,48.29476],[3.02744,48.30286],[3.01478,48.30622],[3.04358,48.33044],[3.03714,48.34257],[3.04952,48.36012],[3.09888,48.35782],[3.10342,48.34951],[3.11721,48.36662],[3.13987,48.3726],[3.14657,48.36565],[3.17181,48.37768],[3.20034,48.36368],[3.22372,48.3704],[3.25438,48.36502],[3.28282,48.38157],[3.33547,48.37018],[3.35656,48.37845],[3.35768,48.37102],[3.36516,48.37228],[3.36722,48.39432],[3.38342,48.39939],[3.41479,48.39027],[3.41328,48.3763],[3.42739,48.35809],[3.45083,48.37392],[3.49763,48.36958],[3.54511,48.33454],[3.5439,48.31979],[3.5634,48.32144],[3.56109,48.31194],[3.58797,48.30081],[3.5778,48.28459],[3.61362,48.27353],[3.62376,48.25929],[3.59985,48.23591],[3.62162,48.22574],[3.57519,48.18874],[3.59317,48.17888],[3.62166,48.19198],[3.63494,48.18792],[3.66787,48.13921],[3.69092,48.14502],[3.69298,48.15462],[3.70502,48.14431],[3.72157,48.15527],[3.71352,48.17394],[3.74747,48.16625],[3.75482,48.15024],[3.73972,48.13275],[3.75691,48.12531],[3.76802,48.13376],[3.79169,48.11764],[3.80565,48.10051],[3.79808,48.0865],[3.82955,48.05772],[3.82198,48.04392],[3.87061,48.01681],[3.87068,48.00295],[3.83981,48.00389],[3.85003,47.98366],[3.87997,47.97917],[3.88166,48.00029],[3.89343,48.0017],[3.91092,47.98182],[3.90355,47.93834],[3.89403,47.9293],[3.98563,47.93051],[4.00386,47.94203],[4.01814,47.92847],[4.03128,47.93318],[4.04481,47.92512],[4.05888,47.93171],[4.06094,47.9457],[4.0897,47.94501],[4.09209,47.9282],[4.10961,47.92604],[4.14184,47.93711],[4.16633,47.9598],[4.18425,47.95542],[4.18539,47.94025],[4.20188,47.94116],[4.20312,47.95917],[4.21271,47.96307],[4.19395,47.96675],[4.22596,47.97194],[4.22215,47.9497],[4.24546,47.92975],[4.30587,47.92034],[4.31115,47.90392],[4.27849,47.89993],[4.24638,47.87387],[4.26456,47.8737],[4.261,47.84385],[4.2713,47.83878],[4.30081,47.84877],[4.32977,47.84621],[4.33032,47.83766],[4.31929,47.83744],[4.31998,47.81143],[4.3403,47.79957],[4.32723,47.78566],[4.33495,47.77802],[4.33247,47.75651],[4.3092,47.75128],[4.29304,47.73285],[4.2605,47.7422],[4.25798,47.72583],[4.23946,47.72443],[4.2675,47.70547],[4.26641,47.68993],[4.28406,47.68266],[4.22661,47.67821],[4.22564,47.67116],[4.24911,47.65949],[4.21212,47.62815],[4.21424,47.60153],[4.19686,47.6046],[4.17442,47.5521],[4.15653,47.55162],[4.13875,47.51919],[4.11463,47.51475],[4.12339,47.49059],[4.11538,47.4814],[4.12976,47.47484],[4.12981,47.4626],[4.11943,47.44355],[4.10113,47.44388],[4.10834,47.43743],[4.09863,47.43046],[4.08014,47.44083],[4.08453,47.42065],[4.0652,47.40726],[4.06677,47.39851],[4.09003,47.39461],[4.0789,47.37694],[4.10678,47.37627],[4.09794,47.35535],[4.10845,47.34075],[4.04409,47.33989],[4.02141,47.31119],[4.00208,47.31062],[3.97329,47.33145],[3.96171,47.36652],[3.97271,47.37577],[3.94944,47.39432],[3.94424,47.38022],[3.90879,47.38206],[3.88677,47.36458],[3.8721,47.36576],[3.85943,47.3927],[3.89398,47.41433],[3.86705,47.43462],[3.85242,47.43526],[3.83746,47.40306],[3.81995,47.40222],[3.8314,47.39266],[3.81658,47.37863],[3.78563,47.39032],[3.78643,47.40475],[3.7208,47.40101],[3.70225,47.42669],[3.67398,47.43349],[3.67399,47.45023],[3.62134,47.45563],[3.61558,47.46672],[3.58727,47.45619],[3.57517,47.48632],[3.58062,47.49786],[3.55245,47.50244],[3.5135,47.52767],[3.51103,47.55068],[3.49902,47.56083],[3.49013,47.5553],[3.48828,47.49383],[3.4501,47.5],[3.44618,47.51173],[3.39042,47.50915],[3.38015,47.48653],[3.34531,47.47856],[3.34646,47.46969],[3.33771,47.47044],[3.3403,47.48112],[3.29652,47.4917],[3.28525,47.50394],[3.27546,47.4908],[3.23627,47.48823],[3.20347,47.52347],[3.16519,47.5175],[3.13469,47.54263],[3.12303,47.53943],[3.11622,47.56925],[3.12403,47.57616],[3.10161,47.5881],[3.02195,47.55626],[2.96548,47.57358],[2.96231,47.58592],[2.93627,47.59932],[2.94522,47.60845],[2.93232,47.62705],[2.95423,47.64569],[2.91815,47.66979],[2.92675,47.68176],[2.87915,47.7038],[2.87886,47.72035],[2.86063,47.70992],[2.84897,47.71684],[2.85648,47.76174],[2.91452,47.76938],[2.93077,47.76228],[2.98822,47.78603],[3.02528,47.78767],[3.02813,47.802],[3.01547,47.81354],[3.02206,47.81777],[3.01254,47.83437],[3.0297,47.83508],[3.03178,47.85036],[2.99831,47.86728],[3.01244,47.87413],[3.00723,47.89529],[3.01697,47.89892],[3.00956,47.90539],[3.05049,47.91064],[3.05081,47.92417],[3.10527,47.94694],[3.10931,47.96207],[3.12845,47.97097],[3.12421,48.0069],[3.09946,48.02075],[3.12426,48.03113],[3.09463,48.04041],[3.09536,48.05398],[3.05047,48.07233],[3.0504,48.09136],[3.03835,48.09885],[3.03529,48.11599],[3.01588,48.11571],[3.0294,48.1333],[3.00961,48.14577],[2.99839,48.13977],[2.99088,48.15249],[2.96361,48.15296],[2.95327,48.16501],[2.93631,48.16339]]]}},{"type":"Feature","properties":{"code":"90","nom":"Territoire de Belfort"},"geometry":{"type":"Polygon","coordinates":[[[6.7644,47.75852],[6.84308,47.82505],[6.84845,47.80187],[6.86699,47.78331],[6.94043,47.77157],[6.97227,47.75147],[7.01596,47.74323],[7.03742,47.72164],[7.02649,47.701],[7.04803,47.6841],[7.03418,47.66109],[7.03919,47.65057],[7.0176,47.64986],[7.01693,47.62719],[7.00593,47.62892],[7.00594,47.60236],[7.01956,47.58854],[7.03978,47.60115],[7.08627,47.59256],[7.10766,47.5648],[7.10687,47.55054],[7.13363,47.53896],[7.14346,47.52461],[7.13432,47.50503],[7.07589,47.48819],[7.02102,47.50439],[6.98336,47.4942],[7.0019,47.45394],[6.94054,47.43337],[6.93101,47.45754],[6.90847,47.47281],[6.91606,47.47754],[6.90796,47.4939],[6.93018,47.50041],[6.94267,47.48492],[6.94501,47.51334],[6.90758,47.52586],[6.91627,47.53114],[6.90569,47.54797],[6.8852,47.5549],[6.8154,47.54878],[6.80701,47.5628],[6.82172,47.57331],[6.80198,47.58385],[6.7776,47.61564],[6.79947,47.64273],[6.77979,47.65681],[6.77941,47.69534],[6.75625,47.72554],[6.7644,47.75852]]]}},{"type":"Feature","properties":{"code":"91","nom":"Essonne"},"geometry":{"type":"Polygon","coordinates":[[[2.22656,48.7761],[2.23298,48.7662],[2.27615,48.75665],[2.2854,48.74751],[2.27535,48.73974],[2.27986,48.73271],[2.30245,48.7408],[2.30384,48.72949],[2.31444,48.73043],[2.31434,48.7433],[2.32688,48.75116],[2.35644,48.73816],[2.36935,48.74606],[2.37071,48.72018],[2.44013,48.72543],[2.4488,48.71483],[2.46597,48.72951],[2.5062,48.73571],[2.53108,48.69979],[2.55036,48.68854],[2.58196,48.68961],[2.58578,48.67895],[2.56847,48.66675],[2.55534,48.67595],[2.53485,48.66205],[2.54797,48.64966],[2.54141,48.63236],[2.51573,48.62894],[2.54378,48.60385],[2.51821,48.58433],[2.53063,48.57092],[2.51918,48.57013],[2.49932,48.54538],[2.51082,48.54312],[2.49761,48.51723],[2.51536,48.50615],[2.50189,48.48477],[2.50718,48.46969],[2.49794,48.45727],[2.50732,48.45095],[2.5002,48.44053],[2.54692,48.40165],[2.4835,48.39734],[2.47383,48.39039],[2.48481,48.38345],[2.42983,48.36202],[2.44399,48.35732],[2.42981,48.34803],[2.43383,48.33454],[2.39318,48.33627],[2.40266,48.32072],[2.38634,48.31177],[2.35823,48.30849],[2.32755,48.33297],[2.31259,48.3308],[2.29569,48.30808],[2.2669,48.31468],[2.24516,48.2984],[2.2493,48.31629],[2.23805,48.31637],[2.24617,48.33126],[2.22757,48.32963],[2.20709,48.34494],[2.1879,48.33237],[2.18069,48.31168],[2.1523,48.31591],[2.16375,48.29843],[2.1106,48.29695],[2.11372,48.30725],[2.10617,48.30763],[2.08534,48.29401],[2.05271,48.29547],[2.04126,48.28438],[1.97272,48.28822],[1.98237,48.29545],[1.9652,48.29516],[1.9588,48.30664],[1.98065,48.31877],[1.9687,48.34131],[1.97331,48.35581],[1.98903,48.36358],[1.97801,48.36886],[1.98031,48.37826],[1.96672,48.38042],[1.97824,48.402],[1.92837,48.40605],[1.94289,48.44109],[1.93296,48.44204],[1.91455,48.46944],[1.93258,48.4803],[1.94579,48.51784],[1.96306,48.52843],[1.97851,48.52582],[1.97779,48.53297],[1.93437,48.54733],[1.93626,48.5608],[2.01757,48.5576],[2.01587,48.56887],[2.03574,48.58886],[2.03429,48.6053],[2.06086,48.61566],[2.03453,48.63183],[2.03814,48.64083],[2.01628,48.64104],[2.01135,48.65991],[2.02819,48.65726],[2.03388,48.67939],[2.04566,48.68757],[2.08208,48.68545],[2.08875,48.69814],[2.09785,48.69403],[2.11247,48.72289],[2.10255,48.73761],[2.13498,48.73714],[2.15122,48.75452],[2.1906,48.75511],[2.19107,48.77512],[2.20993,48.76919],[2.22898,48.77035],[2.22656,48.7761]]]}},{"type":"Feature","properties":{"code":"92","nom":"Hauts-de-Seine"},"geometry":{"type":"Polygon","coordinates":[[[2.29097,48.95097],[2.33556,48.94068],[2.33243,48.92634],[2.31376,48.91401],[2.31988,48.90046],[2.27995,48.87857],[2.24569,48.87643],[2.22422,48.85352],[2.25248,48.84548],[2.26754,48.82779],[2.27906,48.83249],[2.33247,48.81825],[2.31786,48.80841],[2.32596,48.80666],[2.3187,48.788],[2.32662,48.77873],[2.3087,48.75542],[2.32072,48.74876],[2.30792,48.72935],[2.30245,48.7408],[2.27986,48.73271],[2.27535,48.73974],[2.2854,48.74751],[2.269,48.76202],[2.23298,48.7662],[2.22332,48.78595],[2.20264,48.7984],[2.18294,48.79723],[2.17482,48.81511],[2.15158,48.81702],[2.14587,48.83602],[2.15095,48.84799],[2.15987,48.84754],[2.15032,48.85801],[2.15714,48.86963],[2.14848,48.86847],[2.16838,48.89508],[2.29097,48.95097]]]}},{"type":"Feature","properties":{"code":"93","nom":"Seine-Saint-Denis"},"geometry":{"type":"Polygon","coordinates":[[[2.53224,49.00522],[2.56878,49.01113],[2.56466,49.00565],[2.58144,48.98593],[2.56248,48.97886],[2.60319,48.93754],[2.58877,48.92094],[2.58703,48.89395],[2.55941,48.88647],[2.57137,48.8797],[2.56763,48.86588],[2.58793,48.86361],[2.57384,48.85338],[2.5946,48.82129],[2.59228,48.80744],[2.49612,48.86076],[2.41634,48.84924],[2.41239,48.876],[2.39033,48.90101],[2.31988,48.90046],[2.31376,48.91401],[2.33243,48.92634],[2.33556,48.94068],[2.28825,48.95835],[2.29896,48.9663],[2.33297,48.95552],[2.36616,48.97413],[2.40738,48.95612],[2.45949,48.95505],[2.51477,48.98226],[2.53224,49.00522]]]}},{"type":"Feature","properties":{"code":"94","nom":"Val-de-Marne"},"geometry":{"type":"Polygon","coordinates":[[[2.3319,48.81701],[2.36293,48.81608],[2.40247,48.82954],[2.459,48.81724],[2.46522,48.84111],[2.42184,48.84444],[2.4135,48.83372],[2.41634,48.84924],[2.49612,48.86076],[2.59648,48.80613],[2.59211,48.7996],[2.59977,48.79498],[2.5868,48.77355],[2.607,48.7744],[2.61557,48.76237],[2.59754,48.76057],[2.60234,48.75373],[2.58541,48.74171],[2.59468,48.73181],[2.56814,48.70897],[2.58186,48.69744],[2.55387,48.68832],[2.53108,48.69979],[2.5062,48.73571],[2.46597,48.72951],[2.4488,48.71483],[2.44013,48.72543],[2.37071,48.72018],[2.36935,48.74606],[2.35644,48.73816],[2.3087,48.75542],[2.32662,48.77873],[2.3187,48.788],[2.32596,48.80666],[2.31786,48.80841],[2.3319,48.81701]]]}},{"type":"Feature","properties":{"code":"95","nom":"Val-d'Oise"},"geometry":{"type":"Polygon","coordinates":[[[2.59052,49.07965],[2.57096,49.06056],[2.59447,49.04714],[2.57703,49.0461],[2.56607,49.02859],[2.53501,49.02381],[2.53893,49.01276],[2.55328,49.01184],[2.54928,49.00306],[2.53224,49.00522],[2.51477,48.98226],[2.45949,48.95505],[2.40738,48.95612],[2.36616,48.97413],[2.33297,48.95552],[2.29896,48.9663],[2.28825,48.95835],[2.29228,48.95139],[2.26084,48.94344],[2.20059,48.90868],[2.20586,48.94974],[2.17314,48.9533],[2.17925,48.9658],[2.16559,48.98201],[2.12071,48.9933],[2.12712,49.00968],[2.12126,49.01833],[2.11024,49.00873],[2.08491,49.01468],[2.07546,49.00226],[2.06443,49.00821],[2.02361,48.9979],[1.99188,49.02101],[1.9378,49.02178],[1.90852,49.04802],[1.88321,49.03375],[1.8819,49.01954],[1.86178,49.01425],[1.86527,49.02163],[1.85133,49.03336],[1.86547,49.05747],[1.82859,49.07624],[1.79655,49.07223],[1.7943,49.05819],[1.7601,49.06342],[1.75118,49.04823],[1.72346,49.04498],[1.69464,49.05606],[1.69662,49.0665],[1.67265,49.0786],[1.64292,49.08125],[1.61416,49.07145],[1.6088,49.07789],[1.62332,49.08608],[1.61754,49.09399],[1.62956,49.10995],[1.65768,49.13188],[1.65306,49.14463],[1.6702,49.16946],[1.67491,49.21148],[1.7094,49.24131],[1.74045,49.22344],[1.71555,49.20266],[1.75551,49.17459],[1.80258,49.18493],[1.81169,49.17361],[1.8343,49.17564],[1.83647,49.16454],[1.87677,49.17531],[1.88257,49.16249],[1.92451,49.17352],[1.94982,49.17035],[1.97344,49.1839],[2.00184,49.17594],[2.08089,49.21045],[2.09117,49.20854],[2.08946,49.19366],[2.09771,49.18917],[2.1281,49.19341],[2.13695,49.17905],[2.14705,49.1881],[2.16457,49.17967],[2.15775,49.1726],[2.16879,49.16395],[2.18225,49.17038],[2.1761,49.17603],[2.21865,49.18068],[2.23541,49.16703],[2.21656,49.15469],[2.22958,49.15129],[2.28641,49.15992],[2.31093,49.18641],[2.3593,49.14735],[2.37637,49.15904],[2.39129,49.14935],[2.4409,49.1458],[2.4354,49.13394],[2.45823,49.14114],[2.47158,49.13543],[2.50326,49.11758],[2.48993,49.10636],[2.53106,49.0996],[2.53299,49.11938],[2.55702,49.12382],[2.55817,49.09839],[2.59052,49.07965]]]}},{"type":"Feature","properties":{"code":"974","nom":"La Réunion"},"geometry":{"type":"MultiPolygon","coordinates":[[[[55.56819,-21.37591],[55.56843,-21.37745],[55.56725,-21.37728],[55.56819,-21.37591]]],[[[55.27101,-21.13172],[55.2209,-21.07737],[55.22603,-21.05346],[55.2167,-21.03785],[55.23527,-21.01786],[55.25655,-21.01623],[55.27653,-21.00109],[55.28719,-20.92377],[55.32478,-20.93543],[55.32172,-20.92636],[55.34451,-20.92222],[55.39505,-20.88184],[55.45117,-20.87174],[55.46962,-20.88425],[55.59245,-20.89596],[55.64773,-20.91561],[55.69683,-20.96581],[55.70282,-21.01805],[55.73235,-21.0499],[55.73874,-21.07151],[55.78003,-21.12198],[55.82589,-21.14362],[55.83498,-21.16044],[55.83663,-21.18341],[55.82584,-21.1861],[55.80159,-21.25972],[55.80729,-21.33676],[55.77525,-21.36552],[55.68155,-21.37474],[55.64681,-21.38936],[55.6334,-21.3825],[55.60934,-21.38713],[55.58667,-21.3717],[55.5511,-21.37447],[55.50101,-21.35059],[55.4841,-21.35238],[55.44895,-21.32838],[55.4196,-21.32155],[55.39069,-21.29216],[55.33535,-21.27776],[55.33056,-21.25868],[55.29297,-21.22979],[55.28055,-21.20247],[55.2869,-21.16087],[55.27257,-21.15042],[55.27101,-21.13172]]]]}}]}