{"type":"FeatureCollection","features":[{"type":"Feature","properties":{"code":"11","nom":"Île-de-France"},"geometry":{"type":"Polygon","coordinates":[[[2.59052,49.07965],[2.63327,49.10838],[2.67739,49.08829],[2.69781,49.0644],[2.72436,49.08046],[2.73501,49.06045],[2.77793,49.07023],[2.78708,49.0755],[2.76834,49.08326],[2.80925,49.09754],[2.85465,49.07018],[2.90151,49.08537],[2.94059,49.07713],[2.96873,49.09146],[2.98689,49.07107],[3.00852,49.09151],[3.06501,49.08515],[3.05602,49.10048],[3.06969,49.11752],[3.13817,49.10713],[3.16523,49.09965],[3.15358,49.08328],[3.19075,49.05104],[3.16103,49.02423],[3.1674,49.0124],[3.19754,49.00849],[3.24935,48.97436],[3.26487,48.93915],[3.30475,48.94876],[3.3303,48.90871],[3.36831,48.92766],[3.38143,48.87157],[3.40586,48.87588],[3.40421,48.86398],[3.44563,48.86035],[3.44536,48.84323],[3.46071,48.83944],[3.48519,48.85191],[3.4872,48.81519],[3.40417,48.80927],[3.44212,48.80358],[3.44395,48.79139],[3.42945,48.77943],[3.40892,48.7839],[3.39583,48.75925],[3.42852,48.75839],[3.44407,48.73663],[3.46973,48.73787],[3.4643,48.70738],[3.47778,48.69792],[3.44061,48.66365],[3.46043,48.65301],[3.45109,48.63465],[3.53324,48.64651],[3.51907,48.63347],[3.55851,48.61696],[3.50321,48.60456],[3.51586,48.58978],[3.49318,48.59025],[3.46552,48.57049],[3.48175,48.54145],[3.4054,48.52801],[3.4351,48.49602],[3.38336,48.47944],[3.40648,48.45245],[3.39167,48.42325],[3.4221,48.41619],[3.41479,48.39027],[3.37791,48.39911],[3.36516,48.37228],[3.28282,48.38157],[3.25438,48.36502],[3.20034,48.36368],[3.17181,48.37768],[3.11721,48.36662],[3.10342,48.34951],[3.04952,48.36012],[3.03714,48.34257],[3.04358,48.33044],[3.01478,48.30622],[3.02744,48.30286],[3.02496,48.27601],[3.04547,48.27073],[3.04757,48.2497],[3.03146,48.24888],[3.00462,48.20677],[2.97305,48.20555],[2.97131,48.19477],[2.93695,48.18303],[2.93631,48.16339],[2.86803,48.15643],[2.82088,48.12966],[2.80122,48.13145],[2.79791,48.15116],[2.81142,48.16376],[2.79526,48.16908],[2.73641,48.16631],[2.7552,48.14565],[2.70532,48.12303],[2.66475,48.12054],[2.63967,48.13895],[2.57482,48.13127],[2.55827,48.14161],[2.52187,48.12512],[2.44431,48.12423],[2.48324,48.16452],[2.50633,48.15644],[2.51653,48.16624],[2.50728,48.17968],[2.52313,48.19489],[2.51833,48.22759],[2.46909,48.25527],[2.42352,48.26037],[2.42332,48.29476],[2.40266,48.32072],[2.35823,48.30849],[2.31718,48.33157],[2.29569,48.30808],[2.2669,48.31468],[2.24516,48.2984],[2.24617,48.33126],[2.20709,48.34494],[2.18069,48.31168],[2.1523,48.31591],[2.16375,48.29843],[2.1106,48.29695],[2.10617,48.30763],[2.04126,48.28438],[1.9652,48.29516],[1.95923,48.30869],[1.97909,48.31266],[1.98234,48.32832],[1.9687,48.34131],[1.97331,48.35581],[1.98903,48.36358],[1.96672,48.38042],[1.97824,48.402],[1.92837,48.40605],[1.94289,48.44109],[1.92945,48.45696],[1.90426,48.43861],[1.87169,48.43978],[1.84492,48.4461],[1.83659,48.46709],[1.80145,48.46604],[1.77684,48.50931],[1.78725,48.55374],[1.7574,48.57496],[1.70925,48.57802],[1.70199,48.585],[1.71466,48.61468],[1.66622,48.61371],[1.6432,48.65129],[1.60312,48.66242],[1.61177,48.68947],[1.57685,48.70258],[1.62654,48.74805],[1.58146,48.76552],[1.57725,48.8052],[1.5912,48.81487],[1.57898,48.82944],[1.59785,48.83906],[1.57727,48.84436],[1.58404,48.86051],[1.54623,48.87243],[1.56374,48.89063],[1.53917,48.90489],[1.5384,48.92251],[1.50734,48.9276],[1.511,48.95357],[1.4919,48.96441],[1.51839,48.97835],[1.47089,48.97482],[1.46093,48.98644],[1.48003,49.00753],[1.44645,49.04635],[1.46173,49.06414],[1.48029,49.05201],[1.5033,49.0591],[1.50792,49.08539],[1.52135,49.06835],[1.62332,49.08608],[1.61858,49.09698],[1.65768,49.13188],[1.67491,49.21148],[1.7094,49.24131],[1.74045,49.22344],[1.71555,49.20266],[1.75551,49.17459],[1.80258,49.18493],[1.81169,49.17361],[1.8343,49.17564],[1.83647,49.16454],[1.87677,49.17531],[1.88257,49.16249],[1.97344,49.1839],[2.00184,49.17594],[2.08089,49.21045],[2.09771,49.18917],[2.1281,49.19341],[2.13695,49.17905],[2.14705,49.1881],[2.16457,49.17967],[2.15775,49.1726],[2.16879,49.16395],[2.18225,49.17038],[2.1761,49.17603],[2.21865,49.18068],[2.23541,49.16703],[2.21656,49.15469],[2.22958,49.15129],[2.28641,49.15992],[2.31093,49.18641],[2.3593,49.14735],[2.37637,49.15904],[2.4409,49.1458],[2.4354,49.13394],[2.47158,49.13543],[2.50326,49.11758],[2.48993,49.10636],[2.53106,49.0996],[2.53299,49.11938],[2.55702,49.12382],[2.55817,49.09839],[2.59052,49.07965]]]}},{"type":"Feature","properties":{"code":"24","nom":"Centre-Val de Loire"},"geometry":{"type":"Polygon","coordinates":[[[2.84519,47.54493],[2.93195,47.43946],[2.87162,47.34576],[2.87655,47.32193],[2.98309,47.26081],[2.97888,47.22957],[3.02809,47.12907],[3.03138,47.09248],[3.01934,47.06817],[3.07516,47.02932],[3.06258,46.9792],[3.07933,46.95512],[3.04999,46.90771],[3.06809,46.87768],[3.05887,46.82628],[3.02765,46.79336],[2.9628,46.80399],[2.95323,46.79113],[2.91327,46.79103],[2.84542,46.74286],[2.84677,46.72706],[2.79509,46.73434],[2.75852,46.71775],[2.73453,46.74622],[2.7145,46.74449],[2.70228,46.71817],[2.68556,46.72262],[2.67438,46.70193],[2.62337,46.68964],[2.62864,46.65954],[2.60715,46.6605],[2.60543,46.67121],[2.56713,46.65374],[2.5931,46.64658],[2.58832,46.61596],[2.56838,46.60938],[2.58156,46.59316],[2.59418,46.59719],[2.60011,46.59524],[2.61496,46.55328],[2.53665,46.5197],[2.52053,46.53089],[2.49718,46.52152],[2.49695,46.53367],[2.35985,46.51588],[2.32377,46.49011],[2.32299,46.46968],[2.30079,46.47237],[2.28335,46.44928],[2.28105,46.42041],[2.19757,46.4283],[2.1155,46.42195],[2.08894,46.4089],[1.97875,46.44152],[1.92424,46.43195],[1.90918,46.4435],[1.83978,46.42572],[1.78652,46.45525],[1.74759,46.45002],[1.76027,46.42714],[1.72704,46.39021],[1.6836,46.41818],[1.6424,46.38514],[1.62675,46.38851],[1.61425,46.39953],[1.62266,46.41826],[1.60925,46.42312],[1.5462,46.39346],[1.54409,46.4191],[1.52191,46.4264],[1.49793,46.395],[1.47766,46.39391],[1.41675,46.34719],[1.35602,46.40012],[1.31391,46.39538],[1.32281,46.38548],[1.30306,46.37099],[1.2604,46.37878],[1.21964,46.36598],[1.20973,46.38976],[1.18219,46.37608],[1.17728,46.38395],[1.21269,46.43222],[1.18649,46.42813],[1.18602,46.44109],[1.15182,46.4487],[1.13551,46.47089],[1.15736,46.46945],[1.13341,46.49763],[1.14594,46.5064],[1.09133,46.53767],[1.02291,46.53591],[1.01476,46.56776],[0.96367,46.57107],[0.91055,46.60179],[0.8939,46.62861],[0.91775,46.65059],[0.90266,46.68001],[0.92789,46.69265],[0.91323,46.72571],[0.81502,46.78851],[0.80932,46.82786],[0.7868,46.84046],[0.79384,46.85122],[0.76747,46.85145],[0.77002,46.86511],[0.75405,46.85963],[0.70432,46.90329],[0.69257,46.97431],[0.63341,46.98672],[0.61887,47.00746],[0.56774,47.00629],[0.57404,46.98285],[0.60118,46.97309],[0.60011,46.95742],[0.50519,46.9599],[0.43871,46.92958],[0.36652,46.94956],[0.32383,46.93145],[0.3013,46.95575],[0.30553,46.98616],[0.29187,46.98924],[0.31297,46.99803],[0.29867,47.0196],[0.31029,47.02574],[0.30538,47.0527],[0.26817,47.04282],[0.26762,47.0675],[0.24554,47.07129],[0.208,47.05323],[0.19224,47.0654],[0.17577,47.06064],[0.20095,47.09139],[0.18316,47.11438],[0.16256,47.10071],[0.13472,47.10787],[0.14039,47.12387],[0.12292,47.12866],[0.08135,47.11854],[0.07839,47.14633],[0.0656,47.14306],[0.05358,47.16056],[0.06659,47.18979],[0.05297,47.19677],[0.07932,47.21677],[0.06793,47.24733],[0.09,47.28164],[0.0786,47.28394],[0.11746,47.33234],[0.1473,47.34538],[0.14041,47.3618],[0.18339,47.38123],[0.15386,47.39873],[0.18085,47.41615],[0.18094,47.45341],[0.22011,47.50195],[0.22606,47.52659],[0.19334,47.53911],[0.21512,47.57299],[0.23434,47.57793],[0.2321,47.61082],[0.3221,47.59523],[0.37848,47.56853],[0.40238,47.57842],[0.36426,47.62051],[0.38279,47.64309],[0.42391,47.61783],[0.44993,47.61933],[0.46401,47.64561],[0.59688,47.67285],[0.61885,47.69348],[0.59557,47.68832],[0.58114,47.71356],[0.60902,47.7253],[0.62756,47.75194],[0.70254,47.76682],[0.69122,47.78339],[0.71213,47.78715],[0.74587,47.82756],[0.77471,47.83937],[0.75916,47.85922],[0.76018,47.89886],[0.79002,47.91221],[0.81211,47.88853],[0.81406,47.93232],[0.8487,47.94258],[0.81866,47.98925],[0.83237,47.99659],[0.84188,48.03018],[0.79755,48.03724],[0.79398,48.06971],[0.84302,48.07264],[0.84817,48.0946],[0.82864,48.08986],[0.81435,48.0988],[0.84122,48.10306],[0.85037,48.13308],[0.91665,48.13894],[0.88775,48.16152],[0.83951,48.16567],[0.79562,48.18804],[0.80562,48.20535],[0.83048,48.21071],[0.78588,48.27114],[0.80707,48.28973],[0.75567,48.29982],[0.78543,48.34043],[0.85901,48.34978],[0.91633,48.37451],[0.95,48.39941],[0.9445,48.41729],[0.97649,48.44111],[0.95591,48.44441],[0.93571,48.47555],[0.95629,48.48228],[0.94155,48.49869],[0.96774,48.52388],[0.9251,48.53564],[0.93876,48.55056],[0.92571,48.55965],[0.85064,48.58263],[0.84705,48.60952],[0.81964,48.60987],[0.82996,48.63227],[0.80935,48.66482],[0.86387,48.68762],[0.87257,48.71323],[0.89057,48.7204],[0.9212,48.70918],[0.97829,48.73096],[1.03403,48.72846],[1.06444,48.75939],[1.06968,48.74879],[1.08654,48.75724],[1.11454,48.74712],[1.1214,48.78919],[1.22305,48.75798],[1.23276,48.76336],[1.22261,48.76729],[1.24623,48.76959],[1.26049,48.75779],[1.29694,48.76823],[1.32981,48.76096],[1.37479,48.78118],[1.35635,48.81601],[1.36138,48.83364],[1.40432,48.86057],[1.46297,48.87448],[1.47128,48.89783],[1.44796,48.92464],[1.47151,48.93965],[1.50152,48.94105],[1.51419,48.92195],[1.5384,48.92251],[1.53917,48.90489],[1.56374,48.89063],[1.54623,48.87243],[1.58404,48.86051],[1.57727,48.84436],[1.59785,48.83906],[1.57898,48.82944],[1.5912,48.81487],[1.57725,48.8052],[1.58146,48.76552],[1.62654,48.74805],[1.57685,48.70258],[1.61177,48.68947],[1.60312,48.66242],[1.6432,48.65129],[1.66622,48.61371],[1.71466,48.61468],[1.70199,48.585],[1.70925,48.57802],[1.7574,48.57496],[1.78725,48.55374],[1.77684,48.50931],[1.80145,48.46604],[1.83659,48.46709],[1.84492,48.4461],[1.87169,48.43978],[1.90426,48.43861],[1.92945,48.45696],[1.94289,48.44109],[1.92837,48.40605],[1.97824,48.402],[1.96672,48.38042],[1.98903,48.36358],[1.9687,48.34131],[1.98065,48.31877],[1.9588,48.30664],[1.98237,48.29545],[1.97272,48.28822],[2.04126,48.28438],[2.10617,48.30763],[2.1106,48.29695],[2.16375,48.29843],[2.1523,48.31591],[2.18069,48.31168],[2.20225,48.3446],[2.24617,48.33126],[2.24516,48.2984],[2.2669,48.31468],[2.29569,48.30808],[2.32755,48.33297],[2.35823,48.30849],[2.40266,48.32072],[2.42332,48.29476],[2.42352,48.26037],[2.46909,48.25527],[2.51833,48.22759],[2.52313,48.19489],[2.50728,48.17968],[2.51653,48.16624],[2.50633,48.15644],[2.48324,48.16452],[2.44431,48.12423],[2.52187,48.12512],[2.55827,48.14161],[2.57482,48.13127],[2.63967,48.13895],[2.66475,48.12054],[2.70532,48.12303],[2.7552,48.14565],[2.73641,48.16631],[2.79526,48.16908],[2.81142,48.16376],[2.79791,48.15116],[2.80122,48.13145],[2.83618,48.13414],[2.86803,48.15643],[2.95327,48.16501],[3.0294,48.1333],[3.01588,48.11571],[3.03529,48.11599],[3.05047,48.07233],[3.12426,48.03113],[3.09946,48.02075],[3.12421,48.0069],[3.12845,47.97097],[3.10527,47.94694],[3.05081,47.92417],[3.05049,47.91064],[3.00956,47.90539],[3.01244,47.87413],[2.99831,47.86728],[3.03178,47.85036],[3.0297,47.83508],[3.01254,47.83437],[3.02528,47.78767],[2.98822,47.78603],[2.93077,47.76228],[2.90938,47.76931],[2.85199,47.75786],[2.84897,47.71684],[2.86063,47.70992],[2.87886,47.72035],[2.87915,47.7038],[2.92675,47.68176],[2.91815,47.66979],[2.95423,47.64569],[2.93232,47.62705],[2.94522,47.60845],[2.93627,47.59932],[2.97654,47.56943],[2.95866,47.55738],[2.9143,47.56597],[2.84519,47.54493]]]}},{"type":"Feature","properties":{"code":"27","nom":"Bourgogne-Franche-Comté"},"geometry":{"type":"Polygon","coordinates":[[[3.62942,46.74946],[3.58865,46.76134],[3.57569,46.74952],[3.598,46.72398],[3.57731,46.71485],[3.54724,46.72143],[3.56115,46.68862],[3.54648,46.67829],[3.53206,46.68879],[3.51442,46.68358],[3.48183,46.65067],[3.45729,46.65176],[3.44208,46.662],[3.45519,46.68251],[3.43298,46.69334],[3.43369,46.71223],[3.37855,46.71238],[3.36575,46.6896],[3.34671,46.68442],[3.31397,46.68875],[3.30092,46.7163],[3.26979,46.71674],[3.19882,46.67951],[3.16574,46.69173],[3.12978,46.7272],[3.06676,46.74548],[3.03615,46.77635],[3.0326,46.80021],[3.06953,46.85307],[3.04999,46.90771],[3.07933,46.95512],[3.06258,46.9792],[3.07516,47.02932],[3.01934,47.06817],[3.03138,47.09248],[3.02809,47.12907],[2.97888,47.22957],[2.98309,47.26081],[2.87655,47.32193],[2.87162,47.34576],[2.93195,47.43946],[2.88845,47.50943],[2.84519,47.54493],[2.9143,47.56597],[2.95866,47.55738],[2.97654,47.56943],[2.93627,47.59932],[2.94522,47.60845],[2.93232,47.62705],[2.95423,47.64569],[2.91815,47.66979],[2.92675,47.68176],[2.87915,47.7038],[2.87886,47.72035],[2.86063,47.70992],[2.84897,47.71684],[2.85199,47.75786],[2.90938,47.76931],[2.93077,47.76228],[2.98822,47.78603],[3.02528,47.78767],[3.01254,47.83437],[3.0297,47.83508],[3.03178,47.85036],[2.99831,47.86728],[3.01244,47.87413],[3.00956,47.90539],[3.05049,47.91064],[3.05081,47.92417],[3.10527,47.94694],[3.12845,47.97097],[3.12421,48.0069],[3.09946,48.02075],[3.12426,48.03113],[3.05047,48.07233],[3.03529,48.11599],[3.01588,48.11571],[3.0294,48.1333],[2.93528,48.16614],[2.93695,48.18303],[2.97131,48.19477],[2.97305,48.20555],[3.00462,48.20677],[3.03146,48.24888],[3.04757,48.2497],[3.04547,48.27073],[3.02496,48.27601],[3.02744,48.30286],[3.01478,48.30622],[3.04358,48.33044],[3.03714,48.34257],[3.04952,48.36012],[3.10342,48.34951],[3.11721,48.36662],[3.17181,48.37768],[3.20034,48.36368],[3.25438,48.36502],[3.28282,48.38157],[3.35768,48.37102],[3.36722,48.39432],[3.38342,48.39939],[3.41479,48.39027],[3.42739,48.35809],[3.45083,48.37392],[3.49763,48.36958],[3.54511,48.33454],[3.5439,48.31979],[3.5634,48.32144],[3.56109,48.31194],[3.58797,48.30081],[3.5778,48.28459],[3.62376,48.25929],[3.59985,48.23591],[3.62162,48.22574],[3.57519,48.18874],[3.59317,48.17888],[3.63494,48.18792],[3.66787,48.13921],[3.72157,48.15527],[3.71352,48.17394],[3.74747,48.16625],[3.75482,48.15024],[3.73972,48.13275],[3.75691,48.12531],[3.76802,48.13376],[3.79169,48.11764],[3.80565,48.10051],[3.79808,48.0865],[3.82955,48.05772],[3.82198,48.04392],[3.87061,48.01681],[3.87068,48.00295],[3.83981,48.00389],[3.85003,47.98366],[3.87997,47.97917],[3.88166,48.00029],[3.89343,48.0017],[3.91092,47.98182],[3.89403,47.9293],[3.90216,47.92554],[3.98563,47.93051],[4.00386,47.94203],[4.04481,47.92512],[4.06094,47.9457],[4.0897,47.94501],[4.09209,47.9282],[4.10961,47.92604],[4.16633,47.9598],[4.18425,47.95542],[4.18539,47.94025],[4.20188,47.94116],[4.21307,47.9619],[4.19281,47.9646],[4.20242,47.973],[4.22596,47.97194],[4.22215,47.9497],[4.24546,47.92975],[4.29342,47.92568],[4.3128,47.9625],[4.34321,47.95586],[4.4179,47.96846],[4.44696,47.9562],[4.55424,47.96748],[4.55706,47.98187],[4.53577,48.00657],[4.58507,48.0301],[4.67323,48.01505],[4.70037,48.02374],[4.74214,48.00462],[4.78908,48.00783],[4.81024,47.98858],[4.79497,47.98446],[4.78651,47.9642],[4.84518,47.96125],[4.8661,47.94051],[4.83122,47.91787],[4.83404,47.90679],[4.86043,47.89631],[4.86934,47.91745],[4.90291,47.92104],[4.92746,47.87155],[4.95409,47.86677],[4.96043,47.8394],[4.99413,47.81975],[4.98226,47.80009],[4.91796,47.77709],[4.92268,47.75895],[4.95899,47.76187],[4.96615,47.74056],[4.9568,47.73245],[4.97166,47.72941],[4.95414,47.70146],[4.96909,47.68583],[5.02915,47.70992],[5.02877,47.69328],[5.06065,47.69479],[5.04359,47.67652],[5.0535,47.66827],[5.12537,47.64677],[5.16186,47.6805],[5.17834,47.68095],[5.1736,47.65257],[5.21141,47.64189],[5.23694,47.61678],[5.2586,47.62221],[5.23802,47.59654],[5.25312,47.57685],[5.32234,47.61236],[5.35557,47.59147],[5.40575,47.64687],[5.40634,47.6734],[5.42018,47.67767],[5.4475,47.67083],[5.48277,47.68463],[5.52978,47.67283],[5.56739,47.70712],[5.58509,47.70015],[5.59668,47.67169],[5.69106,47.68463],[5.68342,47.71671],[5.70958,47.7453],[5.70753,47.76755],[5.67661,47.77916],[5.69224,47.82133],[5.74076,47.8192],[5.75108,47.82903],[5.7442,47.84885],[5.76119,47.85933],[5.79888,47.8557],[5.79608,47.84675],[5.82798,47.85187],[5.81785,47.85325],[5.82806,47.85803],[5.8207,47.8691],[5.83748,47.89124],[5.85132,47.90599],[5.8873,47.90364],[5.88358,47.92491],[5.91804,47.94736],[5.91738,47.96623],[5.93249,47.97729],[5.96013,47.96803],[5.92839,47.93781],[5.94939,47.93545],[5.97078,47.95721],[6.00527,47.95784],[6.04118,48.00442],[6.1314,48.02408],[6.15606,48.00694],[6.16455,47.97311],[6.14981,47.96592],[6.20806,47.94676],[6.20522,47.93205],[6.23799,47.93284],[6.28908,47.95584],[6.32327,47.94883],[6.38893,47.96079],[6.40842,47.94319],[6.43473,47.94285],[6.47826,47.88544],[6.54401,47.90309],[6.56342,47.93139],[6.60737,47.94379],[6.64642,47.90323],[6.78261,47.85128],[6.79268,47.82946],[6.82354,47.81305],[6.84308,47.82505],[6.86699,47.78331],[7.01596,47.74323],[7.03742,47.72164],[7.02649,47.701],[7.04803,47.6841],[7.03919,47.65057],[7.0176,47.64986],[7.01693,47.62719],[7.00593,47.62892],[7.00594,47.60236],[7.01956,47.58854],[7.03978,47.60115],[7.08107,47.59612],[7.10687,47.55054],[7.14346,47.52461],[7.13432,47.50503],[7.11106,47.4949],[7.07438,47.48834],[7.02102,47.50439],[6.98251,47.4935],[7.0019,47.45394],[6.94054,47.43337],[6.93838,47.40602],[6.91446,47.40413],[6.91296,47.38735],[6.8854,47.3746],[6.87927,47.35245],[7.01556,47.37279],[7.04825,47.36218],[7.06221,47.34416],[7.05675,47.33457],[7.00973,47.32436],[7.01614,47.3136],[6.99706,47.29585],[6.94088,47.28667],[6.95541,47.24329],[6.84117,47.17126],[6.85819,47.16543],[6.85017,47.15662],[6.74049,47.10947],[6.74109,47.09106],[6.70279,47.08158],[6.69167,47.06651],[6.71861,47.05084],[6.65872,47.02657],[6.61733,46.99164],[6.50522,46.96585],[6.49669,46.97418],[6.43267,46.9286],[6.46458,46.89021],[6.46006,46.85168],[6.431,46.81241],[6.45857,46.7885],[6.45222,46.77413],[6.39507,46.74825],[6.37172,46.72412],[6.28197,46.69063],[6.11162,46.5776],[6.15645,46.54547],[6.07268,46.4657],[6.08584,46.441],[6.03615,46.3916],[5.98354,46.36304],[5.94136,46.30873],[5.92177,46.31223],[5.9092,46.28394],[5.89463,46.28661],[5.86919,46.26497],[5.72518,46.26073],[5.71472,46.30877],[5.64443,46.3248],[5.64314,46.34478],[5.61324,46.3272],[5.59354,46.29436],[5.56516,46.29345],[5.5391,46.2688],[5.47385,46.26428],[5.45684,46.27448],[5.4753,46.31539],[5.46692,46.32327],[5.43783,46.3157],[5.42366,46.34768],[5.40465,46.31034],[5.40142,46.33955],[5.36282,46.3699],[5.37788,46.38223],[5.2988,46.41268],[5.32447,46.42849],[5.3149,46.44513],[5.25765,46.44985],[5.21506,46.46836],[5.20186,46.50826],[5.16728,46.51907],[5.16625,46.50312],[5.13507,46.50898],[5.11455,46.49265],[5.09725,46.49996],[5.05643,46.48393],[4.98355,46.51539],[4.95006,46.50081],[4.9442,46.51063],[4.95454,46.51269],[4.94125,46.51965],[4.91556,46.48894],[4.91354,46.46074],[4.89354,46.44404],[4.88821,46.40298],[4.85146,46.35627],[4.85342,46.3299],[4.81099,46.25992],[4.78021,46.17668],[4.72726,46.17912],[4.72068,46.20072],[4.73568,46.2117],[4.71953,46.22788],[4.73666,46.23247],[4.68174,46.25549],[4.68158,46.26675],[4.71039,46.27857],[4.6792,46.30626],[4.66404,46.29501],[4.63682,46.30066],[4.61643,46.28216],[4.61856,46.26479],[4.58377,46.26949],[4.56025,46.29524],[4.54645,46.27392],[4.504,46.26713],[4.48846,46.28799],[4.45863,46.29693],[4.40581,46.29606],[4.38545,46.24684],[4.38938,46.21329],[4.36283,46.20004],[4.37394,46.18684],[4.32709,46.18479],[4.31531,46.17064],[4.29231,46.17248],[4.28123,46.15594],[4.24991,46.15818],[4.26352,46.17536],[4.25491,46.18801],[4.22469,46.178],[4.20791,46.19484],[4.18524,46.1894],[4.18701,46.17457],[4.13339,46.17732],[4.10383,46.19844],[4.0305,46.16977],[3.99012,46.16911],[3.97255,46.20271],[3.89013,46.21449],[3.90969,46.24778],[3.89124,46.28525],[3.94543,46.30046],[3.94578,46.32124],[3.98981,46.31508],[4.00457,46.32748],[3.98474,46.32973],[3.99161,46.36963],[3.97722,46.39922],[3.9961,46.42738],[3.98945,46.43782],[4.00554,46.44246],[4.00081,46.46245],[3.97683,46.47895],[3.95233,46.47849],[3.95572,46.49168],[3.91016,46.49538],[3.89521,46.48069],[3.86491,46.48974],[3.8638,46.51274],[3.84187,46.51421],[3.83916,46.53129],[3.80513,46.51932],[3.77253,46.5385],[3.74185,46.53951],[3.73154,46.54958],[3.7431,46.5655],[3.73732,46.60157],[3.71412,46.60841],[3.72399,46.62633],[3.63764,46.70748],[3.6226,46.74013],[3.62942,46.74946]]]}},{"type":"Feature","properties":{"code":"28","nom":"Normandie"},"geometry":{"type":"MultiPolygon","coordinates":[[[[-1.11962,49.35557],[-1.07267,49.38997],[-0.94723,49.39581],[-0.85117,49.36254],[-0.75529,49.34891],[-0.39661,49.333],[-0.22569,49.28182],[-0.08717,49.29791],[0.01061,49.33061],[0.12975,49.40299],[0.22358,49.42812],[0.34059,49.43432],[0.33932,49.44987],[0.27314,49.45341],[0.27204,49.44245],[0.12125,49.46319],[0.06655,49.51007],[0.15201,49.64324],[0.16423,49.68646],[0.20599,49.71419],[0.33666,49.74677],[0.58353,49.85262],[0.78218,49.87419],[0.9593,49.91951],[1.02324,49.91623],[1.10726,49.93712],[1.20182,49.9713],[1.36958,50.06484],[1.40926,50.05707],[1.4236,50.07085],[1.44906,50.06889],[1.45915,50.0625],[1.45479,50.03778],[1.51635,50.01208],[1.60337,49.94308],[1.67817,49.91827],[1.71284,49.88586],[1.73577,49.81031],[1.78464,49.76357],[1.75029,49.76373],[1.73915,49.74905],[1.74546,49.73856],[1.71277,49.73389],[1.71547,49.7086],[1.68958,49.69479],[1.71219,49.68121],[1.74354,49.70213],[1.75238,49.68258],[1.72313,49.67254],[1.69868,49.6439],[1.72161,49.62199],[1.69373,49.60107],[1.72162,49.58881],[1.69067,49.58],[1.71401,49.57757],[1.72983,49.56129],[1.72348,49.5439],[1.7483,49.53845],[1.74134,49.51899],[1.71639,49.50393],[1.74523,49.48885],[1.75945,49.5114],[1.79022,49.50347],[1.78863,49.49014],[1.77225,49.48493],[1.77586,49.47133],[1.72484,49.44139],[1.71391,49.40657],[1.74038,49.40568],[1.72047,49.39398],[1.76096,49.36621],[1.77424,49.33715],[1.77249,49.29109],[1.79754,49.28845],[1.79323,49.27433],[1.80266,49.27343],[1.79055,49.24657],[1.7669,49.25204],[1.75869,49.27236],[1.70917,49.26446],[1.70407,49.22932],[1.67223,49.2062],[1.65768,49.13188],[1.61328,49.08008],[1.52135,49.06835],[1.51593,49.08086],[1.50792,49.08539],[1.5033,49.0591],[1.48029,49.05201],[1.46173,49.06414],[1.44728,49.05351],[1.48003,49.00753],[1.46093,48.98644],[1.47089,48.97482],[1.51839,48.97835],[1.4919,48.96441],[1.511,48.95357],[1.49869,48.93882],[1.46131,48.93756],[1.44796,48.92464],[1.47128,48.89783],[1.46062,48.8723],[1.40432,48.86057],[1.36138,48.83364],[1.35635,48.81601],[1.37479,48.78118],[1.32753,48.7604],[1.29694,48.76823],[1.26049,48.75779],[1.24623,48.76959],[1.22261,48.76729],[1.23276,48.76336],[1.22305,48.75798],[1.1214,48.78919],[1.11454,48.74712],[1.08654,48.75724],[1.06968,48.74879],[1.06444,48.75939],[1.03403,48.72846],[0.97829,48.73096],[0.9212,48.70918],[0.89057,48.7204],[0.87257,48.71323],[0.86387,48.68762],[0.81225,48.66801],[0.82996,48.63227],[0.81964,48.60987],[0.84705,48.60952],[0.85064,48.58263],[0.92571,48.55965],[0.93876,48.55056],[0.9251,48.53564],[0.96774,48.52388],[0.94155,48.49869],[0.95629,48.48228],[0.93571,48.47555],[0.95591,48.44441],[0.97642,48.43877],[0.9445,48.41729],[0.95,48.39941],[0.90903,48.37026],[0.82854,48.34246],[0.79061,48.34271],[0.76887,48.32194],[0.75567,48.29982],[0.80707,48.28973],[0.78588,48.27114],[0.83048,48.21071],[0.7607,48.18021],[0.72364,48.19814],[0.68295,48.25488],[0.63977,48.26103],[0.6311,48.25258],[0.63848,48.23561],[0.63191,48.23462],[0.62361,48.24531],[0.53605,48.24967],[0.5329,48.26428],[0.49459,48.28196],[0.5074,48.29494],[0.48995,48.30936],[0.4805,48.29859],[0.39554,48.32047],[0.3826,48.33383],[0.38814,48.3497],[0.37386,48.38697],[0.38244,48.4249],[0.35675,48.45774],[0.30072,48.48049],[0.26475,48.4847],[0.17316,48.46522],[0.17114,48.44943],[0.14557,48.45731],[0.15779,48.44081],[0.11718,48.43603],[0.10014,48.41013],[0.07055,48.40909],[0.05414,48.39195],[0.06078,48.37962],[0.01531,48.38167],[-0.00243,48.39736],[-0.05069,48.37521],[-0.05135,48.45293],[-0.14688,48.45644],[-0.15601,48.49584],[-0.1725,48.51054],[-0.1446,48.52775],[-0.20808,48.56414],[-0.24264,48.56799],[-0.26265,48.54864],[-0.24131,48.53667],[-0.27453,48.51781],[-0.27155,48.50745],[-0.32024,48.52292],[-0.35582,48.49567],[-0.35315,48.48377],[-0.39514,48.5103],[-0.5097,48.50901],[-0.55172,48.47312],[-0.59533,48.47263],[-0.65107,48.44395],[-0.66624,48.48589],[-0.69177,48.46811],[-0.7311,48.47282],[-0.73586,48.46112],[-0.7151,48.44895],[-0.76016,48.43616],[-0.77979,48.44607],[-0.77787,48.46541],[-0.81274,48.45492],[-0.81476,48.47205],[-0.84636,48.49952],[-0.90915,48.4967],[-0.92331,48.51345],[-0.9554,48.51729],[-0.97225,48.4946],[-1.004,48.48917],[-1.06044,48.51494],[-1.14708,48.5175],[-1.20689,48.54219],[-1.26233,48.54027],[-1.27976,48.50861],[-1.32633,48.49874],[-1.32894,48.48632],[-1.34939,48.4817],[-1.34635,48.47167],[-1.37987,48.45608],[-1.42795,48.46192],[-1.45026,48.4876],[-1.48995,48.48937],[-1.53449,48.55031],[-1.51892,48.56659],[-1.54299,48.58044],[-1.53722,48.59875],[-1.57109,48.62645],[-1.52813,48.62948],[-1.51274,48.61312],[-1.44869,48.62348],[-1.42493,48.64358],[-1.35175,48.63122],[-1.36384,48.64671],[-1.39961,48.65553],[-1.39842,48.66409],[-1.37599,48.68507],[-1.37611,48.69039],[-1.44577,48.65477],[-1.44929,48.67],[-1.50494,48.6874],[-1.52928,48.73012],[-1.57101,48.74422],[-1.57444,48.82168],[-1.61443,48.83422],[-1.58484,48.84893],[-1.56434,48.92158],[-1.55324,48.93421],[-1.56063,48.91333],[-1.55452,48.89391],[-1.54993,48.89636],[-1.54342,48.93103],[-1.56251,48.94528],[-1.56071,49.00148],[-1.54826,48.9902],[-1.55681,49.02665],[-1.53452,49.03406],[-1.50553,49.02037],[-1.54256,49.04132],[-1.56013,49.03671],[-1.57703,49.02001],[-1.57623,49.00041],[-1.59888,49.03737],[-1.60883,49.1056],[-1.59475,49.13193],[-1.58107,49.13167],[-1.59583,49.14283],[-1.61363,49.21876],[-1.56856,49.22164],[-1.61469,49.23795],[-1.62552,49.21006],[-1.67839,49.28207],[-1.65736,49.28182],[-1.6853,49.2885],[-1.71117,49.3251],[-1.69784,49.32453],[-1.6746,49.33201],[-1.71942,49.32498],[-1.7871,49.37459],[-1.75692,49.36819],[-1.75865,49.37336],[-1.77155,49.38002],[-1.80916,49.3721],[-1.82677,49.45292],[-1.84775,49.47373],[-1.84817,49.50375],[-1.88661,49.52635],[-1.88529,49.5414],[-1.85792,49.55139],[-1.839,49.5764],[-1.85004,49.63264],[-1.87235,49.65732],[-1.94689,49.67454],[-1.93589,49.6899],[-1.94808,49.71723],[-1.92207,49.72647],[-1.88291,49.70571],[-1.85179,49.7184],[-1.82286,49.69031],[-1.68748,49.67393],[-1.67242,49.65765],[-1.63285,49.66065],[-1.61545,49.65818],[-1.63124,49.65367],[-1.61516,49.64346],[-1.5999,49.66073],[-1.58669,49.65099],[-1.54182,49.65404],[-1.48693,49.66852],[-1.47326,49.69701],[-1.37099,49.7073],[-1.2662,49.69542],[-1.2721,49.67944],[-1.23913,49.65364],[-1.22866,49.60607],[-1.25429,49.61266],[-1.27212,49.57069],[-1.26975,49.58383],[-1.29623,49.58317],[-1.30636,49.53893],[-1.17115,49.41252],[-1.16173,49.39175],[-1.17754,49.36489],[-1.11962,49.35557]]],[[[-1.24274,49.59128],[-1.24801,49.5876],[-1.24911,49.59037],[-1.24274,49.59128]]],[[[-1.84184,48.87556],[-1.84264,48.8785],[-1.841,48.87789],[-1.84184,48.87556]]],[[[-1.5109,48.63502],[-1.5132,48.63585],[-1.5111,48.63695],[-1.5109,48.63502]]],[[[-1.82236,48.87204],[-1.83262,48.86901],[-1.83869,48.87783],[-1.82236,48.87204]]],[[[-1.76603,48.87183],[-1.76782,48.8745],[-1.76609,48.87506],[-1.76603,48.87183]]]]}},{"type":"Feature","properties":{"code":"32","nom":"Hauts-de-France"},"geometry":{"type":"Polygon","coordinates":[[[4.1409,49.97876],[4.19711,49.96772],[4.19632,49.9553],[4.23316,49.95775],[4.21696,49.91439],[4.2557,49.90321],[4.25276,49.86965],[4.22359,49.83411],[4.21427,49.80611],[4.22668,49.79303],[4.20592,49.77819],[4.2496,49.75711],[4.22971,49.74661],[4.23191,49.73045],[4.19145,49.71601],[4.18519,49.69888],[4.12702,49.67792],[4.11575,49.63292],[4.04108,49.63827],[4.03791,49.62292],[4.02529,49.62253],[4.06648,49.59443],[4.05945,49.57614],[4.07657,49.57113],[4.04876,49.54527],[4.0758,49.54146],[4.07584,49.51835],[4.04071,49.50853],[4.04237,49.46869],[4.06791,49.44488],[4.03766,49.43826],[4.05027,49.41227],[4.0355,49.3599],[4.01273,49.3583],[3.99494,49.3779],[3.96131,49.37734],[3.92523,49.40758],[3.89574,49.39278],[3.88118,49.40529],[3.82238,49.40238],[3.85985,49.38615],[3.84789,49.36457],[3.85284,49.34497],[3.82406,49.35735],[3.77753,49.35582],[3.64394,49.31272],[3.63834,49.30136],[3.65899,49.28682],[3.65387,49.25423],[3.66069,49.26008],[3.67815,49.23533],[3.65283,49.21543],[3.68158,49.19747],[3.69861,49.2055],[3.69731,49.18843],[3.71123,49.17819],[3.75115,49.1777],[3.74877,49.15708],[3.70274,49.14145],[3.68726,49.15418],[3.62225,49.1511],[3.60002,49.12069],[3.63847,49.07744],[3.58771,49.05939],[3.5852,49.03887],[3.65008,49.04282],[3.67772,49.01397],[3.63989,49.00409],[3.62121,48.96603],[3.59156,48.96037],[3.60255,48.94393],[3.57444,48.93902],[3.56418,48.9113],[3.52858,48.91214],[3.50191,48.87192],[3.48183,48.86594],[3.48519,48.85191],[3.46071,48.83944],[3.44536,48.84323],[3.44563,48.86035],[3.40421,48.86398],[3.40586,48.87588],[3.38143,48.87157],[3.36831,48.92766],[3.3303,48.90871],[3.30475,48.94876],[3.26487,48.93915],[3.24935,48.97436],[3.19754,49.00849],[3.1674,49.0124],[3.16103,49.02423],[3.19075,49.05104],[3.15358,49.08328],[3.16523,49.09965],[3.13817,49.10713],[3.06969,49.11752],[3.05602,49.10048],[3.06501,49.08515],[3.00852,49.09151],[2.98689,49.07107],[2.96873,49.09146],[2.94059,49.07713],[2.90151,49.08537],[2.85465,49.07018],[2.80925,49.09754],[2.76834,49.08326],[2.78708,49.0755],[2.77793,49.07023],[2.73501,49.06045],[2.72436,49.08046],[2.69781,49.0644],[2.67739,49.08829],[2.63327,49.10838],[2.58302,49.08065],[2.55817,49.09839],[2.55329,49.1246],[2.53299,49.11938],[2.53106,49.0996],[2.48993,49.10636],[2.50326,49.11758],[2.47158,49.13543],[2.4354,49.13394],[2.4409,49.1458],[2.37637,49.15904],[2.3593,49.14735],[2.31093,49.18641],[2.28641,49.15992],[2.22958,49.15129],[2.21656,49.15469],[2.23541,49.16703],[2.21865,49.18068],[2.1761,49.17603],[2.18225,49.17038],[2.16879,49.16395],[2.15775,49.1726],[2.16457,49.17967],[2.14705,49.1881],[2.13695,49.17905],[2.1281,49.19341],[2.09771,49.18917],[2.08089,49.21045],[2.00184,49.17594],[1.97344,49.1839],[1.88257,49.16249],[1.87677,49.17531],[1.83647,49.16454],[1.8343,49.17564],[1.81169,49.17361],[1.80258,49.18493],[1.74083,49.18073],[1.71477,49.20734],[1.74045,49.22344],[1.71264,49.24119],[1.69904,49.23487],[1.70694,49.2614],[1.75869,49.27236],[1.7669,49.25204],[1.79055,49.24657],[1.80266,49.27343],[1.79323,49.27433],[1.79754,49.28845],[1.77249,49.29109],[1.77424,49.33715],[1.76096,49.36621],[1.72047,49.39398],[1.74038,49.40568],[1.71394,49.40922],[1.72484,49.44139],[1.77586,49.47133],[1.77225,49.48493],[1.78863,49.49014],[1.79022,49.50347],[1.75945,49.5114],[1.74523,49.48885],[1.71639,49.50393],[1.74134,49.51899],[1.7483,49.53845],[1.72348,49.5439],[1.72983,49.56129],[1.71401,49.57757],[1.69067,49.58],[1.72162,49.58881],[1.69373,49.60107],[1.72161,49.62199],[1.69868,49.6439],[1.72313,49.67254],[1.75218,49.68096],[1.75112,49.69439],[1.74009,49.70135],[1.70451,49.68093],[1.68958,49.69479],[1.71547,49.7086],[1.71277,49.73389],[1.74546,49.73856],[1.73915,49.74905],[1.75029,49.76373],[1.78464,49.76357],[1.73577,49.81031],[1.71284,49.88586],[1.67817,49.91827],[1.60337,49.94308],[1.51635,50.01208],[1.45479,50.03778],[1.45915,50.0625],[1.44906,50.06889],[1.4236,50.07085],[1.40926,50.05707],[1.38065,50.06437],[1.45252,50.10834],[1.48278,50.17237],[1.52713,50.20788],[1.56474,50.21722],[1.57424,50.19602],[1.5962,50.1855],[1.62741,50.19],[1.67335,50.17468],[1.6838,50.18303],[1.66267,50.2136],[1.62329,50.21412],[1.59223,50.25646],[1.55074,50.25929],[1.53843,50.27858],[1.55583,50.36132],[1.62426,50.36629],[1.62668,50.36002],[1.64154,50.35215],[1.62523,50.37183],[1.58315,50.3762],[1.55566,50.39768],[1.58298,50.5346],[1.58855,50.53935],[1.63729,50.50967],[1.65917,50.50778],[1.6265,50.52004],[1.57661,50.57223],[1.57623,50.64099],[1.56071,50.69968],[1.57325,50.71648],[1.5625,50.7244],[1.57476,50.7278],[1.57122,50.71969],[1.57436,50.71728],[1.58632,50.7313],[1.58205,50.72354],[1.60254,50.7216],[1.59129,50.73049],[1.6056,50.7676],[1.58185,50.87104],[1.6421,50.87887],[1.71226,50.92941],[1.78072,50.95487],[2.07774,51.00792],[2.12206,50.99048],[2.1081,51.00416],[2.15036,51.03433],[2.15299,51.01992],[2.16792,51.02206],[2.17966,51.00738],[2.19025,51.01804],[2.17511,51.02327],[2.19554,51.03562],[2.19125,51.04028],[2.18191,51.03992],[2.17142,51.04434],[2.19516,51.04029],[2.21401,51.03168],[2.34954,51.06059],[2.39523,51.05033],[2.54554,51.089],[2.5629,51.06461],[2.57399,51.00352],[2.6069,50.99091],[2.63269,50.94601],[2.59001,50.9191],[2.60795,50.91008],[2.61195,50.86341],[2.59906,50.84875],[2.61541,50.84827],[2.63498,50.81276],[2.66932,50.82246],[2.7239,50.81012],[2.72582,50.79245],[2.78336,50.75091],[2.78958,50.72626],[2.81949,50.7154],[2.84838,50.72292],[2.90607,50.69232],[2.92993,50.7104],[2.95048,50.75129],[2.97335,50.75031],[3.0147,50.77404],[3.08871,50.77337],[3.11092,50.79412],[3.15079,50.79012],[3.20511,50.71245],[3.24567,50.71317],[3.26117,50.70128],[3.25371,50.68893],[3.26485,50.67612],[3.24011,50.65856],[3.27947,50.59564],[3.28537,50.56166],[3.27596,50.55854],[3.28874,50.52553],[3.37622,50.49108],[3.45008,50.50723],[3.47439,50.53361],[3.51991,50.52332],[3.49632,50.49868],[3.50098,50.487],[3.60835,50.49673],[3.66233,50.45617],[3.67484,50.40186],[3.65715,50.36926],[3.67481,50.33303],[3.69403,50.32148],[3.68541,50.3196],[3.71043,50.30317],[3.71966,50.30481],[3.70912,50.31897],[3.73056,50.31012],[3.7474,50.35093],[3.84741,50.3531],[3.90005,50.32728],[4.02371,50.35889],[4.07889,50.30975],[4.11712,50.30405],[4.13538,50.25719],[4.16761,50.2597],[4.14956,50.27466],[4.16268,50.28892],[4.20796,50.273],[4.2207,50.2522],[4.15164,50.21346],[4.15567,50.16425],[4.12693,50.13501],[4.19704,50.13531],[4.19763,50.10702],[4.23112,50.07127],[4.15222,50.03902],[4.13578,50.01341],[4.16313,49.99477],[4.1409,49.97876]]]}},{"type":"Feature","properties":{"code":"44","nom":"Grand Est"},"geometry":{"type":"Polygon","coordinates":[[[4.23316,49.95775],[4.30874,49.9697],[4.44694,49.9375],[4.52326,49.95041],[4.58208,49.98357],[4.69358,49.99552],[4.68465,50.02724],[4.69967,50.05356],[4.68018,50.06645],[4.69302,50.08482],[4.75135,50.11174],[4.76216,50.1364],[4.82507,50.16912],[4.83224,50.15323],[4.87601,50.15391],[4.89708,50.13779],[4.86718,50.1187],[4.87213,50.08773],[4.85089,50.10132],[4.83765,50.09289],[4.84632,50.08492],[4.83793,50.06711],[4.81931,50.06588],[4.84132,50.04],[4.81938,50.0258],[4.81894,49.99514],[4.79011,49.97002],[4.79092,49.9584],[4.84711,49.94902],[4.88998,49.90927],[4.8512,49.86499],[4.87693,49.8194],[4.85148,49.79355],[4.90574,49.78548],[4.99536,49.80061],[5.01355,49.78009],[5.0935,49.76373],[5.12564,49.71238],[5.15822,49.71682],[5.16621,49.69292],[5.24285,49.68598],[5.27067,49.69532],[5.332,49.65478],[5.30491,49.63006],[5.31208,49.61166],[5.35151,49.63079],[5.42855,49.59587],[5.43797,49.56974],[5.45681,49.56667],[5.44135,49.55214],[5.46507,49.53887],[5.46679,49.5259],[5.4472,49.51788],[5.46519,49.4989],[5.54118,49.51526],[5.55605,49.52925],[5.61098,49.50593],[5.61712,49.52939],[5.64298,49.54997],[5.74738,49.53943],[5.77145,49.56325],[5.81572,49.54825],[5.80815,49.54257],[5.8172,49.537],[5.83696,49.54247],[5.84588,49.52995],[5.83657,49.51962],[5.86385,49.50083],[5.94311,49.50023],[5.97238,49.49112],[5.97417,49.46482],[5.98765,49.46241],[5.979,49.45292],[6.04215,49.4478],[6.05777,49.46621],[6.10081,49.45289],[6.09951,49.46752],[6.12347,49.47344],[6.12786,49.49374],[6.16217,49.49323],[6.15525,49.50381],[6.24071,49.51451],[6.33378,49.46689],[6.36886,49.45982],[6.36768,49.46942],[6.39326,49.46428],[6.42809,49.47692],[6.5419,49.43244],[6.55704,49.41909],[6.53789,49.41065],[6.54053,49.40115],[6.58707,49.38494],[6.58389,49.36863],[6.60183,49.36647],[6.58796,49.34973],[6.56376,49.35589],[6.56584,49.34735],[6.61574,49.30168],[6.67037,49.28029],[6.66153,49.25733],[6.68976,49.24969],[6.69593,49.21501],[6.72334,49.21905],[6.7315,49.20609],[6.71136,49.18854],[6.73851,49.16366],[6.78456,49.16809],[6.83454,49.15147],[6.84765,49.1573],[6.84387,49.17313],[6.86177,49.17944],[6.83778,49.21332],[6.86313,49.22197],[6.89244,49.20883],[6.92545,49.22359],[6.9597,49.20299],[6.97497,49.20976],[7.0107,49.18812],[7.03503,49.19064],[7.02765,49.17008],[7.0543,49.11263],[7.08888,49.13022],[7.08028,49.14877],[7.10093,49.15562],[7.11327,49.15169],[7.10391,49.13892],[7.12626,49.14187],[7.1588,49.12078],[7.18415,49.13151],[7.19799,49.11515],[7.2453,49.12981],[7.29374,49.1151],[7.32371,49.14269],[7.36326,49.14525],[7.36609,49.17247],[7.44478,49.18423],[7.43264,49.16588],[7.494,49.16964],[7.49578,49.15508],[7.5064,49.15492],[7.48958,49.13653],[7.52898,49.09721],[7.56319,49.08046],[7.62935,49.07368],[7.63529,49.05416],[7.67449,49.04504],[7.69611,49.05782],[7.73182,49.05561],[7.73223,49.04436],[7.75818,49.04534],[7.79459,49.06579],[7.8663,49.0334],[7.88823,49.04862],[7.9167,49.04097],[7.93376,49.05803],[7.9747,49.02697],[8.04922,49.01418],[8.08691,48.99054],[8.23334,48.96668],[8.1958,48.95621],[8.14794,48.90381],[8.09155,48.8057],[8.02913,48.78648],[8.01471,48.76118],[7.97176,48.75763],[7.96314,48.72135],[7.89089,48.6631],[7.84249,48.64395],[7.80176,48.58827],[7.80655,48.51725],[7.7682,48.48966],[7.76303,48.45141],[7.73185,48.3929],[7.74466,48.32784],[7.69338,48.30153],[7.66602,48.22088],[7.57731,48.12037],[7.56869,48.03411],[7.60878,48.00027],[7.62209,47.97227],[7.58329,47.93112],[7.58187,47.89649],[7.5567,47.87994],[7.56311,47.84379],[7.52963,47.77891],[7.54767,47.72992],[7.51185,47.69704],[7.52114,47.66373],[7.56647,47.6329],[7.59217,47.59536],[7.58489,47.57563],[7.56709,47.57761],[7.5,47.53979],[7.5014,47.52872],[7.53143,47.52829],[7.52294,47.51424],[7.4978,47.52123],[7.51089,47.50257],[7.50247,47.49077],[7.47612,47.48],[7.43185,47.49607],[7.42111,47.48045],[7.45566,47.4705],[7.40341,47.43552],[7.33071,47.44157],[7.24618,47.42022],[7.23281,47.43881],[7.17077,47.44305],[7.20105,47.49391],[7.16175,47.49005],[7.13035,47.50303],[7.14346,47.52461],[7.10687,47.55054],[7.08107,47.59612],[7.03978,47.60115],[7.01956,47.58854],[7.00594,47.60236],[7.00593,47.62892],[7.01693,47.62719],[7.0176,47.64986],[7.03919,47.65057],[7.04803,47.6841],[7.02649,47.701],[7.03742,47.72164],[7.01596,47.74323],[6.86699,47.78331],[6.84308,47.82505],[6.82354,47.81305],[6.79268,47.82946],[6.78261,47.85128],[6.64642,47.90323],[6.60737,47.94379],[6.56342,47.93139],[6.54401,47.90309],[6.47826,47.88544],[6.43473,47.94285],[6.40842,47.94319],[6.38893,47.96079],[6.32327,47.94883],[6.28908,47.95584],[6.23799,47.93284],[6.20522,47.93205],[6.20806,47.94676],[6.14981,47.96592],[6.16455,47.97311],[6.15606,48.00694],[6.1314,48.02408],[6.04118,48.00442],[6.00527,47.95784],[5.97078,47.95721],[5.94939,47.93545],[5.92839,47.93781],[5.96013,47.96803],[5.93249,47.97729],[5.91738,47.96623],[5.91804,47.94736],[5.88358,47.92491],[5.8873,47.90364],[5.85132,47.90599],[5.83748,47.89124],[5.8207,47.8691],[5.82806,47.85803],[5.81785,47.85325],[5.82798,47.85187],[5.79608,47.84675],[5.79888,47.8557],[5.76119,47.85933],[5.7442,47.84885],[5.75108,47.82903],[5.74076,47.8192],[5.69224,47.82133],[5.67661,47.77916],[5.70753,47.76755],[5.70958,47.7453],[5.68342,47.71671],[5.69106,47.68463],[5.59668,47.67169],[5.58509,47.70015],[5.56739,47.70712],[5.52978,47.67283],[5.48277,47.68463],[5.4475,47.67083],[5.42018,47.67767],[5.40634,47.6734],[5.40575,47.64687],[5.35557,47.59147],[5.32234,47.61236],[5.25312,47.57685],[5.23802,47.59654],[5.2586,47.62221],[5.23694,47.61678],[5.21141,47.64189],[5.1736,47.65257],[5.17834,47.68095],[5.16186,47.6805],[5.12537,47.64677],[5.0535,47.66827],[5.04359,47.67652],[5.06065,47.69479],[5.02877,47.69328],[5.02915,47.70992],[4.96909,47.68583],[4.95414,47.70146],[4.97166,47.72941],[4.9568,47.73245],[4.96615,47.74056],[4.95899,47.76187],[4.92268,47.75895],[4.91796,47.77709],[4.98226,47.80009],[4.99413,47.81975],[4.96043,47.8394],[4.95409,47.86677],[4.92746,47.87155],[4.90291,47.92104],[4.86934,47.91745],[4.86043,47.89631],[4.83404,47.90679],[4.83122,47.91787],[4.8661,47.94051],[4.84518,47.96125],[4.78651,47.9642],[4.79497,47.98446],[4.81024,47.98858],[4.78908,48.00783],[4.74214,48.00462],[4.70037,48.02374],[4.67323,48.01505],[4.58507,48.0301],[4.53577,48.00657],[4.55706,47.98187],[4.55424,47.96748],[4.44696,47.9562],[4.4179,47.96846],[4.34321,47.95586],[4.3128,47.9625],[4.29342,47.92568],[4.24546,47.92975],[4.22215,47.9497],[4.22596,47.97194],[4.20242,47.973],[4.19281,47.9646],[4.21307,47.9619],[4.20188,47.94116],[4.18539,47.94025],[4.18425,47.95542],[4.16633,47.9598],[4.10961,47.92604],[4.09209,47.9282],[4.0897,47.94501],[4.06094,47.9457],[4.04481,47.92512],[4.00386,47.94203],[3.98563,47.93051],[3.89536,47.9286],[3.91092,47.98182],[3.89343,48.0017],[3.88166,48.00029],[3.87997,47.97917],[3.85003,47.98366],[3.83981,48.00389],[3.87068,48.00295],[3.87061,48.01681],[3.82198,48.04392],[3.82955,48.05772],[3.79808,48.0865],[3.80565,48.10051],[3.79169,48.11764],[3.76802,48.13376],[3.75691,48.12531],[3.73972,48.13275],[3.75482,48.15024],[3.74747,48.16625],[3.71352,48.17394],[3.72157,48.15527],[3.66787,48.13921],[3.63494,48.18792],[3.57985,48.18434],[3.62162,48.22574],[3.59985,48.23591],[3.62433,48.25453],[3.6168,48.27134],[3.5778,48.28459],[3.58797,48.30081],[3.56109,48.31194],[3.5634,48.32144],[3.5439,48.31979],[3.54511,48.33454],[3.49763,48.36958],[3.45083,48.37392],[3.42739,48.35809],[3.41328,48.3763],[3.4221,48.41619],[3.39167,48.42325],[3.40648,48.45245],[3.38336,48.47944],[3.43464,48.49025],[3.4054,48.52801],[3.48175,48.54145],[3.46552,48.57049],[3.49318,48.59025],[3.51586,48.58978],[3.50321,48.60456],[3.55851,48.61696],[3.51907,48.63347],[3.53324,48.64651],[3.45109,48.63465],[3.46043,48.65301],[3.44061,48.66365],[3.47778,48.69792],[3.4643,48.70738],[3.46973,48.73787],[3.44407,48.73663],[3.42852,48.75839],[3.39911,48.755],[3.40892,48.7839],[3.42945,48.77943],[3.44395,48.79139],[3.44212,48.80358],[3.40417,48.80927],[3.4872,48.81519],[3.48183,48.86594],[3.50191,48.87192],[3.52858,48.91214],[3.57075,48.91492],[3.57444,48.93902],[3.60255,48.94393],[3.59156,48.96037],[3.62121,48.96603],[3.63989,49.00409],[3.67772,49.01397],[3.65008,49.04282],[3.5852,49.03887],[3.58771,49.05939],[3.63847,49.07744],[3.60002,49.12069],[3.62225,49.1511],[3.68726,49.15418],[3.70274,49.14145],[3.74877,49.15708],[3.75115,49.1777],[3.71123,49.17819],[3.69731,49.18843],[3.69861,49.2055],[3.68158,49.19747],[3.65283,49.21543],[3.67815,49.23533],[3.66069,49.26008],[3.65387,49.25423],[3.65899,49.28682],[3.63834,49.30136],[3.64394,49.31272],[3.77753,49.35582],[3.82406,49.35735],[3.85284,49.34497],[3.84789,49.36457],[3.85985,49.38615],[3.82238,49.40238],[3.88118,49.40529],[3.89574,49.39278],[3.92523,49.40758],[3.96131,49.37734],[3.99494,49.3779],[4.01273,49.3583],[4.0355,49.3599],[4.05027,49.41227],[4.03766,49.43826],[4.06791,49.44488],[4.04237,49.46869],[4.04071,49.50853],[4.07584,49.51835],[4.0758,49.54146],[4.04876,49.54527],[4.07657,49.57113],[4.05945,49.57614],[4.06648,49.59443],[4.02461,49.62126],[4.03791,49.62292],[4.04108,49.63827],[4.11575,49.63292],[4.12702,49.67792],[4.18519,49.69888],[4.19145,49.71601],[4.23191,49.73045],[4.22971,49.74661],[4.2496,49.75711],[4.20592,49.77819],[4.22668,49.79303],[4.21427,49.80611],[4.22359,49.83411],[4.25276,49.86965],[4.2557,49.90321],[4.21696,49.91439],[4.23316,49.95775]]]}},{"type":"Feature","properties":{"code":"52","nom":"Pays de la Loire"},"geometry":{"type":"MultiPolygon","coordinates":[[[[-2.62024,47.41107],[-2.62008,47.41356],[-2.61777,47.41153],[-2.62024,47.41107]]],[[[-2.45849,47.44812],[-2.42303,47.47711],[-2.39994,47.45598],[-2.31697,47.46129],[-2.29642,47.51599],[-2.25494,47.51151],[-2.26564,47.50178],[-2.24428,47.4936],[-2.18452,47.51226],[-2.19216,47.49664],[-2.16462,47.48915],[-2.15418,47.49636],[-2.15602,47.52203],[-2.09855,47.53396],[-2.10385,47.59087],[-2.08602,47.60403],[-2.09704,47.63136],[-2.0812,47.6502],[-2.0515,47.64957],[-2.03908,47.66954],[-2.01291,47.66602],[-1.97438,47.69394],[-1.96124,47.67092],[-1.85831,47.70827],[-1.72206,47.69842],[-1.6895,47.71338],[-1.65751,47.70944],[-1.63818,47.72232],[-1.62306,47.76357],[-1.47054,47.80336],[-1.47823,47.83588],[-1.39465,47.82936],[-1.36506,47.7991],[-1.24588,47.77672],[-1.24264,47.80783],[-1.21601,47.83115],[-1.22305,47.85241],[-1.18899,47.86704],[-1.19663,47.88927],[-1.17623,47.8974],[-1.1553,47.96554],[-1.1254,47.97169],[-1.1248,47.98684],[-1.05029,47.98447],[-1.01577,48.00356],[-1.035,48.03361],[-1.02162,48.06801],[-1.04978,48.09038],[-1.06029,48.15011],[-1.08042,48.1754],[-1.07359,48.19968],[-1.08728,48.20927],[-1.0806,48.2195],[-1.10196,48.2625],[-1.09056,48.28918],[-1.04505,48.32818],[-1.06484,48.36723],[-1.05393,48.38399],[-1.08359,48.43373],[-1.06522,48.45143],[-1.07853,48.4901],[-1.06044,48.51494],[-1.004,48.48917],[-0.97225,48.4946],[-0.9554,48.51729],[-0.92331,48.51345],[-0.90915,48.4967],[-0.84636,48.49952],[-0.81476,48.47205],[-0.81274,48.45492],[-0.77787,48.46541],[-0.77979,48.44607],[-0.76016,48.43616],[-0.7151,48.44895],[-0.73586,48.46112],[-0.7311,48.47282],[-0.69177,48.46811],[-0.66624,48.48589],[-0.65107,48.44395],[-0.59533,48.47263],[-0.55172,48.47312],[-0.5097,48.50901],[-0.39514,48.5103],[-0.35315,48.48377],[-0.35582,48.49567],[-0.32024,48.52292],[-0.27155,48.50745],[-0.27453,48.51781],[-0.24131,48.53667],[-0.26265,48.54864],[-0.24264,48.56799],[-0.20808,48.56414],[-0.1446,48.52775],[-0.1725,48.51054],[-0.15601,48.49584],[-0.14688,48.45644],[-0.05135,48.45293],[-0.05796,48.38747],[-0.05069,48.37521],[-0.00243,48.39736],[0.01531,48.38167],[0.06078,48.37962],[0.05414,48.39195],[0.07055,48.40909],[0.10014,48.41013],[0.11718,48.43603],[0.15779,48.44081],[0.14557,48.45731],[0.17114,48.44943],[0.17316,48.46522],[0.26475,48.4847],[0.30072,48.48049],[0.35675,48.45774],[0.38244,48.4249],[0.37173,48.41045],[0.38814,48.3497],[0.38048,48.3418],[0.40417,48.31531],[0.42046,48.32111],[0.43133,48.30664],[0.4805,48.29859],[0.48995,48.30936],[0.5074,48.29494],[0.49459,48.28196],[0.5329,48.26428],[0.53605,48.24967],[0.62361,48.24531],[0.63191,48.23462],[0.63977,48.26103],[0.68295,48.25488],[0.74536,48.1849],[0.79766,48.19445],[0.83665,48.16685],[0.88775,48.16152],[0.91665,48.13894],[0.85037,48.13308],[0.84122,48.10306],[0.81435,48.0988],[0.84817,48.0946],[0.84302,48.07264],[0.79398,48.06971],[0.79755,48.03724],[0.84188,48.03018],[0.83237,47.99659],[0.81866,47.98925],[0.8487,47.94258],[0.81406,47.93232],[0.81211,47.88853],[0.79002,47.91221],[0.76018,47.89886],[0.75916,47.85922],[0.77471,47.83937],[0.74587,47.82756],[0.71213,47.78715],[0.69122,47.78339],[0.70254,47.76682],[0.62756,47.75194],[0.60902,47.7253],[0.58114,47.71356],[0.59557,47.68832],[0.61885,47.69348],[0.61481,47.68275],[0.49842,47.64476],[0.46401,47.64561],[0.44993,47.61933],[0.42391,47.61783],[0.38279,47.64309],[0.36426,47.62051],[0.40238,47.57842],[0.37848,47.56853],[0.3221,47.59523],[0.2321,47.61082],[0.23434,47.57793],[0.21512,47.57299],[0.19334,47.53911],[0.22606,47.52659],[0.22011,47.50195],[0.18094,47.45341],[0.18085,47.41615],[0.15386,47.39873],[0.18296,47.38033],[0.14041,47.3618],[0.1473,47.34538],[0.11746,47.33234],[0.0786,47.28394],[0.09,47.28164],[0.06793,47.24733],[0.07932,47.21677],[0.05297,47.19677],[0.06659,47.18979],[0.06348,47.17619],[0.03664,47.16035],[0.01901,47.17576],[-0.01218,47.15595],[-0.04098,47.11355],[-0.0266,47.10588],[-0.03562,47.08626],[-0.0859,47.10101],[-0.10212,47.0648],[-0.1289,47.05424],[-0.14732,47.06968],[-0.17902,47.07017],[-0.14055,47.09705],[-0.17955,47.108],[-0.20627,47.09319],[-0.24074,47.1057],[-0.34146,47.08733],[-0.39592,47.09159],[-0.40685,47.06702],[-0.45799,47.06877],[-0.48038,47.05363],[-0.48554,47.06521],[-0.45956,47.08241],[-0.49445,47.08309],[-0.5573,47.06437],[-0.54253,47.03234],[-0.56226,47.03066],[-0.59549,46.99795],[-0.6455,46.99212],[-0.67058,47.0029],[-0.68019,46.98766],[-0.69847,46.99456],[-0.71588,46.98388],[-0.74337,47.0007],[-0.74286,46.9919],[-0.76195,46.99214],[-0.78758,47.00514],[-0.80845,46.98758],[-0.84428,46.98931],[-0.85259,46.97071],[-0.90239,46.97075],[-0.87712,46.96854],[-0.87854,46.95599],[-0.86379,46.96225],[-0.86058,46.9491],[-0.88377,46.95106],[-0.87894,46.94503],[-0.84948,46.94599],[-0.85793,46.93432],[-0.84801,46.94099],[-0.8074,46.91983],[-0.83085,46.88515],[-0.78165,46.84283],[-0.69875,46.81088],[-0.71784,46.80052],[-0.72705,46.76642],[-0.6983,46.75176],[-0.70261,46.73494],[-0.65619,46.70077],[-0.68073,46.68694],[-0.63699,46.66333],[-0.65888,46.63592],[-0.63419,46.63739],[-0.61405,46.62161],[-0.62569,46.60505],[-0.6119,46.58831],[-0.6245,46.57498],[-0.60659,46.56373],[-0.60213,46.53328],[-0.64223,46.52476],[-0.64632,46.51138],[-0.62503,46.49748],[-0.63116,46.47859],[-0.60766,46.45486],[-0.63684,46.43231],[-0.63943,46.41045],[-0.62911,46.40406],[-0.64064,46.39696],[-0.62088,46.39046],[-0.61018,46.41374],[-0.5378,46.38647],[-0.56181,46.35974],[-0.60325,46.36147],[-0.60495,46.34715],[-0.6366,46.33759],[-0.63747,46.32362],[-0.65687,46.31491],[-0.69674,46.32506],[-0.72015,46.31489],[-0.71968,46.30324],[-0.7472,46.30282],[-0.80281,46.32529],[-0.80375,46.34264],[-0.83988,46.34037],[-0.84948,46.31777],[-0.88717,46.32665],[-0.93102,46.31004],[-0.9631,46.32262],[-0.94347,46.3366],[-0.92963,46.37152],[-0.96451,46.3654],[-0.9749,46.35105],[-1.05338,46.349],[-1.0813,46.32335],[-1.07547,46.3175],[-1.09573,46.31207],[-1.12057,46.3236],[-1.1294,46.31028],[-1.16467,46.32419],[-1.20306,46.31574],[-1.19551,46.30048],[-1.20739,46.26657],[-1.2959,46.32393],[-1.30598,46.31919],[-1.29262,46.29148],[-1.27228,46.28942],[-1.29681,46.28985],[-1.34313,46.34285],[-1.46594,46.34236],[-1.51507,46.4043],[-1.64789,46.42016],[-1.77714,46.49276],[-1.81235,46.49342],[-1.85702,46.60985],[-1.94288,46.6927],[-1.96581,46.69194],[-1.99786,46.73239],[-2.14206,46.81906],[-2.15503,46.88965],[-2.11323,46.89601],[-2.1178,46.90832],[-2.07127,46.9358],[-2.04469,46.96804],[-2.02933,47.00985],[-1.98041,47.02891],[-2.00472,47.06146],[-2.05207,47.09381],[-2.10716,47.10665],[-2.10344,47.11436],[-2.15745,47.11299],[-2.24721,47.13247],[-2.2231,47.15388],[-2.16706,47.16618],[-2.15837,47.20905],[-2.18121,47.2351],[-2.17054,47.23975],[-2.16999,47.26848],[-2.18736,47.28062],[-2.29818,47.23312],[-2.37516,47.2788],[-2.42038,47.27645],[-2.41655,47.25872],[-2.4316,47.25832],[-2.54636,47.29065],[-2.51193,47.29958],[-2.50291,47.32875],[-2.52116,47.35881],[-2.55894,47.37457],[-2.4682,47.42091],[-2.46252,47.41101],[-2.4335,47.41306],[-2.45867,47.42361],[-2.44549,47.43564],[-2.45849,47.44812]]],[[[-2.37425,46.73366],[-2.2869,46.69647],[-2.28351,46.68787],[-2.3793,46.69853],[-2.40048,46.72606],[-2.37425,46.73366]]],[[[-2.148,46.89462],[-2.22316,46.96527],[-2.26438,46.96088],[-2.30241,46.99057],[-2.29209,47.01145],[-2.30759,47.02465],[-2.25391,47.02803],[-2.22562,47.01685],[-2.21881,46.99171],[-2.23861,46.9976],[-2.23648,46.97988],[-2.15718,46.95004],[-2.148,46.89462]]]]}},{"type":"Feature","properties":{"code":"53","nom":"Bretagne"},"geometry":{"type":"MultiPolygon","coordinates":[[[[-3.47834,48.88437],[-3.48448,48.88139],[-3.48599,48.8832],[-3.47834,48.88437]]],[[[-3.43591,48.89883],[-3.43924,48.89916],[-3.43564,48.90064],[-3.43591,48.89883]]],[[[-2.97663,48.79723],[-2.98283,48.79951],[-2.97642,48.79837],[-2.97663,48.79723]]],[[[-2.97785,48.84631],[-2.98093,48.84684],[-2.98025,48.84831],[-2.97785,48.84631]]],[[[-2.98002,48.85949],[-2.98332,48.85903],[-2.98118,48.8608],[-2.98002,48.85949]]],[[[-3.48941,48.87803],[-3.49495,48.87909],[-3.48854,48.87929],[-3.48941,48.87803]]],[[[-2.95236,48.77875],[-2.94676,48.78055],[-2.94616,48.77992],[-2.95236,48.77875]]],[[[-3.01562,48.84003],[-3.02109,48.84442],[-3.01613,48.84465],[-3.01562,48.84003]]],[[[-2.98619,48.84885],[-2.98632,48.84496],[-2.98863,48.84864],[-2.98619,48.84885]]],[[[-2.98851,48.83918],[-2.99227,48.8399],[-2.98856,48.84035],[-2.98851,48.83918]]],[[[-2.18678,48.62281],[-2.19554,48.62066],[-2.1868,48.62686],[-2.18678,48.62281]]],[[[-3.00232,48.83632],[-3.01414,48.85015],[-2.99864,48.85156],[-3.01316,48.85691],[-2.98676,48.86491],[-3.00232,48.83632]]],[[[-3.58006,48.79871],[-3.58511,48.80441],[-3.56317,48.80537],[-3.57012,48.79724],[-3.58006,48.79871]]],[[[-3.59585,48.76979],[-3.59929,48.76695],[-3.60344,48.77097],[-3.59585,48.76979]]],[[[-3.59316,48.80092],[-3.59609,48.79747],[-3.60213,48.79824],[-3.59316,48.80092]]],[[[-3.60766,48.79602],[-3.60906,48.79395],[-3.61221,48.79532],[-3.60766,48.79602]]],[[[-3.01827,48.83675],[-3.02119,48.83584],[-3.02172,48.83762],[-3.01827,48.83675]]],[[[-3.57671,48.79519],[-3.57922,48.79627],[-3.57692,48.79753],[-3.57671,48.79519]]],[[[-3.1839,48.86442],[-3.1853,48.87273],[-3.19193,48.87161],[-3.19406,48.87538],[-3.18171,48.87435],[-3.1839,48.86442]]],[[[-3.40536,48.83639],[-3.40833,48.83254],[-3.40999,48.83994],[-3.40536,48.83639]]],[[[-3.03846,48.861],[-3.04463,48.86062],[-3.03202,48.8627],[-3.03846,48.861]]],[[[-3.2814,48.84685],[-3.28182,48.84389],[-3.28435,48.84512],[-3.2814,48.84685]]],[[[-3.19501,48.86555],[-3.19823,48.86431],[-3.19635,48.86773],[-3.19501,48.86555]]],[[[-3.30211,48.84506],[-3.30581,48.84645],[-3.30357,48.84773],[-3.30211,48.84506]]],[[[-3.25928,48.8542],[-3.25975,48.85355],[-3.26158,48.85581],[-3.25928,48.8542]]],[[[-3.2021,48.85371],[-3.20407,48.8505],[-3.20428,48.85419],[-3.2021,48.85371]]],[[[-3.55436,48.8019],[-3.55695,48.80293],[-3.55594,48.80429],[-3.55436,48.8019]]],[[[-3.30743,48.84741],[-3.31007,48.8466],[-3.30974,48.84793],[-3.30743,48.84741]]],[[[-3.29444,48.84557],[-3.2982,48.84553],[-3.29795,48.84634],[-3.29444,48.84557]]],[[[-3.27169,48.83885],[-3.27403,48.83905],[-3.27237,48.84075],[-3.27169,48.83885]]],[[[-3.29265,48.83745],[-3.29536,48.83867],[-3.29379,48.8392],[-3.29265,48.83745]]],[[[-2.00689,48.56611],[-1.97247,48.53684],[-1.9928,48.52332],[-1.98005,48.5162],[-1.98346,48.49926],[-1.99484,48.49757],[-2.00166,48.49173],[-1.99476,48.4919],[-1.98049,48.49943],[-1.96473,48.52633],[-1.9525,48.51828],[-1.94818,48.51917],[-1.94804,48.53881],[-1.9694,48.53655],[-1.96307,48.55594],[-1.97753,48.55695],[-1.98704,48.58451],[-1.95419,48.57898],[-1.96292,48.59287],[-2.01334,48.59951],[-2.00118,48.61515],[-2.01513,48.61398],[-2.02858,48.65031],[-1.98882,48.66457],[-1.98848,48.68414],[-1.93807,48.68398],[-1.95944,48.69054],[-1.93712,48.70234],[-1.9047,48.68995],[-1.84512,48.71175],[-1.85012,48.69939],[-1.8358,48.6803],[-1.86272,48.66728],[-1.87212,48.64572],[-1.84733,48.61759],[-1.76771,48.60239],[-1.57109,48.62645],[-1.53722,48.59875],[-1.54299,48.58044],[-1.51892,48.56659],[-1.53449,48.55031],[-1.48995,48.48937],[-1.45026,48.4876],[-1.42795,48.46192],[-1.37987,48.45608],[-1.35393,48.46783],[-1.32751,48.49812],[-1.27976,48.50861],[-1.27225,48.53392],[-1.25427,48.54327],[-1.07016,48.50849],[-1.07883,48.48159],[-1.06522,48.45143],[-1.08359,48.43373],[-1.05393,48.38399],[-1.06484,48.36723],[-1.04505,48.32818],[-1.09056,48.28918],[-1.10196,48.2625],[-1.0806,48.2195],[-1.08728,48.20927],[-1.07359,48.19968],[-1.08042,48.1754],[-1.06029,48.15011],[-1.04978,48.09038],[-1.02162,48.06801],[-1.035,48.03361],[-1.01577,48.00356],[-1.05029,47.98447],[-1.1248,47.98684],[-1.1254,47.97169],[-1.1553,47.96554],[-1.17623,47.8974],[-1.19663,47.88927],[-1.18899,47.86704],[-1.22305,47.85241],[-1.21601,47.83115],[-1.24264,47.80783],[-1.24588,47.77672],[-1.36506,47.7991],[-1.39465,47.82936],[-1.47823,47.83588],[-1.47054,47.80336],[-1.62306,47.76357],[-1.63818,47.72232],[-1.65751,47.70944],[-1.6895,47.71338],[-1.72206,47.69842],[-1.85831,47.70827],[-1.95633,47.67119],[-1.96927,47.67381],[-1.97438,47.69394],[-2.01291,47.66602],[-2.03908,47.66954],[-2.0515,47.64957],[-2.0812,47.6502],[-2.09704,47.63136],[-2.08369,47.61114],[-2.10385,47.59087],[-2.09855,47.53396],[-2.15602,47.52203],[-2.15418,47.49636],[-2.16462,47.48915],[-2.19216,47.49664],[-2.18452,47.51226],[-2.24428,47.4936],[-2.26564,47.50178],[-2.25494,47.51151],[-2.29642,47.51599],[-2.31697,47.46129],[-2.39994,47.45598],[-2.42303,47.47711],[-2.48052,47.44126],[-2.50059,47.45817],[-2.48841,47.47112],[-2.501,47.49272],[-2.48123,47.4953],[-2.46744,47.48263],[-2.42053,47.49528],[-2.53422,47.52806],[-2.55282,47.51258],[-2.59486,47.51769],[-2.60818,47.50852],[-2.63188,47.50457],[-2.61183,47.50918],[-2.60878,47.52724],[-2.5759,47.52197],[-2.58791,47.52957],[-2.5668,47.53294],[-2.58179,47.53605],[-2.55914,47.55183],[-2.57757,47.55011],[-2.58685,47.56352],[-2.58287,47.5433],[-2.60435,47.53103],[-2.61895,47.55166],[-2.60896,47.56554],[-2.61064,47.5676],[-2.6197,47.56149],[-2.61905,47.54767],[-2.62935,47.54947],[-2.61637,47.53719],[-2.62602,47.53069],[-2.65861,47.54984],[-2.67028,47.54303],[-2.66717,47.53325],[-2.62113,47.52541],[-2.66434,47.51864],[-2.67492,47.49186],[-2.72464,47.50642],[-2.81531,47.48665],[-2.85027,47.49879],[-2.84736,47.51938],[-2.90358,47.53435],[-2.8926,47.54435],[-2.91276,47.54222],[-2.91449,47.55741],[-2.87853,47.56382],[-2.87419,47.54743],[-2.85845,47.55066],[-2.85333,47.53701],[-2.82718,47.55007],[-2.83048,47.5456],[-2.82719,47.53651],[-2.82372,47.53635],[-2.82428,47.55651],[-2.80672,47.55603],[-2.79999,47.53741],[-2.78767,47.55251],[-2.76762,47.53568],[-2.73464,47.54086],[-2.71851,47.58749],[-2.71083,47.57602],[-2.68931,47.59088],[-2.68369,47.60536],[-2.69538,47.62454],[-2.68669,47.63146],[-2.70262,47.63208],[-2.68985,47.63731],[-2.71245,47.64841],[-2.70677,47.63505],[-2.71602,47.6314],[-2.7028,47.62269],[-2.71726,47.61985],[-2.70126,47.61848],[-2.69564,47.6098],[-2.71733,47.61431],[-2.70275,47.60251],[-2.72121,47.58999],[-2.72106,47.60311],[-2.77821,47.61872],[-2.73364,47.61279],[-2.7549,47.63777],[-2.77815,47.62778],[-2.79408,47.64501],[-2.78328,47.62093],[-2.83433,47.61258],[-2.86278,47.62208],[-2.8564,47.61349],[-2.86838,47.60705],[-2.8587,47.60145],[-2.8898,47.60257],[-2.88526,47.5788],[-2.89046,47.57415],[-2.9081,47.59156],[-2.92552,47.5859],[-2.9182,47.60273],[-2.92706,47.59187],[-2.92744,47.60123],[-2.93324,47.60584],[-2.93676,47.58571],[-2.95108,47.60976],[-2.93637,47.62602],[-2.95885,47.62739],[-2.95816,47.6386],[-2.97829,47.65909],[-2.9536,47.61221],[-2.97227,47.60766],[-2.9543,47.59717],[-2.97015,47.58834],[-2.92884,47.55474],[-2.97607,47.55904],[-2.97217,47.57193],[-2.99443,47.59069],[-2.98899,47.567],[-3.00447,47.56598],[-3.02456,47.59205],[-3.01918,47.56724],[-3.04474,47.58738],[-3.05436,47.56927],[-3.09543,47.56374],[-3.10652,47.57525],[-3.09232,47.57903],[-3.13087,47.59553],[-3.12948,47.57499],[-3.1156,47.57546],[-3.1332,47.547],[-3.12975,47.52191],[-3.08417,47.46919],[-3.14562,47.48352],[-3.15954,47.52934],[-3.13442,47.5459],[-3.13975,47.5796],[-3.15838,47.60698],[-3.19767,47.62392],[-3.21087,47.64303],[-3.20921,47.6698],[-3.18809,47.67788],[-3.18569,47.68498],[-3.16228,47.68014],[-3.13232,47.70153],[-3.16884,47.69687],[-3.14836,47.70361],[-3.14908,47.71642],[-3.13149,47.70391],[-3.12527,47.7258],[-3.10584,47.72395],[-3.12786,47.7282],[-3.15262,47.71891],[-3.1346,47.73139],[-3.15092,47.73342],[-3.13484,47.74734],[-3.14828,47.74279],[-3.14712,47.75235],[-3.16008,47.72898],[-3.18601,47.74637],[-3.19364,47.74839],[-3.20083,47.74489],[-3.16974,47.72807],[-3.16569,47.70455],[-3.19463,47.70354],[-3.1973,47.6875],[-3.21626,47.69579],[-3.19944,47.68375],[-3.21855,47.66534],[-3.2146,47.64488],[-3.30046,47.68943],[-3.34449,47.69527],[-3.35761,47.6862],[-3.35246,47.70038],[-3.32505,47.70208],[-3.28576,47.68618],[-3.27765,47.69032],[-3.31618,47.70283],[-3.31087,47.70945],[-3.35224,47.70287],[-3.36541,47.7103],[-3.3427,47.71592],[-3.34784,47.73456],[-3.33238,47.7294],[-3.30571,47.74811],[-3.282,47.77793],[-3.29071,47.79126],[-3.27773,47.79441],[-3.29024,47.79312],[-3.29569,47.78651],[-3.28681,47.77283],[-3.31813,47.75612],[-3.32621,47.76609],[-3.32291,47.74831],[-3.34425,47.74159],[-3.37872,47.79716],[-3.38542,47.80463],[-3.39181,47.8049],[-3.39237,47.80699],[-3.3897,47.8083],[-3.38622,47.81694],[-3.38851,47.82828],[-3.39942,47.80908],[-3.35241,47.7535],[-3.35583,47.73241],[-3.36852,47.73179],[-3.36715,47.71594],[-3.38739,47.70165],[-3.45276,47.69534],[-3.52865,47.76544],[-3.5179,47.80314],[-3.54082,47.82927],[-3.53829,47.83602],[-3.52401,47.8449],[-3.523,47.84915],[-3.54208,47.86284],[-3.52759,47.84401],[-3.53856,47.83786],[-3.54144,47.83122],[-3.5419,47.82146],[-3.52125,47.79887],[-3.53863,47.76264],[-3.64607,47.77466],[-3.64403,47.78853],[-3.68084,47.77679],[-3.72262,47.80335],[-3.69697,47.81902],[-3.64975,47.82079],[-3.64117,47.8284],[-3.69059,47.82018],[-3.69552,47.83106],[-3.73268,47.80346],[-3.7418,47.81237],[-3.74561,47.83508],[-3.74899,47.84514],[-3.75183,47.84716],[-3.7579,47.83579],[-3.74196,47.79748],[-3.85605,47.78961],[-3.85458,47.80399],[-3.90245,47.83572],[-3.88063,47.85916],[-3.90921,47.85033],[-3.91937,47.85637],[-3.90593,47.85605],[-3.90084,47.86237],[-3.93052,47.87075],[-3.94745,47.90024],[-3.97322,47.8947],[-3.97729,47.90968],[-3.98067,47.89474],[-3.99228,47.89588],[-3.98047,47.88921],[-3.99003,47.88274],[-3.97711,47.8538],[-4.03981,47.84465],[-4.0883,47.86206],[-4.04696,47.85166],[-4.07895,47.87661],[-4.07836,47.86573],[-4.09936,47.8625],[-4.14474,47.90934],[-4.13871,47.92587],[-4.13127,47.92543],[-4.13026,47.93026],[-4.11633,47.93058],[-4.10979,47.93636],[-4.10942,47.94211],[-4.10395,47.9397],[-4.09932,47.94303],[-4.09571,47.93827],[-4.07899,47.93652],[-4.07775,47.93736],[-4.09488,47.94129],[-4.08364,47.95151],[-4.10949,47.94269],[-4.09522,47.96717],[-4.11717,47.9835],[-4.101,47.97054],[-4.12213,47.95318],[-4.1108,47.93644],[-4.13061,47.93151],[-4.13332,47.92567],[-4.14078,47.92634],[-4.15092,47.91058],[-4.14561,47.89738],[-4.17633,47.90713],[-4.17117,47.89464],[-4.13041,47.88997],[-4.11331,47.86204],[-4.16981,47.83949],[-4.17883,47.87897],[-4.19565,47.87613],[-4.19784,47.85864],[-4.20676,47.86622],[-4.21142,47.86762],[-4.21565,47.86603],[-4.18319,47.83612],[-4.15884,47.83154],[-4.18298,47.80022],[-4.2077,47.80028],[-4.2168,47.81208],[-4.21024,47.79644],[-4.21921,47.7921],[-4.37419,47.79798],[-4.38063,47.82017],[-4.34604,47.84021],[-4.38359,47.92086],[-4.4509,47.98105],[-4.53671,48.01164],[-4.53113,48.0349],[-4.48818,48.03845],[-4.53971,48.03828],[-4.53547,48.01713],[-4.56475,47.99983],[-4.63296,48.02937],[-4.69727,48.02615],[-4.7408,48.04058],[-4.70788,48.04406],[-4.7143,48.06435],[-4.67185,48.06018],[-4.66523,48.07263],[-4.62173,48.06854],[-4.58124,48.08227],[-4.55163,48.07634],[-4.53644,48.08992],[-4.48933,48.08623],[-4.41613,48.10672],[-4.36249,48.10926],[-4.33347,48.08457],[-4.32758,48.09966],[-4.30439,48.08943],[-4.28664,48.10297],[-4.28535,48.12638],[-4.26898,48.13343],[-4.27308,48.15418],[-4.29538,48.1583],[-4.29118,48.17573],[-4.31612,48.20382],[-4.36907,48.20505],[-4.37816,48.2186],[-4.43928,48.22447],[-4.43233,48.22979],[-4.46391,48.23938],[-4.50165,48.23042],[-4.4973,48.21677],[-4.55413,48.16777],[-4.55205,48.20839],[-4.57156,48.23147],[-4.54329,48.24908],[-4.61275,48.26197],[-4.62331,48.25323],[-4.6151,48.27248],[-4.62944,48.2808],[-4.56992,48.28194],[-4.5826,48.31941],[-4.53443,48.34186],[-4.55959,48.30565],[-4.53577,48.28394],[-4.4993,48.31117],[-4.51791,48.29532],[-4.5026,48.28086],[-4.41911,48.29313],[-4.4099,48.27603],[-4.38543,48.27514],[-4.27236,48.29601],[-4.26565,48.28459],[-4.28252,48.28891],[-4.28902,48.27425],[-4.25573,48.26358],[-4.26619,48.25733],[-4.2439,48.24966],[-4.2177,48.25818],[-4.21487,48.24841],[-4.2087,48.24197],[-4.13541,48.23622],[-4.11357,48.24456],[-4.11685,48.21828],[-4.09695,48.25554],[-4.13485,48.24144],[-4.20434,48.24903],[-4.21672,48.261],[-4.23841,48.25367],[-4.28014,48.27863],[-4.18834,48.29689],[-4.23859,48.29952],[-4.22671,48.31357],[-4.24739,48.29901],[-4.2819,48.31247],[-4.24916,48.32684],[-4.29319,48.31136],[-4.33587,48.31574],[-4.26452,48.35818],[-4.30217,48.35564],[-4.29967,48.34487],[-4.33004,48.33865],[-4.31848,48.36218],[-4.35546,48.34332],[-4.34655,48.35473],[-4.37818,48.3255],[-4.41524,48.32423],[-4.39721,48.3422],[-4.45739,48.32707],[-4.40753,48.38054],[-4.31029,48.41736],[-4.27914,48.43562],[-4.27009,48.44504],[-4.40169,48.3896],[-4.43068,48.39744],[-4.43727,48.3825],[-4.48385,48.38263],[-4.60872,48.33789],[-4.69066,48.35466],[-4.71666,48.3296],[-4.77366,48.33031],[-4.78072,48.35859],[-4.75064,48.36012],[-4.74608,48.36565],[-4.7864,48.3613],[-4.76069,48.37817],[-4.77574,48.38979],[-4.77368,48.40542],[-4.79542,48.41466],[-4.76457,48.46687],[-4.71963,48.4756],[-4.76252,48.4721],[-4.77959,48.49744],[-4.76665,48.50928],[-4.77603,48.51917],[-4.75787,48.52108],[-4.75815,48.53447],[-4.74798,48.52798],[-4.75296,48.54392],[-4.73058,48.55635],[-4.70394,48.55132],[-4.70441,48.57003],[-4.62582,48.57878],[-4.59663,48.57158],[-4.59067,48.55452],[-4.55698,48.55982],[-4.50535,48.5459],[-4.61227,48.57825],[-4.59831,48.60801],[-4.58568,48.60192],[-4.59531,48.59329],[-4.54352,48.5983],[-4.52142,48.58461],[-4.47845,48.57298],[-4.56828,48.60907],[-4.56519,48.62552],[-4.54166,48.62433],[-4.54376,48.63649],[-4.51384,48.63441],[-4.5013,48.62094],[-4.44087,48.64133],[-4.39881,48.63602],[-4.39791,48.63806],[-4.40463,48.64128],[-4.43252,48.64751],[-4.43656,48.65472],[-4.32979,48.67712],[-4.32911,48.66791],[-4.29407,48.66174],[-4.31811,48.64635],[-4.29694,48.63264],[-4.30081,48.64023],[-4.27446,48.64953],[-4.196,48.65222],[-4.22211,48.65857],[-4.18639,48.68649],[-4.12932,48.69688],[-4.08091,48.69295],[-4.05579,48.67109],[-4.06608,48.68531],[-4.06195,48.68762],[-4.05496,48.68525],[-4.04778,48.68774],[-4.05758,48.68926],[-4.05195,48.70429],[-4.01584,48.71241],[-4.00691,48.7264],[-4.0009,48.7118],[-3.98918,48.72685],[-3.97088,48.72727],[-3.9715,48.67409],[-3.94998,48.67262],[-3.95631,48.61591],[-3.93501,48.59868],[-3.95132,48.65021],[-3.93006,48.65784],[-3.92209,48.67551],[-3.89111,48.67089],[-3.90469,48.65684],[-3.85858,48.62954],[-3.86773,48.60406],[-3.85152,48.6067],[-3.8595,48.61434],[-3.84598,48.62676],[-3.81661,48.62859],[-3.84543,48.62892],[-3.86426,48.67133],[-3.84626,48.66018],[-3.85443,48.68928],[-3.83093,48.7119],[-3.82078,48.70135],[-3.82095,48.71822],[-3.78657,48.70145],[-3.73383,48.70883],[-3.68031,48.68668],[-3.64327,48.69591],[-3.65478,48.6824],[-3.63926,48.67334],[-3.65512,48.66534],[-3.65914,48.65921],[-3.63499,48.67122],[-3.62405,48.68624],[-3.60967,48.66966],[-3.57298,48.67492],[-3.5843,48.71853],[-3.55537,48.72751],[-3.54959,48.74667],[-3.56602,48.76047],[-3.58499,48.75701],[-3.58593,48.77739],[-3.567,48.7979],[-3.53518,48.80203],[-3.54804,48.81197],[-3.54133,48.82268],[-3.51957,48.81898],[-3.52567,48.83003],[-3.50352,48.8387],[-3.50306,48.82429],[-3.48081,48.83784],[-3.46037,48.81678],[-3.42823,48.82039],[-3.44056,48.79831],[-3.39754,48.80075],[-3.38918,48.81569],[-3.32206,48.83803],[-3.29315,48.83],[-3.27671,48.84334],[-3.27592,48.83828],[-3.26433,48.8342],[-3.22448,48.86992],[-3.20601,48.84739],[-3.21827,48.83529],[-3.20273,48.83492],[-3.20682,48.81397],[-3.23669,48.78876],[-3.21969,48.78378],[-3.22356,48.79644],[-3.19898,48.81593],[-3.18282,48.84377],[-3.07417,48.88202],[-3.10145,48.86662],[-3.08513,48.86735],[-3.07595,48.85774],[-3.0935,48.86069],[-3.08417,48.84725],[-3.09751,48.83241],[-3.07162,48.83057],[-3.12348,48.76008],[-3.09765,48.76893],[-3.10418,48.78048],[-3.07277,48.82042],[-3.00899,48.81965],[-3.01681,48.8104],[-3.00493,48.799],[-3.0464,48.78557],[-3.00994,48.78215],[-3.02874,48.77801],[-3.01581,48.76632],[-2.96454,48.7625],[-2.9516,48.77167],[-2.92846,48.75475],[-2.9451,48.72081],[-2.89048,48.69877],[-2.88306,48.67549],[-2.82653,48.65536],[-2.81413,48.61023],[-2.82386,48.59721],[-2.71427,48.55564],[-2.72111,48.53131],[-2.71027,48.53296],[-2.71674,48.52447],[-2.68157,48.4917],[-2.68209,48.53201],[-2.63029,48.52609],[-2.63254,48.5373],[-2.55288,48.59953],[-2.51262,48.60264],[-2.47343,48.62252],[-2.46813,48.63581],[-2.48786,48.64515],[-2.43772,48.65281],[-2.41709,48.63309],[-2.33217,48.67062],[-2.31772,48.68865],[-2.31273,48.67214],[-2.28521,48.66448],[-2.33592,48.62001],[-2.31662,48.6104],[-2.24742,48.64605],[-2.25473,48.63261],[-2.21408,48.59294],[-2.21286,48.57276],[-2.19155,48.59231],[-2.1951,48.60902],[-2.17686,48.57623],[-2.15723,48.58836],[-2.17041,48.59661],[-2.14895,48.61855],[-2.12371,48.60441],[-2.15067,48.63474],[-2.05668,48.63985],[-2.04592,48.63644],[-2.05373,48.62569],[-2.02978,48.62378],[-2.02508,48.59792],[-1.99672,48.58411],[-2.00689,48.56611]]],[[[-3.99752,47.72393],[-4.00391,47.72264],[-3.9976,47.72519],[-3.99752,47.72393]]],[[[-3.99181,48.7364],[-4.02252,48.73856],[-4.04017,48.74637],[-4.00593,48.75285],[-3.99181,48.7364]]],[[[-3.95084,47.72051],[-3.95809,47.71958],[-3.95137,47.72157],[-3.95084,47.72051]]],[[[-4.00841,47.71603],[-4.01192,47.71909],[-4.00718,47.71696],[-4.00841,47.71603]]],[[[-4.02164,47.77504],[-4.02715,47.77799],[-4.02052,47.77678],[-4.02164,47.77504]]],[[[-4.85061,48.04016],[-4.84879,48.03178],[-4.85783,48.03931],[-4.87085,48.04041],[-4.85061,48.04016]]],[[[-3.99078,47.70283],[-4.00214,47.70776],[-3.99873,47.71006],[-3.99078,47.70283]]],[[[-3.7995,47.78458],[-3.80053,47.78304],[-3.803,47.78417],[-3.7995,47.78458]]],[[[-5.01018,48.42662],[-5.01406,48.42578],[-5.01161,48.43082],[-5.01018,48.42662]]],[[[-4.63491,48.60147],[-4.63738,48.60015],[-4.63672,48.60227],[-4.63491,48.60147]]],[[[-4.06418,48.70662],[-4.07164,48.70471],[-4.07279,48.70574],[-4.06418,48.70662]]],[[[-4.17813,47.85103],[-4.18815,47.85886],[-4.1935,47.8642],[-4.18202,47.86733],[-4.17813,47.85103]]],[[[-4.17666,47.84398],[-4.18385,47.84462],[-4.18327,47.84709],[-4.17666,47.84398]]],[[[-4.18371,47.85067],[-4.18532,47.84905],[-4.18667,47.85019],[-4.18371,47.85067]]],[[[-4.33544,48.10164],[-4.3385,48.1007],[-4.3392,48.10301],[-4.33544,48.10164]]],[[[-4.53505,48.30291],[-4.53894,48.30262],[-4.53617,48.30419],[-4.53505,48.30291]]],[[[-4.52867,48.30524],[-4.53194,48.30445],[-4.52972,48.30644],[-4.52867,48.30524]]],[[[-4.95344,48.39607],[-4.96734,48.39788],[-4.96281,48.40169],[-4.95344,48.39607]]],[[[-4.98397,48.41926],[-4.98127,48.41703],[-4.98546,48.41689],[-4.98397,48.41926]]],[[[-4.78746,48.43734],[-4.79013,48.43798],[-4.7887,48.43889],[-4.78746,48.43734]]],[[[-4.61628,48.58497],[-4.61951,48.58531],[-4.61625,48.58677],[-4.61628,48.58497]]],[[[-4.86234,48.3413],[-4.85773,48.35072],[-4.84159,48.35491],[-4.85411,48.3487],[-4.86234,48.3413]]],[[[-4.89796,48.37588],[-4.90577,48.3723],[-4.91118,48.3744],[-4.89796,48.37588]]],[[[-4.93704,48.37142],[-4.93523,48.37534],[-4.93326,48.37478],[-4.93704,48.37142]]],[[[-4.94689,48.40136],[-4.95258,48.40083],[-4.94747,48.40259],[-4.94689,48.40136]]],[[[-4.89731,48.3803],[-4.89982,48.38023],[-4.90021,48.38301],[-4.89731,48.3803]]],[[[-3.91929,48.68424],[-3.92897,48.69192],[-3.92601,48.69917],[-3.91929,48.68424]]],[[[-4.56926,48.60762],[-4.57288,48.60622],[-4.5742,48.60799],[-4.56926,48.60762]]],[[[-4.55168,48.62927],[-4.55826,48.6291],[-4.55776,48.63081],[-4.55168,48.62927]]],[[[-4.56665,48.63844],[-4.57067,48.63797],[-4.56969,48.64019],[-4.56665,48.63844]]],[[[-4.59299,48.6255],[-4.59464,48.62327],[-4.59474,48.62543],[-4.59299,48.6255]]],[[[-4.403,48.63934],[-4.40598,48.6393],[-4.40351,48.64049],[-4.403,48.63934]]],[[[-4.2784,48.28482],[-4.28104,48.28232],[-4.28201,48.28357],[-4.2784,48.28482]]],[[[-5.03438,48.46332],[-5.11736,48.43898],[-5.092,48.45019],[-5.09875,48.45629],[-5.14014,48.45184],[-5.07252,48.48273],[-5.03438,48.46332]]],[[[-5.09017,48.47994],[-5.10224,48.48056],[-5.10419,48.48087],[-5.09017,48.47994]]],[[[-4.77249,48.5273],[-4.77691,48.5301],[-4.77334,48.53082],[-4.77249,48.5273]]],[[[-2.15857,48.63938],[-2.16138,48.63725],[-2.16176,48.6385],[-2.15857,48.63938]]],[[[-1.83982,48.70717],[-1.83923,48.7098],[-1.83556,48.71223],[-1.83982,48.70717]]],[[[-1.95373,48.69689],[-1.95481,48.6992],[-1.95253,48.69878],[-1.95373,48.69689]]],[[[-2.07213,48.67566],[-2.06943,48.67877],[-2.06783,48.67699],[-2.07213,48.67566]]],[[[-3.01322,47.41074],[-3.01772,47.41124],[-3.01214,47.41191],[-3.01322,47.41074]]],[[[-3.42179,47.62],[-3.43899,47.62852],[-3.46262,47.62017],[-3.51509,47.64713],[-3.42991,47.64304],[-3.41513,47.63228],[-3.42179,47.62]]],[[[-2.99561,47.3941],[-2.99932,47.3947],[-2.99567,47.39536],[-2.99561,47.3941]]],[[[-3.19531,47.29175],[-3.19711,47.29306],[-3.19484,47.29353],[-3.19531,47.29175]]],[[[-2.96854,47.35753],[-2.97103,47.35588],[-2.97266,47.35761],[-2.96854,47.35753]]],[[[-2.89165,47.34669],[-2.86336,47.34897],[-2.86104,47.34082],[-2.88243,47.3303],[-2.89165,47.34669]]],[[[-3.23545,47.32382],[-3.26355,47.35226],[-3.24722,47.38754],[-3.21949,47.37053],[-3.15729,47.36462],[-3.13856,47.32899],[-3.0559,47.30817],[-3.09184,47.2784],[-3.16764,47.30159],[-3.21838,47.29244],[-3.24828,47.3135],[-3.23545,47.32382]]],[[[-2.94815,47.37334],[-2.99368,47.39342],[-2.99431,47.39899],[-2.93938,47.3947],[-2.95344,47.38513],[-2.94815,47.37334]]],[[[-3.25007,47.38691],[-3.25305,47.38929],[-3.24912,47.38926],[-3.25007,47.38691]]],[[[-2.59472,47.52617],[-2.59191,47.5253],[-2.59361,47.52495],[-2.59472,47.52617]]],[[[-3.13883,47.71281],[-3.13646,47.71377],[-3.13674,47.71205],[-3.13883,47.71281]]],[[[-2.85956,47.55989],[-2.86185,47.56971],[-2.85128,47.59854],[-2.85519,47.60039],[-2.83887,47.6072],[-2.84067,47.59351],[-2.82393,47.58857],[-2.84676,47.58972],[-2.85956,47.55989]]],[[[-2.80961,47.57826],[-2.81287,47.59068],[-2.79329,47.60579],[-2.78656,47.59483],[-2.80961,47.57826]]],[[[-2.72668,47.57961],[-2.73818,47.58069],[-2.73874,47.58377],[-2.72668,47.57961]]],[[[-2.78596,47.57547],[-2.79539,47.571],[-2.79253,47.57942],[-2.78596,47.57547]]],[[[-2.75474,47.60682],[-2.77026,47.60613],[-2.771,47.61034],[-2.75474,47.60682]]],[[[-2.7753,47.5955],[-2.78304,47.59079],[-2.78618,47.58952],[-2.7753,47.5955]]],[[[-2.90632,47.56883],[-2.912,47.5757],[-2.91045,47.57761],[-2.90632,47.56883]]],[[[-2.89574,47.57296],[-2.90147,47.5723],[-2.89608,47.57642],[-2.89574,47.57296]]],[[[-2.72272,47.59267],[-2.72945,47.59256],[-2.72758,47.59543],[-2.72272,47.59267]]],[[[-2.8856,47.56883],[-2.88889,47.57165],[-2.88673,47.57143],[-2.8856,47.56883]]],[[[-2.78724,47.56329],[-2.79228,47.56226],[-2.79531,47.56474],[-2.78724,47.56329]]],[[[-2.77476,47.61488],[-2.77864,47.61365],[-2.78423,47.61552],[-2.77476,47.61488]]],[[[-2.84837,47.61241],[-2.85187,47.61076],[-2.85237,47.61173],[-2.84837,47.61241]]],[[[-2.8442,47.55531],[-2.84492,47.56001],[-2.84263,47.56038],[-2.8442,47.55531]]],[[[-2.92583,47.5789],[-2.92996,47.5789],[-2.93082,47.58143],[-2.92583,47.5789]]],[[[-2.8085,47.59647],[-2.81152,47.59593],[-2.81239,47.59873],[-2.8085,47.59647]]],[[[-2.80336,47.56326],[-2.80757,47.56406],[-2.80651,47.56559],[-2.80336,47.56326]]],[[[-2.82879,47.55839],[-2.83267,47.55857],[-2.83124,47.56026],[-2.82879,47.55839]]],[[[-2.84671,47.56128],[-2.85076,47.5611],[-2.85039,47.56287],[-2.84671,47.56128]]],[[[-2.92867,47.58603],[-2.93327,47.58465],[-2.93302,47.58548],[-2.92867,47.58603]]],[[[-2.80051,47.60759],[-2.80562,47.60863],[-2.8009,47.60942],[-2.80051,47.60759]]],[[[-2.74768,47.5749],[-2.74993,47.57621],[-2.74633,47.57618],[-2.74768,47.5749]]],[[[-2.88379,47.56525],[-2.88737,47.56298],[-2.88607,47.56546],[-2.88379,47.56525]]],[[[-2.76314,47.59036],[-2.76477,47.59195],[-2.76232,47.59216],[-2.76314,47.59036]]],[[[-2.91222,47.57862],[-2.91456,47.57811],[-2.91461,47.57987],[-2.91222,47.57862]]],[[[-2.86899,47.57664],[-2.86788,47.57894],[-2.8666,47.57811],[-2.86899,47.57664]]],[[[-2.72368,47.59848],[-2.72593,47.59965],[-2.72346,47.60043],[-2.72368,47.59848]]],[[[-3.16356,47.71876],[-3.15621,47.7201],[-3.1587,47.70673],[-3.16356,47.71876]]],[[[-3.1702,47.68878],[-3.17199,47.68559],[-3.17288,47.68766],[-3.1702,47.68878]]],[[[-3.17658,47.68735],[-3.17983,47.68711],[-3.17764,47.68974],[-3.17658,47.68735]]],[[[-3.18521,47.68609],[-3.18693,47.68794],[-3.18391,47.68714],[-3.18521,47.68609]]]]}},{"type":"Feature","properties":{"code":"75","nom":"Nouvelle-Aquitaine"},"geometry":{"type":"MultiPolygon","coordinates":[[[[1.41519,46.34722],[1.47766,46.39391],[1.49793,46.395],[1.52191,46.4264],[1.54409,46.4191],[1.5462,46.39346],[1.60925,46.42312],[1.62266,46.41826],[1.61425,46.39953],[1.62675,46.38851],[1.6424,46.38514],[1.6836,46.41818],[1.72704,46.39021],[1.76027,46.42714],[1.74759,46.45002],[1.78652,46.45525],[1.83978,46.42572],[1.88778,46.44162],[1.91413,46.44321],[1.92424,46.43195],[1.97875,46.44152],[2.08894,46.4089],[2.1155,46.42195],[2.24987,46.42636],[2.28105,46.42041],[2.28673,46.38285],[2.33139,46.37872],[2.33789,46.36414],[2.30275,46.35442],[2.30099,46.34223],[2.32127,46.32901],[2.3549,46.32568],[2.36497,46.3107],[2.38608,46.33197],[2.42066,46.31013],[2.42134,46.28462],[2.44303,46.295],[2.48076,46.28101],[2.48916,46.24753],[2.51462,46.23994],[2.52599,46.18769],[2.5598,46.17337],[2.56634,46.14376],[2.54728,46.11297],[2.55039,46.08607],[2.57073,46.0473],[2.60251,46.03346],[2.59322,45.99299],[2.60902,45.96665],[2.56357,45.95559],[2.56991,45.94721],[2.5415,45.92153],[2.55501,45.91251],[2.50221,45.88849],[2.49223,45.86403],[2.44336,45.86661],[2.44951,45.84821],[2.43094,45.83382],[2.40367,45.83843],[2.38802,45.82738],[2.42727,45.79464],[2.4445,45.75819],[2.48484,45.74848],[2.52301,45.71145],[2.52868,45.6822],[2.51259,45.66976],[2.52828,45.65854],[2.52014,45.64069],[2.4875,45.6424],[2.47843,45.60791],[2.46117,45.59646],[2.49093,45.56039],[2.51684,45.55302],[2.51176,45.5251],[2.52039,45.52045],[2.48754,45.41816],[2.52787,45.39161],[2.47662,45.37028],[2.47498,45.3813],[2.44186,45.38426],[2.3875,45.41196],[2.35066,45.41292],[2.36936,45.3865],[2.36513,45.35608],[2.35026,45.34604],[2.35976,45.33651],[2.31575,45.32183],[2.29022,45.28805],[2.26899,45.28939],[2.24284,45.26535],[2.24027,45.24759],[2.18932,45.22211],[2.20133,45.17979],[2.232,45.16398],[2.20843,45.16032],[2.20256,45.13916],[2.17879,45.1363],[2.19034,45.11612],[2.17455,45.08226],[2.14018,45.08652],[2.09516,45.05603],[2.14089,45.00653],[2.13329,44.98574],[1.99148,44.97591],[1.94916,44.95252],[1.93907,44.97322],[1.90866,44.97842],[1.88742,44.95657],[1.84277,44.93708],[1.83117,44.94549],[1.82643,44.92927],[1.80129,44.92209],[1.7857,44.93691],[1.77493,44.92372],[1.74934,44.93758],[1.7508,44.95573],[1.71103,44.96729],[1.70266,44.98783],[1.62996,45.03357],[1.57631,45.0407],[1.54512,45.02888],[1.53747,45.04669],[1.46199,45.0137],[1.40927,45.006],[1.41663,44.96062],[1.44235,44.91655],[1.41225,44.90979],[1.44192,44.87758],[1.41132,44.87229],[1.40249,44.85008],[1.36595,44.84579],[1.3641,44.81157],[1.29827,44.79619],[1.29846,44.77424],[1.32282,44.76504],[1.31605,44.74037],[1.30019,44.74428],[1.28778,44.71478],[1.27078,44.72273],[1.22455,44.68427],[1.14673,44.6708],[1.15333,44.63774],[1.09459,44.59234],[1.10321,44.57173],[1.07439,44.57728],[1.01297,44.53626],[1.00888,44.54711],[0.98152,44.54444],[1.01623,44.50587],[1.00903,44.48004],[1.02401,44.47307],[1.0282,44.434],[1.05749,44.42767],[1.06131,44.40188],[1.05143,44.39209],[1.06408,44.37851],[1.0493,44.36236],[0.95151,44.36158],[0.94238,44.3446],[0.91985,44.38442],[0.89638,44.38184],[0.8872,44.36462],[0.89611,44.34623],[0.86917,44.30989],[0.89412,44.29693],[0.91643,44.3022],[0.95079,44.27506],[0.92778,44.26741],[0.93263,44.24834],[0.91909,44.23827],[0.92924,44.23025],[0.90597,44.19012],[0.86174,44.19339],[0.85302,44.18391],[0.87099,44.1679],[0.88918,44.17199],[0.894,44.13789],[0.88269,44.14207],[0.86697,44.12635],[0.78857,44.14439],[0.79889,44.11064],[0.75683,44.1074],[0.73868,44.06102],[0.70792,44.05829],[0.66264,44.02411],[0.65408,44.04243],[0.59376,44.07929],[0.55547,44.05475],[0.51214,44.0633],[0.50594,44.05185],[0.45952,44.05524],[0.44245,44.02876],[0.39687,44.02231],[0.38152,44.00638],[0.3581,44.01701],[0.31653,44.01012],[0.3177,43.99461],[0.30285,43.99098],[0.23338,44.00889],[0.23138,44.0228],[0.18958,44.01464],[0.15754,43.97284],[0.13864,43.97477],[0.14166,43.99424],[0.12679,44.00191],[0.11682,43.98804],[0.07381,43.98242],[0.05555,43.96144],[0.07665,43.91647],[0.05902,43.89681],[-0.0239,43.92984],[0.00673,43.95374],[-0.03617,43.98374],[-0.07025,43.94494],[-0.09336,43.9485],[-0.09524,43.92946],[-0.12468,43.94435],[-0.15347,43.93981],[-0.1598,43.92771],[-0.17911,43.93792],[-0.20009,43.91483],[-0.22834,43.91145],[-0.23848,43.8938],[-0.19049,43.88075],[-0.18572,43.86689],[-0.19641,43.87162],[-0.20891,43.85767],[-0.18813,43.83256],[-0.19812,43.82937],[-0.19177,43.8101],[-0.22714,43.80827],[-0.2067,43.75921],[-0.21886,43.75033],[-0.19414,43.73702],[-0.25063,43.70779],[-0.2391,43.69395],[-0.25802,43.67375],[-0.23973,43.67124],[-0.24214,43.65506],[-0.26338,43.65278],[-0.26376,43.63592],[-0.28131,43.64295],[-0.2796,43.61818],[-0.2472,43.61595],[-0.25465,43.59708],[-0.24233,43.58342],[-0.17656,43.59683],[-0.16045,43.58057],[-0.09678,43.58241],[-0.09411,43.54393],[-0.06599,43.54813],[-0.04013,43.51261],[-0.04957,43.49192],[-0.01782,43.47215],[-0.06575,43.46348],[-0.07074,43.43528],[-0.05078,43.41959],[-0.06727,43.41042],[-0.04298,43.4102],[-0.0337,43.43269],[-0.00248,43.44508],[-0.00479,43.43162],[0.00966,43.4222],[-0.00578,43.37302],[0.0295,43.34615],[0.01032,43.32532],[-0.02537,43.32962],[-0.04612,43.30086],[-0.04439,43.28528],[-0.01701,43.27045],[-0.04946,43.21718],[-0.07397,43.22238],[-0.06787,43.17712],[-0.10595,43.16653],[-0.1177,43.18033],[-0.14613,43.12824],[-0.17501,43.11012],[-0.19384,43.11502],[-0.18644,43.08427],[-0.19915,43.06441],[-0.18156,43.05254],[-0.22395,43.03369],[-0.25818,43.03816],[-0.25967,43.01368],[-0.28724,43.00592],[-0.28159,42.93356],[-0.32717,42.9165],[-0.31086,42.85314],[-0.32402,42.83498],[-0.34714,42.83773],[-0.38337,42.801],[-0.40924,42.80775],[-0.44348,42.79592],[-0.5011,42.82784],[-0.52429,42.81216],[-0.52973,42.79153],[-0.56693,42.78053],[-0.56602,42.80379],[-0.60076,42.80631],[-0.60363,42.83262],[-0.65506,42.8581],[-0.67841,42.8844],[-0.69888,42.87876],[-0.73185,42.89605],[-0.73057,42.94549],[-0.75296,42.96771],[-0.81477,42.95104],[-0.90757,42.96428],[-0.94383,42.95319],[-1.01659,42.99468],[-1.07418,42.99861],[-1.11471,43.02386],[-1.14221,43.00798],[-1.1444,43.02353],[-1.1641,43.03486],[-1.23016,43.05538],[-1.26298,43.04339],[-1.30928,43.06865],[-1.27019,43.11857],[-1.32061,43.11275],[-1.34511,43.09402],[-1.3537,43.02824],[-1.44122,43.04631],[-1.47321,43.08676],[-1.41478,43.12789],[-1.40202,43.17787],[-1.38174,43.18963],[-1.38854,43.25856],[-1.41321,43.27342],[-1.43885,43.26652],[-1.53532,43.29464],[-1.56472,43.28791],[-1.55815,43.27693],[-1.57661,43.24988],[-1.60867,43.25191],[-1.63037,43.28445],[-1.62407,43.30607],[-1.66853,43.31486],[-1.72975,43.29568],[-1.73771,43.3304],[-1.78713,43.35137],[-1.78291,43.36204],[-1.79235,43.3706],[-1.78875,43.37838],[-1.68209,43.39755],[-1.66977,43.38804],[-1.66173,43.40383],[-1.60453,43.43039],[-1.4482,43.64228],[-1.30648,44.17062],[-1.25483,44.45729],[-1.26019,44.54317],[-1.21214,44.59951],[-1.19524,44.65719],[-1.14229,44.65925],[-1.14916,44.64002],[-1.08112,44.64019],[-1.03926,44.65378],[-1.03591,44.64874],[-1.02218,44.6421],[-1.00362,44.64836],[-1.01939,44.67821],[-1.06928,44.69624],[-1.03742,44.69232],[-1.05128,44.70578],[-1.1182,44.74415],[-1.11615,44.75533],[-1.12776,44.7508],[-1.16756,44.77604],[-1.18001,44.7581],[-1.17381,44.74536],[-1.23262,44.69302],[-1.24465,44.6231],[-1.25215,44.61773],[-1.26205,44.6322],[-1.16203,45.29969],[-1.15619,45.47611],[-1.0912,45.56241],[-0.989,45.58526],[-0.99682,45.59998],[-1.01303,45.59963],[-1.02219,45.62263],[-1.04324,45.61754],[-1.20932,45.6967],[-1.23089,45.69134],[-1.21868,45.67452],[-1.19597,45.67363],[-1.213,45.67105],[-1.23005,45.67707],[-1.24257,45.78157],[-1.1337,45.80276],[-1.17024,45.85593],[-1.11361,45.8593],[-1.07379,45.91423],[-1.07686,45.9367],[-1.09961,45.94438],[-1.06432,45.94991],[-1.08414,45.97993],[-1.12145,46.00297],[-1.06308,45.99443],[-1.05269,46.01118],[-1.06152,46.04527],[-1.08884,46.05395],[-1.10073,46.0938],[-1.14307,46.10632],[-1.12414,46.11204],[-1.12823,46.12655],[-1.17328,46.13803],[-1.16072,46.15549],[-1.20773,46.14597],[-1.24149,46.16274],[-1.20249,46.18895],[-1.199,46.21325],[-1.11116,46.26134],[-1.12364,46.32179],[-1.07547,46.3175],[-1.0813,46.32335],[-1.05338,46.349],[-0.9749,46.35105],[-0.96451,46.3654],[-0.92963,46.37152],[-0.94347,46.3366],[-0.9631,46.32262],[-0.93102,46.31004],[-0.88717,46.32665],[-0.85249,46.31714],[-0.83988,46.34037],[-0.80021,46.34238],[-0.80281,46.32529],[-0.72191,46.30237],[-0.69777,46.32486],[-0.64841,46.3169],[-0.6366,46.33759],[-0.60495,46.34715],[-0.60325,46.36147],[-0.56181,46.35974],[-0.5378,46.38647],[-0.61018,46.41374],[-0.62088,46.39046],[-0.64064,46.39696],[-0.62911,46.40406],[-0.63943,46.41045],[-0.63684,46.43231],[-0.60766,46.45486],[-0.63116,46.47859],[-0.62503,46.49748],[-0.6452,46.50857],[-0.64403,46.52184],[-0.60828,46.52637],[-0.60222,46.54804],[-0.6245,46.57498],[-0.6119,46.58831],[-0.62569,46.60505],[-0.61405,46.62161],[-0.63419,46.63739],[-0.65888,46.63592],[-0.63699,46.66333],[-0.68073,46.68694],[-0.65619,46.70077],[-0.70261,46.73494],[-0.6983,46.75176],[-0.72705,46.76642],[-0.71784,46.80052],[-0.69875,46.81088],[-0.78165,46.84283],[-0.83085,46.88515],[-0.8074,46.91983],[-0.84801,46.94099],[-0.85793,46.93432],[-0.84948,46.94599],[-0.87894,46.94503],[-0.86058,46.9491],[-0.86379,46.96225],[-0.87854,46.95599],[-0.87712,46.96854],[-0.90239,46.97075],[-0.85259,46.97071],[-0.84428,46.98931],[-0.80845,46.98758],[-0.78758,47.00514],[-0.76195,46.99214],[-0.74286,46.9919],[-0.74337,47.0007],[-0.71588,46.98388],[-0.69847,46.99456],[-0.68019,46.98766],[-0.67058,47.0029],[-0.6455,46.99212],[-0.59549,46.99795],[-0.56226,47.03066],[-0.54253,47.03234],[-0.5573,47.06437],[-0.49445,47.08309],[-0.45956,47.08241],[-0.48554,47.06521],[-0.48038,47.05363],[-0.45799,47.06877],[-0.40685,47.06702],[-0.39592,47.09159],[-0.34146,47.08733],[-0.24074,47.1057],[-0.20627,47.09319],[-0.17955,47.108],[-0.14055,47.09705],[-0.17902,47.07017],[-0.14732,47.06968],[-0.1289,47.05424],[-0.10212,47.0648],[-0.0859,47.10101],[-0.03562,47.08626],[-0.0266,47.10588],[-0.04098,47.11355],[-0.01218,47.15595],[0.01901,47.17576],[0.03664,47.16035],[0.0492,47.16889],[0.0656,47.14306],[0.07839,47.14633],[0.08135,47.11854],[0.12292,47.12866],[0.14039,47.12387],[0.13472,47.10787],[0.16256,47.10071],[0.18316,47.11438],[0.20095,47.09139],[0.17577,47.06064],[0.19224,47.0654],[0.208,47.05323],[0.24554,47.07129],[0.26762,47.0675],[0.26817,47.04282],[0.30538,47.0527],[0.31029,47.02574],[0.29867,47.0196],[0.31297,46.99803],[0.29187,46.98924],[0.30553,46.98616],[0.3013,46.95575],[0.32383,46.93145],[0.36652,46.94956],[0.43871,46.92958],[0.50519,46.9599],[0.60011,46.95742],[0.60118,46.97309],[0.57404,46.98285],[0.56774,47.00629],[0.61887,47.00746],[0.63341,46.98672],[0.69257,46.97431],[0.70432,46.90329],[0.75405,46.85963],[0.77002,46.86511],[0.76747,46.85145],[0.79384,46.85122],[0.7868,46.84046],[0.80932,46.82786],[0.81502,46.78851],[0.91323,46.72571],[0.92789,46.69265],[0.90266,46.68001],[0.91775,46.65059],[0.8939,46.62861],[0.91587,46.59663],[0.93776,46.59442],[0.96367,46.57107],[1.01476,46.56776],[1.02291,46.53591],[1.09133,46.53767],[1.14594,46.5064],[1.13341,46.49763],[1.15736,46.46945],[1.13551,46.47089],[1.15182,46.4487],[1.18602,46.44109],[1.18649,46.42813],[1.21269,46.43222],[1.17728,46.38395],[1.18219,46.37608],[1.20973,46.38976],[1.21964,46.36598],[1.2604,46.37878],[1.30306,46.37099],[1.32281,46.38548],[1.31391,46.39538],[1.35602,46.40012],[1.41519,46.34722]],[[-0.10728,43.37073],[-0.09023,43.35935],[-0.08657,43.33616],[-0.11552,43.33238],[-0.1102,43.31218],[-0.07504,43.30714],[-0.06493,43.355],[-0.0931,43.37388],[-0.10728,43.37073]],[[-0.10308,43.24282],[-0.07929,43.27166],[-0.09618,43.28548],[-0.08934,43.30084],[-0.11149,43.3104],[-0.14062,43.27194],[-0.12134,43.2409],[-0.10308,43.24282]]],[[[-1.10533,45.95439],[-1.1192,45.95707],[-1.11947,45.96143],[-1.10533,45.95439]]],[[[-1.49446,46.20536],[-1.4582,46.22867],[-1.41294,46.23014],[-1.43919,46.21017],[-1.35472,46.20611],[-1.32135,46.18719],[-1.29276,46.18735],[-1.27424,46.16016],[-1.25495,46.16352],[-1.27956,46.14369],[-1.32163,46.14504],[-1.4616,46.20212],[-1.50402,46.19366],[-1.53394,46.20232],[-1.56293,46.24384],[-1.49465,46.25618],[-1.47455,46.23326],[-1.5148,46.22699],[-1.49446,46.20536]]],[[[-1.17559,46.008],[-1.17456,46.0242],[-1.15428,46.01929],[-1.17143,46.01858],[-1.17559,46.008]]],[[[-1.23939,45.80787],[-1.27005,45.88181],[-1.38598,45.95239],[-1.39578,45.97683],[-1.38787,46.00002],[-1.4124,46.04789],[-1.37023,46.03924],[-1.31515,45.99389],[-1.23755,45.98391],[-1.24168,45.95531],[-1.22631,45.9413],[-1.23377,45.92706],[-1.18741,45.8866],[-1.20771,45.85034],[-1.19545,45.82939],[-1.22626,45.80369],[-1.23939,45.80787]]],[[[-1.24787,44.58688],[-1.23347,44.59359],[-1.22951,44.58872],[-1.24357,44.58886],[-1.23442,44.58436],[-1.24954,44.58029],[-1.24631,44.57179],[-1.25158,44.57956],[-1.24787,44.58688]]],[[[-1.02456,44.65288],[-1.02626,44.66247],[-1.01378,44.6518],[-1.02456,44.65288]]],[[[-1.02059,44.64624],[-1.02756,44.64698],[-1.02681,44.6502],[-1.02059,44.64624]]],[[[-1.17943,44.70398],[-1.18516,44.69722],[-1.18765,44.70219],[-1.17943,44.70398]]],[[[-1.18183,44.69683],[-1.18471,44.69512],[-1.18473,44.6966],[-1.18183,44.69683]]]]}},{"type":"Feature","properties":{"code":"76","nom":"Occitanie"},"geometry":{"type":"MultiPolygon","coordinates":[[[[1.78613,42.57362],[1.72612,42.58969],[1.73607,42.61715],[1.60205,42.62548],[1.54925,42.65578],[1.51891,42.64548],[1.47877,42.65165],[1.46834,42.63082],[1.47656,42.61302],[1.43783,42.60321],[1.41366,42.65552],[1.38778,42.66837],[1.38933,42.68679],[1.35124,42.70266],[1.35738,42.71941],[1.25316,42.71463],[1.22911,42.72772],[1.16593,42.70871],[1.13327,42.72807],[1.12808,42.75538],[1.07908,42.78828],[0.98649,42.78652],[0.96013,42.80574],[0.92612,42.7891],[0.85831,42.82572],[0.77639,42.83654],[0.70838,42.8614],[0.65901,42.83853],[0.67057,42.80543],[0.64539,42.78354],[0.66681,42.7754],[0.64198,42.75468],[0.66294,42.7501],[0.68003,42.72347],[0.67647,42.69101],[0.59732,42.70584],[0.58916,42.69495],[0.52961,42.70268],[0.51658,42.69144],[0.47775,42.69999],[0.42275,42.69082],[0.3601,42.72429],[0.29514,42.67316],[0.26346,42.69324],[0.25988,42.71581],[0.17573,42.737],[0.11605,42.71084],[0.07836,42.7149],[0.05855,42.69766],[0.01445,42.70165],[0.00189,42.68582],[-0.05672,42.69215],[-0.06884,42.7179],[-0.1068,42.7205],[-0.16087,42.79832],[-0.18942,42.7866],[-0.23915,42.80888],[-0.24336,42.82314],[-0.30636,42.84121],[-0.32717,42.9165],[-0.28159,42.93356],[-0.28724,43.00592],[-0.25967,43.01368],[-0.25818,43.03816],[-0.22395,43.03369],[-0.18156,43.05254],[-0.19915,43.06441],[-0.18644,43.08427],[-0.19384,43.11502],[-0.17501,43.11012],[-0.14613,43.12824],[-0.1177,43.18033],[-0.10595,43.16653],[-0.06787,43.17712],[-0.07397,43.22238],[-0.04946,43.21718],[-0.01701,43.27045],[-0.04439,43.28528],[-0.04612,43.30086],[-0.02537,43.32962],[0.01032,43.32532],[0.0295,43.34615],[-0.00578,43.37302],[0.00966,43.4222],[-0.00479,43.43162],[-0.00248,43.44508],[-0.0337,43.43269],[-0.04298,43.4102],[-0.06727,43.41042],[-0.05078,43.41959],[-0.07074,43.43528],[-0.06575,43.46348],[-0.01782,43.47215],[-0.04957,43.49192],[-0.04013,43.51261],[-0.06599,43.54813],[-0.09411,43.54393],[-0.09678,43.58241],[-0.16045,43.58057],[-0.17656,43.59683],[-0.24233,43.58342],[-0.25465,43.59708],[-0.2472,43.61595],[-0.2796,43.61818],[-0.28131,43.64295],[-0.26376,43.63592],[-0.26338,43.65278],[-0.24214,43.65506],[-0.23973,43.67124],[-0.25802,43.67375],[-0.2391,43.69395],[-0.25063,43.70779],[-0.19414,43.73702],[-0.21886,43.75033],[-0.2067,43.75921],[-0.22714,43.80827],[-0.19177,43.8101],[-0.19812,43.82937],[-0.18813,43.83256],[-0.20891,43.85767],[-0.19641,43.87162],[-0.18572,43.86689],[-0.19049,43.88075],[-0.23934,43.89828],[-0.17911,43.93792],[-0.1598,43.92771],[-0.15347,43.93981],[-0.12468,43.94435],[-0.09524,43.92946],[-0.09336,43.9485],[-0.07025,43.94494],[-0.03617,43.98374],[0.00673,43.95374],[-0.0239,43.92984],[0.05902,43.89681],[0.07665,43.91647],[0.05555,43.96144],[0.07381,43.98242],[0.11682,43.98804],[0.12679,44.00191],[0.14166,43.99424],[0.13864,43.97477],[0.15754,43.97284],[0.18958,44.01464],[0.23138,44.0228],[0.23338,44.00889],[0.30285,43.99098],[0.3177,43.99461],[0.31653,44.01012],[0.3581,44.01701],[0.38152,44.00638],[0.39687,44.02231],[0.44245,44.02876],[0.45952,44.05524],[0.50594,44.05185],[0.51214,44.0633],[0.55547,44.05475],[0.59376,44.07929],[0.65408,44.04243],[0.6604,44.02542],[0.67709,44.02697],[0.68567,44.04617],[0.73868,44.06102],[0.75683,44.1074],[0.79889,44.11064],[0.78857,44.14439],[0.86697,44.12635],[0.88269,44.14207],[0.894,44.13789],[0.88918,44.17199],[0.87099,44.1679],[0.85302,44.18391],[0.86174,44.19339],[0.90597,44.19012],[0.92924,44.23025],[0.91909,44.23827],[0.93263,44.24834],[0.92778,44.26741],[0.95079,44.27506],[0.91643,44.3022],[0.89412,44.29693],[0.86917,44.30989],[0.89611,44.34623],[0.8872,44.36462],[0.89638,44.38184],[0.91985,44.38442],[0.94238,44.3446],[0.95151,44.36158],[1.0493,44.36236],[1.06408,44.37851],[1.05143,44.39209],[1.06131,44.40188],[1.05749,44.42767],[1.0282,44.434],[1.02401,44.47307],[1.00903,44.48004],[1.01623,44.50587],[0.98152,44.54444],[1.00888,44.54711],[1.01297,44.53626],[1.07439,44.57728],[1.10321,44.57173],[1.09459,44.59234],[1.15333,44.63774],[1.14673,44.6708],[1.22455,44.68427],[1.27078,44.72273],[1.28778,44.71478],[1.30019,44.74428],[1.31605,44.74037],[1.32282,44.76504],[1.29846,44.77424],[1.29827,44.79619],[1.3641,44.81157],[1.36595,44.84579],[1.40249,44.85008],[1.41132,44.87229],[1.44192,44.87758],[1.41225,44.90979],[1.44235,44.91655],[1.41663,44.96062],[1.40927,45.006],[1.46199,45.0137],[1.53747,45.04669],[1.54512,45.02888],[1.57631,45.0407],[1.64621,45.02849],[1.70266,44.98783],[1.71103,44.96729],[1.7508,44.95573],[1.74934,44.93758],[1.77493,44.92372],[1.7857,44.93691],[1.80129,44.92209],[1.82391,44.92768],[1.83117,44.94549],[1.84277,44.93708],[1.90866,44.97842],[1.93907,44.97322],[1.94916,44.95252],[1.99148,44.97591],[2.06291,44.97651],[2.0807,44.95329],[2.0778,44.93393],[2.10728,44.91028],[2.08591,44.90384],[2.08434,44.88567],[2.13531,44.827],[2.16772,44.81096],[2.16972,44.77748],[2.14846,44.76655],[2.15574,44.74245],[2.12995,44.69867],[2.15953,44.69741],[2.17915,44.67445],[2.16184,44.6634],[2.17404,44.65365],[2.16873,44.63861],[2.20748,44.61553],[2.22057,44.62203],[2.20841,44.64384],[2.21591,44.65069],[2.28529,44.66676],[2.32679,44.66969],[2.33296,44.64873],[2.35453,44.64013],[2.38005,44.65129],[2.435,44.63888],[2.48319,44.65034],[2.50012,44.69019],[2.56042,44.72118],[2.5595,44.73149],[2.54453,44.72513],[2.55572,44.73352],[2.55058,44.75608],[2.56284,44.77787],[2.6,44.79305],[2.59695,44.82028],[2.61161,44.83068],[2.60268,44.84317],[2.63054,44.87284],[2.65425,44.86968],[2.68048,44.90686],[2.70828,44.90834],[2.71359,44.92713],[2.73825,44.94122],[2.77609,44.90896],[2.77385,44.85474],[2.80418,44.87439],[2.85968,44.87446],[2.8549,44.85041],[2.88786,44.78921],[2.90511,44.78377],[2.92019,44.79431],[2.93775,44.77487],[2.93074,44.76177],[2.91147,44.76182],[2.93377,44.74987],[2.92326,44.72864],[2.93774,44.68055],[2.98168,44.64468],[3.01653,44.71437],[3.03913,44.71499],[3.02636,44.72893],[3.04904,44.76272],[3.04809,44.80425],[3.07698,44.82419],[3.07266,44.83744],[3.09916,44.83291],[3.10398,44.88656],[3.1411,44.90332],[3.18855,44.86145],[3.23633,44.88791],[3.22643,44.90998],[3.24969,44.91624],[3.24841,44.93951],[3.26663,44.94229],[3.26153,44.93207],[3.28602,44.92638],[3.35453,44.95482],[3.37257,44.97545],[3.37135,44.96025],[3.40438,44.95703],[3.41519,44.94158],[3.42045,44.8951],[3.47824,44.80968],[3.50565,44.82385],[3.56152,44.82488],[3.57058,44.83587],[3.58892,44.8264],[3.59373,44.87657],[3.63021,44.88093],[3.67244,44.85683],[3.66323,44.82983],[3.74255,44.83895],[3.7612,44.80186],[3.79853,44.78609],[3.80927,44.76516],[3.83356,44.77647],[3.84319,44.77022],[3.83543,44.74804],[3.87546,44.74063],[3.86151,44.71202],[3.86965,44.6971],[3.8843,44.69758],[3.86954,44.67825],[3.89475,44.65113],[3.90517,44.59271],[3.92946,44.56875],[3.95148,44.57059],[3.9881,44.50419],[3.98765,44.47278],[4.0376,44.44572],[4.04646,44.43271],[4.03549,44.42009],[4.06844,44.40511],[4.04048,44.3913],[4.05757,44.36346],[4.05353,44.33867],[4.03573,44.3302],[4.04683,44.31938],[4.09379,44.3345],[4.11576,44.32687],[4.12675,44.33773],[4.14287,44.31335],[4.17799,44.31774],[4.1872,44.29931],[4.25789,44.26481],[4.28861,44.29188],[4.28837,44.31502],[4.31663,44.32069],[4.32577,44.33832],[4.3913,44.34694],[4.40326,44.33358],[4.39538,44.29086],[4.44042,44.28342],[4.45321,44.29787],[4.45422,44.33963],[4.50563,44.34402],[4.51275,44.32809],[4.54879,44.32572],[4.5587,44.30244],[4.616,44.27818],[4.63806,44.28297],[4.67786,44.23412],[4.67425,44.21402],[4.70655,44.21443],[4.70578,44.19279],[4.72207,44.18742],[4.70607,44.10775],[4.72063,44.08179],[4.7583,44.08792],[4.82115,44.01647],[4.84334,44.00986],[4.84211,43.98647],[4.81247,43.98766],[4.81402,43.964],[4.77902,43.93789],[4.75,43.93218],[4.69223,43.88418],[4.64191,43.86748],[4.64146,43.85114],[4.66679,43.84612],[4.64242,43.83144],[4.65194,43.78407],[4.61228,43.72475],[4.62745,43.68543],[4.53985,43.70727],[4.48724,43.69924],[4.47747,43.67251],[4.4513,43.66413],[4.42617,43.62448],[4.43975,43.61067],[4.47252,43.61204],[4.46068,43.58926],[4.42554,43.58522],[4.40294,43.57299],[4.41659,43.57134],[4.40935,43.56113],[4.38741,43.5622],[4.33414,43.53545],[4.31608,43.54488],[4.32287,43.55431],[4.31399,43.55557],[4.3079,43.5452],[4.32467,43.5282],[4.23968,43.49917],[4.23028,43.46019],[4.1272,43.48945],[4.11651,43.5083],[4.13912,43.5319],[4.11736,43.54908],[4.05614,43.55754],[3.99547,43.5485],[3.88608,43.50674],[3.79666,43.44104],[3.72492,43.41579],[3.72563,43.40119],[3.64313,43.38314],[3.50951,43.27172],[3.43033,43.29021],[3.36908,43.27925],[3.26631,43.23065],[3.16971,43.15876],[3.09288,43.06914],[3.05094,42.98621],[3.03963,42.93129],[3.06071,42.91742],[3.03976,42.80559],[3.03983,42.71103],[3.02447,42.70388],[3.03895,42.70121],[3.03544,42.64225],[3.05184,42.54395],[3.08544,42.52438],[3.1411,42.51521],[3.12334,42.50594],[3.13561,42.49969],[3.12754,42.48732],[3.15514,42.47745],[3.1736,42.43587],[3.12083,42.43801],[3.0861,42.42519],[3.04046,42.47439],[2.96735,42.46536],[2.94709,42.4818],[2.91845,42.45608],[2.87031,42.46734],[2.8615,42.45483],[2.83954,42.45929],[2.82753,42.43955],[2.77697,42.41195],[2.73345,42.42445],[2.67394,42.4047],[2.67142,42.38753],[2.65149,42.38641],[2.67548,42.34238],[2.57086,42.35795],[2.53272,42.33305],[2.48121,42.34064],[2.43346,42.37709],[2.43246,42.39326],[2.36077,42.40283],[2.31414,42.42785],[2.2913,42.42294],[2.25672,42.43844],[2.20161,42.41638],[2.15088,42.42113],[2.1256,42.40965],[2.11676,42.38321],[2.08463,42.36177],[2.01541,42.34678],[1.96474,42.38164],[1.95829,42.42396],[1.94099,42.4302],[1.93688,42.45359],[1.89136,42.44779],[1.82352,42.48624],[1.73067,42.49275],[1.72181,42.51704],[1.73453,42.54908],[1.78613,42.57362]],[[1.96006,42.47045],[1.96101,42.4529],[2.01438,42.45168],[1.99164,42.46268],[1.98653,42.47576],[1.99832,42.48516],[1.98953,42.49354],[1.96006,42.47045]]],[[[3.50066,43.2629],[3.50223,43.26419],[3.50355,43.2631],[3.50066,43.2629]]],[[[-0.10308,43.24282],[-0.12134,43.2409],[-0.14062,43.27194],[-0.11149,43.3104],[-0.08934,43.30084],[-0.09618,43.28548],[-0.07929,43.27166],[-0.10308,43.24282]]],[[[-0.09023,43.35935],[-0.10728,43.37073],[-0.0931,43.37388],[-0.06493,43.355],[-0.07504,43.30714],[-0.1102,43.31218],[-0.11552,43.33238],[-0.08657,43.33616],[-0.09023,43.35935]]]]}},{"type":"Feature","properties":{"code":"84","nom":"Auvergne-Rhône-Alpes"},"geometry":{"type":"Polygon","coordinates":[[[4.78021,46.17668],[4.81099,46.25992],[4.85342,46.3299],[4.85146,46.35627],[4.88821,46.40298],[4.89354,46.44404],[4.91354,46.46074],[4.91556,46.48894],[4.94125,46.51965],[4.95454,46.51269],[4.9442,46.51063],[4.95006,46.50081],[4.98355,46.51539],[5.05643,46.48393],[5.09725,46.49996],[5.11455,46.49265],[5.13507,46.50898],[5.16625,46.50312],[5.16728,46.51907],[5.20186,46.50826],[5.21506,46.46836],[5.25765,46.44985],[5.3149,46.44513],[5.32447,46.42849],[5.2988,46.41268],[5.37788,46.38223],[5.36282,46.3699],[5.40142,46.33955],[5.40465,46.31034],[5.42366,46.34768],[5.43783,46.3157],[5.46692,46.32327],[5.4753,46.31539],[5.45684,46.27448],[5.47385,46.26428],[5.5391,46.2688],[5.56516,46.29345],[5.59354,46.29436],[5.61324,46.3272],[5.64314,46.34478],[5.64443,46.3248],[5.71472,46.30877],[5.72518,46.26073],[5.85307,46.26151],[5.9092,46.28394],[5.918,46.30919],[5.94136,46.30873],[5.98354,46.36304],[6.05717,46.41631],[6.15985,46.37903],[6.17022,46.36648],[6.10237,46.28485],[6.12425,46.25101],[6.10176,46.23749],[6.06318,46.2457],[6.04616,46.23118],[6.03372,46.23842],[5.97474,46.21512],[5.96368,46.19696],[5.99529,46.18299],[5.95729,46.12794],[5.99278,46.14442],[6.03671,46.13646],[6.05204,46.1514],[6.13618,46.14153],[6.18889,46.16633],[6.18736,46.18034],[6.22187,46.2006],[6.29447,46.22492],[6.30953,46.25625],[6.29488,46.26459],[6.26662,46.24747],[6.23758,46.27775],[6.2529,46.29051],[6.24351,46.30353],[6.25767,46.32551],[6.30521,46.36676],[6.34468,46.37001],[6.35953,46.34945],[6.38911,46.34012],[6.41313,46.35964],[6.4749,46.37482],[6.48447,46.39349],[6.51307,46.40479],[6.54388,46.39482],[6.72387,46.40796],[6.80531,46.39414],[6.80617,46.37983],[6.77142,46.36092],[6.77199,46.35031],[6.86449,46.27961],[6.85558,46.25514],[6.80366,46.20435],[6.8127,46.18164],[6.79198,46.16223],[6.79654,46.13862],[6.89993,46.1239],[6.87558,46.04774],[6.89131,46.04237],[6.93791,46.06328],[6.9851,46.00465],[7.01048,45.99738],[7.02321,45.97847],[7.00901,45.96897],[7.03761,45.9543],[7.04507,45.92245],[7.01831,45.91437],[6.99145,45.86798],[6.95134,45.86122],[6.94137,45.84693],[6.87914,45.84915],[6.86738,45.82409],[6.84436,45.84046],[6.81889,45.8362],[6.80084,45.78078],[6.81725,45.7403],[6.80842,45.72515],[6.8563,45.68551],[6.90253,45.68094],[6.91483,45.65173],[6.97046,45.65387],[7.00069,45.6399],[6.97801,45.58718],[6.997,45.5689],[7.00033,45.50442],[7.05457,45.49497],[7.04799,45.47344],[7.10303,45.46845],[7.11435,45.43349],[7.18427,45.40748],[7.15846,45.37039],[7.16451,45.36066],[7.13393,45.34723],[7.13175,45.32924],[7.11117,45.32694],[7.13759,45.25569],[7.07185,45.20995],[7.04721,45.22581],[6.96575,45.20795],[6.94713,45.17076],[6.89161,45.16704],[6.89235,45.13682],[6.84789,45.1272],[6.76795,45.15974],[6.74002,45.13674],[6.68007,45.14012],[6.67246,45.12441],[6.62999,45.10933],[6.61555,45.12148],[6.57653,45.1231],[6.53916,45.09909],[6.51042,45.109],[6.48049,45.09417],[6.48623,45.05607],[6.4518,45.05172],[6.36488,45.07017],[6.37467,45.08317],[6.36574,45.10096],[6.33448,45.12284],[6.29355,45.10851],[6.26057,45.12685],[6.23154,45.11061],[6.24452,45.07171],[6.22008,45.06537],[6.20393,45.01247],[6.25343,44.99521],[6.32352,44.99907],[6.31482,44.98018],[6.32954,44.96924],[6.32292,44.95302],[6.35884,44.94128],[6.35395,44.85348],[6.32409,44.85221],[6.2886,44.87406],[6.24998,44.85191],[6.16845,44.85225],[6.1329,44.8645],[6.0565,44.81581],[6.03021,44.8381],[6.01594,44.83548],[6.00552,44.82082],[5.94952,44.80453],[5.98015,44.78118],[5.95316,44.77131],[5.95112,44.75962],[5.90015,44.75832],[5.88181,44.74663],[5.82709,44.75969],[5.82931,44.74161],[5.80125,44.70828],[5.83044,44.69055],[5.79942,44.67415],[5.79062,44.65329],[5.75394,44.66271],[5.75356,44.64858],[5.72804,44.6392],[5.64172,44.65107],[5.64719,44.61156],[5.63533,44.60915],[5.59725,44.54327],[5.62737,44.53458],[5.6645,44.50189],[5.62979,44.50119],[5.61174,44.4696],[5.45841,44.49939],[5.46443,44.44789],[5.4983,44.43732],[5.47649,44.41972],[5.43672,44.4337],[5.4184,44.42477],[5.44303,44.39124],[5.43191,44.37099],[5.46255,44.36738],[5.49129,44.33786],[5.52137,44.35108],[5.54727,44.33],[5.62692,44.33476],[5.63257,44.32835],[5.6079,44.30667],[5.63821,44.299],[5.63211,44.2839],[5.64678,44.26709],[5.67561,44.27589],[5.68657,44.26692],[5.67299,44.24619],[5.68642,44.19464],[5.65159,44.18958],[5.64327,44.17072],[5.68236,44.16363],[5.67794,44.14638],[5.63114,44.15058],[5.63959,44.16759],[5.60933,44.19071],[5.57619,44.18804],[5.56437,44.1709],[5.57873,44.15208],[5.55133,44.14979],[5.5414,44.13263],[5.50261,44.11565],[5.45472,44.11923],[5.43576,44.15225],[5.38324,44.15528],[5.38453,44.20118],[5.35535,44.21456],[5.3033,44.20539],[5.2523,44.23121],[5.23082,44.21193],[5.15813,44.22884],[5.14947,44.2353],[5.16073,44.26655],[5.14707,44.27557],[5.16811,44.28992],[5.16775,44.31483],[5.10797,44.27725],[5.07651,44.28409],[5.06056,44.30814],[4.93291,44.26215],[4.87905,44.26148],[4.82665,44.22833],[4.8141,44.23231],[4.80456,44.3039],[4.76225,44.32538],[4.67903,44.32049],[4.65062,44.32981],[4.64922,44.27036],[4.63493,44.28482],[4.616,44.27818],[4.5587,44.30244],[4.54879,44.32572],[4.51275,44.32809],[4.50368,44.34419],[4.45422,44.33963],[4.45321,44.29787],[4.44042,44.28342],[4.39979,44.28795],[4.38959,44.30109],[4.40326,44.33358],[4.38818,44.34717],[4.32577,44.33832],[4.31663,44.32069],[4.29043,44.31673],[4.28861,44.29188],[4.25789,44.26481],[4.1872,44.29931],[4.17799,44.31774],[4.14287,44.31335],[4.12675,44.33773],[4.05145,44.31732],[4.03573,44.3302],[4.05353,44.33867],[4.05757,44.36346],[4.04048,44.3913],[4.06844,44.40511],[4.03549,44.42009],[4.04646,44.43271],[4.0376,44.44572],[3.98765,44.47278],[3.9881,44.50419],[3.95148,44.57059],[3.92946,44.56875],[3.90517,44.59271],[3.89475,44.65113],[3.86954,44.67825],[3.8843,44.69758],[3.86965,44.6971],[3.86151,44.71202],[3.87546,44.74063],[3.83543,44.74804],[3.84319,44.77022],[3.83356,44.77647],[3.80927,44.76516],[3.79853,44.78609],[3.7612,44.80186],[3.74255,44.83895],[3.66323,44.82983],[3.67244,44.85683],[3.63021,44.88093],[3.59373,44.87657],[3.58892,44.8264],[3.57058,44.83587],[3.56152,44.82488],[3.50565,44.82385],[3.47824,44.80968],[3.42045,44.8951],[3.41519,44.94158],[3.40438,44.95703],[3.37135,44.96025],[3.3722,44.97554],[3.35453,44.95482],[3.28602,44.92638],[3.26153,44.93207],[3.26663,44.94229],[3.24841,44.93951],[3.24969,44.91624],[3.22643,44.90998],[3.23633,44.88791],[3.18855,44.86145],[3.1411,44.90332],[3.10398,44.88656],[3.09916,44.83291],[3.07266,44.83744],[3.07698,44.82419],[3.04809,44.80425],[3.04904,44.76272],[3.02636,44.72893],[3.03913,44.71499],[3.01653,44.71437],[2.98168,44.64468],[2.93774,44.68055],[2.92326,44.72864],[2.93377,44.74987],[2.91147,44.76182],[2.93074,44.76177],[2.93775,44.77487],[2.92019,44.79431],[2.90511,44.78377],[2.88786,44.78921],[2.8549,44.85041],[2.85968,44.87446],[2.80418,44.87439],[2.77385,44.85474],[2.77609,44.90896],[2.73825,44.94122],[2.71359,44.92713],[2.70522,44.90637],[2.67621,44.90386],[2.65425,44.86968],[2.62317,44.86647],[2.60268,44.84317],[2.61161,44.83068],[2.59695,44.82028],[2.6,44.79305],[2.56284,44.77787],[2.55058,44.75608],[2.55572,44.73352],[2.54453,44.72513],[2.5595,44.73149],[2.56042,44.72118],[2.50012,44.69019],[2.49128,44.65749],[2.46804,44.64289],[2.38005,44.65129],[2.35453,44.64013],[2.33296,44.64873],[2.32679,44.66969],[2.28529,44.66676],[2.21591,44.65069],[2.20841,44.64384],[2.22057,44.62203],[2.20748,44.61553],[2.16873,44.63861],[2.17404,44.65365],[2.16184,44.6634],[2.17915,44.67445],[2.15953,44.69741],[2.12995,44.69867],[2.15574,44.74245],[2.14846,44.76655],[2.16972,44.77748],[2.16772,44.81096],[2.13531,44.827],[2.08434,44.88567],[2.08591,44.90384],[2.10728,44.91028],[2.0778,44.93393],[2.0807,44.95329],[2.06291,44.97651],[2.13645,44.99016],[2.14089,45.00653],[2.09516,45.05603],[2.14018,45.08652],[2.17455,45.08226],[2.19034,45.11612],[2.17879,45.1363],[2.20256,45.13916],[2.20843,45.16032],[2.232,45.16398],[2.20133,45.17979],[2.18932,45.22211],[2.24027,45.24759],[2.24284,45.26535],[2.26899,45.28939],[2.29022,45.28805],[2.31575,45.32183],[2.35976,45.33651],[2.35026,45.34604],[2.36513,45.35608],[2.36936,45.3865],[2.35066,45.41292],[2.3875,45.41196],[2.44186,45.38426],[2.47498,45.3813],[2.47662,45.37028],[2.52318,45.38281],[2.52127,45.40264],[2.48754,45.41816],[2.52039,45.52045],[2.51176,45.5251],[2.51684,45.55302],[2.49093,45.56039],[2.46117,45.59646],[2.47843,45.60791],[2.4875,45.6424],[2.52014,45.64069],[2.52828,45.65854],[2.51259,45.66976],[2.52868,45.6822],[2.52301,45.71145],[2.48484,45.74848],[2.4445,45.75819],[2.42727,45.79464],[2.38802,45.82738],[2.40367,45.83843],[2.43094,45.83382],[2.44951,45.84821],[2.44336,45.86661],[2.49223,45.86403],[2.50221,45.88849],[2.55501,45.91251],[2.5415,45.92153],[2.56991,45.94721],[2.56357,45.95559],[2.61157,45.97208],[2.59359,45.98984],[2.60251,46.03346],[2.57073,46.0473],[2.55039,46.08607],[2.54728,46.11297],[2.56634,46.14376],[2.5598,46.17337],[2.52599,46.18769],[2.51462,46.23994],[2.48916,46.24753],[2.47,46.28809],[2.43303,46.29451],[2.42134,46.28462],[2.42066,46.31013],[2.39186,46.32998],[2.36497,46.3107],[2.3549,46.32568],[2.30099,46.34223],[2.32314,46.36738],[2.33789,46.36414],[2.33139,46.37872],[2.28673,46.38285],[2.28335,46.44928],[2.30547,46.47543],[2.32299,46.46968],[2.32377,46.49011],[2.3654,46.51785],[2.49695,46.53367],[2.49718,46.52152],[2.52053,46.53089],[2.53665,46.5197],[2.61496,46.55328],[2.60011,46.59524],[2.58156,46.59316],[2.56838,46.60938],[2.58832,46.61596],[2.5931,46.64658],[2.56713,46.65374],[2.60543,46.67121],[2.60715,46.6605],[2.62864,46.65954],[2.62337,46.68964],[2.67438,46.70193],[2.68556,46.72262],[2.70228,46.71817],[2.70498,46.73939],[2.73206,46.74762],[2.75852,46.71775],[2.79509,46.73434],[2.84677,46.72706],[2.84542,46.74286],[2.91327,46.79103],[2.95323,46.79113],[2.9628,46.80399],[3.01752,46.7999],[3.06676,46.74548],[3.12978,46.7272],[3.16574,46.69173],[3.19882,46.67951],[3.26979,46.71674],[3.30092,46.7163],[3.31397,46.68875],[3.34671,46.68442],[3.36575,46.6896],[3.37855,46.71238],[3.42182,46.71373],[3.43369,46.71223],[3.43298,46.69334],[3.45305,46.69009],[3.44208,46.662],[3.48183,46.65067],[3.51442,46.68358],[3.53206,46.68879],[3.54648,46.67829],[3.56115,46.68862],[3.54811,46.72232],[3.57731,46.71485],[3.598,46.72398],[3.57569,46.74952],[3.59776,46.76203],[3.60204,46.75124],[3.62942,46.74946],[3.6226,46.74013],[3.63764,46.70748],[3.72399,46.62633],[3.71286,46.61023],[3.73732,46.60157],[3.7431,46.5655],[3.73154,46.54958],[3.74185,46.53951],[3.77253,46.5385],[3.80513,46.51932],[3.83916,46.53129],[3.84187,46.51421],[3.8638,46.51274],[3.86491,46.48974],[3.89521,46.48069],[3.91016,46.49538],[3.95572,46.49168],[3.95233,46.47849],[3.97683,46.47895],[4.00081,46.46245],[4.00554,46.44246],[3.98945,46.43782],[3.9961,46.42738],[3.97722,46.39922],[3.99161,46.36963],[3.98474,46.32973],[4.00457,46.32748],[3.98981,46.31508],[3.94578,46.32124],[3.94543,46.30046],[3.89722,46.29246],[3.90969,46.24778],[3.89661,46.23712],[3.8983,46.21024],[3.97255,46.20271],[3.99012,46.16911],[4.0305,46.16977],[4.10383,46.19844],[4.13339,46.17732],[4.18701,46.17457],[4.18524,46.1894],[4.20791,46.19484],[4.22469,46.178],[4.25491,46.18801],[4.26352,46.17536],[4.24991,46.15818],[4.28123,46.15594],[4.29231,46.17248],[4.31531,46.17064],[4.32709,46.18479],[4.37394,46.18684],[4.36283,46.20004],[4.38938,46.21329],[4.38545,46.24684],[4.40581,46.29606],[4.45863,46.29693],[4.48846,46.28799],[4.504,46.26713],[4.54645,46.27392],[4.56025,46.29524],[4.58377,46.26949],[4.61856,46.26479],[4.61643,46.28216],[4.63682,46.30066],[4.66404,46.29501],[4.6792,46.30626],[4.71039,46.27857],[4.68158,46.26675],[4.68174,46.25549],[4.73666,46.23247],[4.71953,46.22788],[4.73568,46.2117],[4.72068,46.20072],[4.72726,46.17912],[4.78021,46.17668]],[[4.91852,44.40779],[4.86953,44.34508],[4.89533,44.33806],[4.88163,44.32487],[4.89166,44.30425],[4.92215,44.30878],[4.98702,44.29271],[5.02389,44.36056],[5.07206,44.38041],[5.01558,44.39304],[5.01876,44.41598],[5.00106,44.4126],[4.97044,44.43137],[4.91852,44.40779]]]}},{"type":"Feature","properties":{"code":"01","nom":"Guadeloupe"},"geometry":{"type":"MultiPolygon","coordinates":[[[[-61.78809,16.16735],[-61.79197,16.16791],[-61.78817,16.16911],[-61.78809,16.16735]]],[[[-61.60712,15.83535],[-61.60992,15.83591],[-61.61134,15.83954],[-61.60712,15.83535]]],[[[-61.63356,15.83977],[-61.65092,15.84865],[-61.63513,15.87096],[-61.61436,15.85533],[-61.63356,15.83977]]],[[[-61.10879,16.16859],[-61.13124,16.17236],[-61.10722,16.17219],[-61.10879,16.16859]]],[[[-61.00982,16.34998],[-61.00528,16.33151],[-61.09724,16.29052],[-61.09063,16.31183],[-61.00982,16.34998]]],[[[-61.77792,16.36822],[-61.78163,16.36689],[-61.78063,16.37041],[-61.77792,16.36822]]],[[[-61.58462,15.83629],[-61.59713,15.83542],[-61.59171,15.84289],[-61.58462,15.83629]]],[[[-61.59328,15.85253],[-61.60665,15.85713],[-61.57159,15.88257],[-61.57129,15.87222],[-61.56645,15.87097],[-61.59328,15.85253]]],[[[-61.59119,15.87737],[-61.59681,15.87487],[-61.6017,15.87744],[-61.59119,15.87737]]],[[[-61.56573,15.87345],[-61.56642,15.87481],[-61.5652,15.87512],[-61.56573,15.87345]]],[[[-61.10392,16.18107],[-61.11064,16.17557],[-61.11385,16.17763],[-61.10392,16.18107]]],[[[-61.32312,15.94961],[-61.31902,15.97592],[-61.27569,16.00729],[-61.23309,15.98571],[-61.19587,15.92129],[-61.23449,15.87904],[-61.27918,15.86653],[-61.33102,15.89811],[-61.33706,15.94149],[-61.32312,15.94961]]],[[[-61.57893,16.34903],[-61.59191,16.34627],[-61.597,16.34233],[-61.59027,16.35349],[-61.57893,16.34903]]],[[[-61.52636,16.35061],[-61.52992,16.34996],[-61.52987,16.35082],[-61.52636,16.35061]]],[[[-61.54204,16.29406],[-61.54507,16.29444],[-61.54292,16.29515],[-61.54204,16.29406]]],[[[-61.55009,16.28038],[-61.55275,16.28121],[-61.55022,16.28218],[-61.55009,16.28038]]],[[[-61.50821,16.3499],[-61.50948,16.34883],[-61.51013,16.34973],[-61.50821,16.3499]]],[[[-61.55217,16.28405],[-61.55529,16.28606],[-61.55407,16.28641],[-61.55217,16.28405]]],[[[-61.55425,16.28673],[-61.55645,16.28702],[-61.55518,16.288],[-61.55425,16.28673]]],[[[-61.80606,16.268],[-61.78744,16.33574],[-61.74328,16.36201],[-61.6712,16.31787],[-61.60233,16.30341],[-61.62691,16.28053],[-61.61185,16.27948],[-61.61353,16.26765],[-61.59864,16.2817],[-61.5974,16.26605],[-61.57612,16.28512],[-61.5495,16.27757],[-61.55308,16.24958],[-61.54455,16.22534],[-61.57992,16.23688],[-61.59043,16.19325],[-61.5777,16.14286],[-61.56086,16.13114],[-61.57038,16.11394],[-61.55534,16.05324],[-61.61918,15.97173],[-61.70767,15.94891],[-61.71514,15.98258],[-61.74578,16.00942],[-61.76954,16.05873],[-61.78233,16.2144],[-61.80606,16.268]]],[[[-61.53048,16.21784],[-61.53283,16.22127],[-61.5255,16.21706],[-61.52329,16.22117],[-61.54969,16.25168],[-61.54738,16.27995],[-61.55448,16.28813],[-61.54113,16.28962],[-61.54226,16.29582],[-61.54699,16.30137],[-61.52963,16.33921],[-61.49371,16.35409],[-61.49504,16.37674],[-61.52575,16.39467],[-61.54148,16.43762],[-61.53545,16.45497],[-61.46475,16.51429],[-61.4614,16.49949],[-61.44355,16.50017],[-61.41005,16.46739],[-61.3979,16.42401],[-61.40538,16.38453],[-61.37951,16.34371],[-61.29705,16.32779],[-61.2595,16.3043],[-61.24326,16.27317],[-61.17373,16.2448],[-61.25567,16.25601],[-61.33858,16.24204],[-61.46419,16.19676],[-61.53048,16.21784]]],[[[-61.53468,16.21339],[-61.54281,16.21394],[-61.54273,16.21842],[-61.53468,16.21339]]],[[[-61.49064,16.19916],[-61.49209,16.19868],[-61.49175,16.20008],[-61.49064,16.19916]]]]}},{"type":"Feature","properties":{"code":"02","nom":"Martinique"},"geometry":{"type":"MultiPolygon","coordinates":[[[[-60.86711,14.39206],[-60.86884,14.39063],[-60.86836,14.39257],[-60.86711,14.39206]]],[[[-61.03784,14.44344],[-61.0409,14.44324],[-61.04029,14.44441],[-61.03784,14.44344]]],[[[-60.82522,14.4299],[-60.8304,14.43061],[-60.82598,14.43289],[-60.82522,14.4299]]],[[[-60.83118,14.41667],[-60.83233,14.41713],[-60.83125,14.41834],[-60.83118,14.41667]]],[[[-60.83199,14.41049],[-60.83426,14.41086],[-60.83253,14.41149],[-60.83199,14.41049]]],[[[-60.97905,14.47557],[-60.98021,14.47631],[-60.97857,14.47747],[-60.97905,14.47557]]],[[[-60.83458,14.56774],[-60.83576,14.57037],[-60.83433,14.56972],[-60.83458,14.56774]]],[[[-60.98735,14.78785],[-60.99065,14.78792],[-60.98743,14.78898],[-60.98735,14.78785]]],[[[-60.87401,14.4518],[-60.87528,14.45105],[-60.87504,14.45208],[-60.87401,14.4518]]],[[[-60.84961,14.61051],[-60.8578,14.61238],[-60.85277,14.61438],[-60.84961,14.61051]]],[[[-60.84601,14.62521],[-60.85029,14.62516],[-60.84711,14.62698],[-60.84601,14.62521]]],[[[-60.86034,14.61882],[-60.8642,14.61917],[-60.85817,14.62202],[-60.86034,14.61882]]],[[[-60.85446,14.6265],[-60.85181,14.62685],[-60.8539,14.626],[-60.85446,14.6265]]],[[[-60.86293,14.60582],[-60.86413,14.60687],[-60.86301,14.607],[-60.86293,14.60582]]],[[[-61.0169,14.54773],[-61.02163,14.54899],[-61.01651,14.55017],[-61.0169,14.54773]]],[[[-61.07836,14.54472],[-61.0801,14.54391],[-61.07939,14.54531],[-61.07836,14.54472]]],[[[-60.96249,14.77287],[-60.96458,14.77261],[-60.96456,14.77442],[-60.96249,14.77287]]],[[[-60.87858,14.75693],[-60.87979,14.75599],[-60.88001,14.75744],[-60.87858,14.75693]]],[[[-60.93295,14.73016],[-60.93419,14.73121],[-60.93243,14.73097],[-60.93295,14.73016]]],[[[-60.87432,14.77706],[-60.87597,14.77576],[-60.87564,14.77689],[-60.87432,14.77706]]],[[[-61.09042,14.59864],[-61.15676,14.65651],[-61.18484,14.70852],[-61.17725,14.74619],[-61.22716,14.80256],[-61.22644,14.83127],[-61.20656,14.86166],[-61.13884,14.87777],[-61.02916,14.83036],[-61.01871,14.80944],[-61.00115,14.80794],[-61.00431,14.79816],[-60.95805,14.73656],[-60.93463,14.76183],[-60.92049,14.75831],[-60.88843,14.78016],[-60.87463,14.77476],[-60.87271,14.7582],[-60.88367,14.76773],[-60.8968,14.76124],[-60.89555,14.73347],[-60.92586,14.75076],[-60.94313,14.74335],[-60.94473,14.72283],[-60.92541,14.72149],[-60.93311,14.70768],[-60.91394,14.7162],[-60.9142,14.70287],[-60.90072,14.69878],[-60.92851,14.68739],[-60.92488,14.67854],[-60.93663,14.68357],[-60.94304,14.66928],[-60.92899,14.65294],[-60.91185,14.66596],[-60.88296,14.66549],[-60.88588,14.65263],[-60.90603,14.64819],[-60.88859,14.64131],[-60.89906,14.62145],[-60.87018,14.61953],[-60.87246,14.59631],[-60.85186,14.59473],[-60.8453,14.55941],[-60.82547,14.56838],[-60.83856,14.55],[-60.82663,14.53738],[-60.83725,14.53349],[-60.8242,14.52954],[-60.83687,14.51169],[-60.82353,14.51307],[-60.8106,14.47978],[-60.82372,14.47184],[-60.80949,14.46019],[-60.82364,14.45245],[-60.83466,14.42287],[-60.84891,14.42711],[-60.83871,14.41063],[-60.86881,14.39456],[-60.89318,14.41918],[-60.8838,14.45193],[-60.87783,14.44623],[-60.86442,14.45489],[-60.86608,14.47046],[-60.89902,14.44767],[-60.9101,14.46892],[-60.97449,14.46803],[-60.98039,14.48205],[-60.99157,14.46633],[-61.00385,14.47881],[-61.03251,14.47708],[-61.05612,14.45394],[-61.07989,14.46872],[-61.08541,14.50529],[-61.10117,14.50817],[-61.08771,14.53411],[-61.06451,14.54195],[-61.0522,14.56242],[-61.02747,14.53497],[-60.98976,14.55024],[-61.02427,14.5848],[-61.01895,14.6117],[-61.03974,14.60647],[-61.03688,14.59263],[-61.06022,14.59511],[-61.05749,14.60359],[-61.05916,14.60406],[-61.09042,14.59864]]],[[[-60.87923,14.69258],[-60.89209,14.6931],[-60.89875,14.69637],[-60.87923,14.69258]]],[[[-60.88482,14.63254],[-60.88997,14.6334],[-60.88893,14.63488],[-60.88482,14.63254]]],[[[-60.88229,14.68763],[-60.88398,14.68733],[-60.88426,14.6905],[-60.88229,14.68763]]],[[[-60.90904,14.68573],[-60.91127,14.68526],[-60.9091,14.68736],[-60.90904,14.68573]]],[[[-60.89898,14.68692],[-60.90188,14.6859],[-60.90164,14.68698],[-60.89898,14.68692]]],[[[-60.88161,14.67005],[-60.88393,14.67101],[-60.88285,14.67137],[-60.88161,14.67005]]]]}},{"type":"Feature","properties":{"code":"93","nom":"Provence-Alpes-Côte d'Azur"},"geometry":{"type":"MultiPolygon","coordinates":[[[[6.94834,44.65482],[6.96837,44.6198],[6.94926,44.61918],[6.93287,44.57337],[6.91358,44.56927],[6.91498,44.55884],[6.87856,44.55434],[6.8534,44.52881],[6.87737,44.48079],[6.94809,44.4297],[6.89287,44.42078],[6.89685,44.37559],[6.88743,44.36105],[6.92257,44.35073],[6.92724,44.33242],[6.96053,44.31085],[6.95753,44.29511],[6.99572,44.27988],[7.00852,44.23524],[7.03884,44.22373],[7.07681,44.23221],[7.1436,44.20012],[7.18613,44.20135],[7.2194,44.16847],[7.2409,44.17336],[7.28136,44.14087],[7.34467,44.14474],[7.358,44.11602],[7.39289,44.12503],[7.42475,44.11193],[7.42979,44.12975],[7.46068,44.12579],[7.56482,44.15517],[7.62005,44.14951],[7.63662,44.1771],[7.67783,44.17682],[7.67084,44.15293],[7.67946,44.14715],[7.66656,44.13112],[7.71881,44.08253],[7.70046,44.04073],[7.66225,44.02822],[7.67044,43.99826],[7.65244,43.97371],[7.56938,43.94742],[7.56195,43.89974],[7.49788,43.87165],[7.49667,43.84978],[7.53016,43.78805],[7.49021,43.7672],[7.48683,43.749],[7.45782,43.7596],[7.40575,43.71937],[7.35587,43.72073],[7.3298,43.70247],[7.34974,43.68701],[7.3313,43.67452],[7.31472,43.70653],[7.30402,43.68483],[7.28417,43.69782],[7.24065,43.68777],[7.21162,43.64732],[7.19454,43.65792],[7.15698,43.65349],[7.13729,43.63634],[7.1218,43.58704],[7.14056,43.56893],[7.13637,43.54458],[7.119,43.54289],[7.12175,43.5595],[7.09626,43.57089],[7.03773,43.53471],[7.01657,43.55077],[6.96333,43.54216],[6.93837,43.51639],[6.95705,43.5008],[6.94583,43.48296],[6.93109,43.48364],[6.92398,43.4505],[6.89167,43.42845],[6.85974,43.43325],[6.85631,43.41152],[6.74549,43.41789],[6.71407,43.37179],[6.71655,43.3475],[6.68003,43.3403],[6.66535,43.32523],[6.67131,43.3126],[6.63501,43.3075],[6.58387,43.2773],[6.59347,43.26226],[6.64017,43.27436],[6.66521,43.26489],[6.6758,43.27849],[6.69763,43.26647],[6.66443,43.24135],[6.66429,43.21183],[6.68109,43.19982],[6.64305,43.1871],[6.64664,43.16771],[6.61829,43.15942],[6.60173,43.18209],[6.562,43.18909],[6.53691,43.17881],[6.5346,43.16334],[6.49664,43.15119],[6.46415,43.15753],[6.43866,43.14224],[6.42907,43.15143],[6.38445,43.14402],[6.35976,43.1199],[6.36435,43.08631],[6.32152,43.09139],[6.31667,43.10617],[6.28933,43.10672],[6.27494,43.12074],[6.20103,43.11606],[6.15475,43.07984],[6.15204,43.03718],[6.17266,43.03282],[6.14877,43.0259],[6.09126,43.03536],[6.13161,43.04801],[6.11399,43.08366],[6.02154,43.07826],[6.02347,43.09481],[6.00546,43.10396],[5.92568,43.10231],[5.93433,43.1186],[5.92063,43.12391],[5.88054,43.105],[5.90999,43.09992],[5.89679,43.08048],[5.9382,43.08456],[5.94704,43.06775],[5.8902,43.07804],[5.859,43.04802],[5.83112,43.04898],[5.79239,43.06869],[5.8125,43.09587],[5.80821,43.11519],[5.76734,43.11554],[5.78096,43.13012],[5.77125,43.13893],[5.7523,43.13014],[5.71604,43.14804],[5.69488,43.14359],[5.68219,43.15545],[5.69511,43.16989],[5.68674,43.17968],[5.62417,43.18698],[5.60414,43.16035],[5.56929,43.17488],[5.53569,43.21417],[5.49987,43.19689],[5.45893,43.21119],[5.4452,43.21116],[5.4545,43.20204],[5.34182,43.21257],[5.37605,43.25516],[5.34546,43.28161],[5.37348,43.29418],[5.36024,43.29567],[5.36406,43.3141],[5.35107,43.33471],[5.3142,43.36003],[5.22938,43.32873],[5.05019,43.32495],[5.01988,43.34233],[5.02528,43.35553],[4.98685,43.39224],[5.00107,43.39822],[4.97477,43.40122],[4.97,43.42488],[4.91933,43.43091],[4.88841,43.41216],[4.8935,43.40412],[4.88472,43.41372],[4.90342,43.42966],[4.88222,43.41928],[4.86083,43.45398],[4.85025,43.4508],[4.87731,43.41051],[4.8658,43.40464],[4.82444,43.42439],[4.86147,43.40077],[4.84154,43.4036],[4.83868,43.39453],[4.87183,43.39004],[4.82891,43.37589],[4.88305,43.3565],[4.91113,43.38715],[4.91753,43.37989],[4.85505,43.33262],[4.83549,43.32875],[4.77376,43.3485],[4.65913,43.34625],[4.5858,43.36007],[4.55561,43.38282],[4.59287,43.40557],[4.5881,43.42271],[4.5307,43.45257],[4.40133,43.44683],[4.23028,43.46019],[4.23968,43.49917],[4.32467,43.5282],[4.3079,43.5452],[4.31399,43.55557],[4.33414,43.53545],[4.38741,43.5622],[4.40935,43.56113],[4.41659,43.57134],[4.40294,43.57299],[4.42554,43.58522],[4.46068,43.58926],[4.47252,43.61204],[4.43975,43.61067],[4.42617,43.62448],[4.4513,43.66413],[4.47747,43.67251],[4.48724,43.69924],[4.53985,43.70727],[4.62745,43.68543],[4.61228,43.72475],[4.65194,43.78407],[4.64242,43.83144],[4.66679,43.84612],[4.64146,43.85114],[4.64191,43.86748],[4.69223,43.88418],[4.75,43.93218],[4.77902,43.93789],[4.81402,43.964],[4.81247,43.98766],[4.84438,43.98937],[4.84334,44.00986],[4.81838,44.01905],[4.78798,44.06505],[4.75956,44.07507],[4.7583,44.08792],[4.72255,44.07968],[4.70746,44.10367],[4.72207,44.18742],[4.70578,44.19279],[4.70655,44.21443],[4.67425,44.21402],[4.67786,44.23412],[4.65008,44.26131],[4.65062,44.32981],[4.77967,44.31937],[4.80456,44.3039],[4.8141,44.23231],[4.82665,44.22833],[4.87905,44.26148],[4.93291,44.26215],[5.06056,44.30814],[5.07651,44.28409],[5.10797,44.27725],[5.16775,44.31483],[5.16811,44.28992],[5.14707,44.27557],[5.16073,44.26655],[5.1549,44.23094],[5.23082,44.21193],[5.2523,44.23121],[5.3033,44.20539],[5.35535,44.21456],[5.38453,44.20118],[5.38324,44.15528],[5.43576,44.15225],[5.45472,44.11923],[5.50261,44.11565],[5.5414,44.13263],[5.55133,44.14979],[5.58298,44.15762],[5.56437,44.1709],[5.57462,44.18683],[5.60205,44.19149],[5.63959,44.16759],[5.63114,44.15058],[5.67794,44.14638],[5.68236,44.16363],[5.64327,44.17072],[5.65159,44.18958],[5.68642,44.19464],[5.67299,44.24619],[5.68657,44.26692],[5.67561,44.27589],[5.64678,44.26709],[5.63211,44.2839],[5.63821,44.299],[5.6079,44.30667],[5.63082,44.33299],[5.54727,44.33],[5.52137,44.35108],[5.49129,44.33786],[5.46255,44.36738],[5.43191,44.37099],[5.44303,44.39124],[5.4184,44.42477],[5.43672,44.4337],[5.47649,44.41972],[5.4983,44.43732],[5.46443,44.44789],[5.45841,44.49939],[5.61174,44.4696],[5.62979,44.50119],[5.6645,44.50189],[5.62737,44.53458],[5.59725,44.54327],[5.63533,44.60915],[5.64719,44.61156],[5.64172,44.65107],[5.72804,44.6392],[5.75356,44.64858],[5.75394,44.66271],[5.79062,44.65329],[5.79942,44.67415],[5.83044,44.69055],[5.80125,44.70828],[5.82931,44.74161],[5.82709,44.75969],[5.88181,44.74663],[5.90015,44.75832],[5.95112,44.75962],[5.95316,44.77131],[5.98015,44.78118],[5.94952,44.80453],[6.00552,44.82082],[6.01594,44.83548],[6.03021,44.8381],[6.0565,44.81581],[6.1329,44.8645],[6.16845,44.85225],[6.24998,44.85191],[6.2886,44.87406],[6.32409,44.85221],[6.35395,44.85348],[6.35884,44.94128],[6.32292,44.95302],[6.32954,44.96924],[6.31482,44.98018],[6.32352,44.99907],[6.25343,44.99521],[6.20393,45.01247],[6.22008,45.06537],[6.24452,45.07171],[6.22885,45.10831],[6.26057,45.12685],[6.29355,45.10851],[6.33448,45.12284],[6.36574,45.10096],[6.37467,45.08317],[6.36488,45.07017],[6.4518,45.05172],[6.48725,45.05685],[6.48049,45.09417],[6.51042,45.109],[6.52971,45.09857],[6.5613,45.10531],[6.57653,45.1231],[6.62482,45.11524],[6.64524,45.07564],[6.66211,45.07164],[6.67388,45.01962],[6.7454,45.0143],[6.75169,44.99663],[6.73785,44.98923],[6.76525,44.96197],[6.74414,44.93721],[6.7609,44.9332],[6.75071,44.90565],[6.80152,44.89112],[6.80335,44.87807],[6.86324,44.85061],[6.91316,44.84499],[6.93121,44.86353],[7.00125,44.84229],[7.02384,44.82307],[6.9994,44.78968],[7.02229,44.77079],[7.02991,44.72976],[7.06602,44.71333],[7.07711,44.68092],[6.98707,44.69014],[6.94834,44.65482]],[[5.14585,43.45806],[5.10867,43.52549],[5.04561,43.5218],[5.01329,43.55445],[5.00086,43.4741],[5.05188,43.46356],[5.06081,43.40286],[5.13727,43.40019],[5.20444,43.44214],[5.19842,43.45089],[5.2266,43.45301],[5.22484,43.48107],[5.20558,43.492],[5.14585,43.45806]]],[[[7.06711,43.51365],[7.04344,43.51568],[7.03158,43.52104],[7.04834,43.52376],[7.06711,43.51365]]],[[[7.05544,43.50782],[7.03709,43.50679],[7.0371,43.5085],[7.05544,43.50782]]],[[[5.3967,43.173],[5.38636,43.17309],[5.37194,43.17965],[5.38041,43.18042],[5.3967,43.173]]],[[[5.39128,43.18615],[5.38364,43.18722],[5.38094,43.18986],[5.39128,43.18615]]],[[[5.61908,43.16141],[5.61533,43.15914],[5.61482,43.16234],[5.61908,43.16141]]],[[[5.32393,43.28619],[5.31189,43.27593],[5.28799,43.26116],[5.30355,43.27632],[5.29164,43.28028],[5.32393,43.28619]]],[[[5.3374,43.21288],[5.32944,43.2111],[5.32852,43.21248],[5.3374,43.21288]]],[[[5.36144,43.19687],[5.37005,43.19544],[5.3705,43.19383],[5.36144,43.19687]]],[[[5.32666,43.27918],[5.32437,43.28036],[5.32771,43.28046],[5.32666,43.27918]]],[[[5.3189,43.34707],[5.34051,43.33426],[5.36168,43.30868],[5.35769,43.29929],[5.35323,43.31838],[5.3189,43.34707]]],[[[4.87679,43.36782],[4.87494,43.36236],[4.87366,43.36794],[4.87679,43.36782]]],[[[6.39598,42.98734],[6.39391,42.98841],[6.39678,42.98912],[6.39598,42.98734]]],[[[6.4348,43.01554],[6.47334,43.04693],[6.51129,43.04682],[6.48754,43.04272],[6.47096,43.01664],[6.45038,43.01735],[6.43834,43.0036],[6.4348,43.01554]]],[[[6.13983,43.02061],[6.14479,43.0163],[6.13946,43.01972],[6.13983,43.02061]]],[[[5.74996,43.12661],[5.74802,43.12725],[5.75245,43.1273],[5.74996,43.12661]]],[[[6.3971,42.9928],[6.37032,43.00084],[6.38328,43.0138],[6.41992,43.01383],[6.3971,42.9928]]],[[[6.36377,43.00396],[6.35996,43.01505],[6.3684,43.01807],[6.36476,43.01343],[6.36377,43.00396]]],[[[5.76959,43.08065],[5.7657,43.0801],[5.76796,43.08191],[5.76959,43.08065]]],[[[6.24407,43.02004],[6.25084,42.99967],[6.20563,42.98181],[6.1613,42.99888],[6.17959,43.00863],[6.21173,43.00256],[6.24407,43.02004]]],[[[5.78064,43.06977],[5.77864,43.08096],[5.79221,43.07745],[5.78996,43.07449],[5.78064,43.06977]]],[[[5.91986,43.11812],[5.91393,43.11872],[5.92061,43.11945],[5.91986,43.11812]]],[[[5.79082,43.06871],[5.78718,43.07224],[5.79033,43.07258],[5.79082,43.06871]]],[[[4.86953,44.34508],[4.91852,44.40779],[4.97044,44.43137],[5.00106,44.4126],[5.01876,44.41598],[5.01558,44.39304],[5.07206,44.38041],[5.02389,44.36056],[4.98702,44.29271],[4.92215,44.30878],[4.89166,44.30425],[4.88163,44.32487],[4.89533,44.33806],[4.86953,44.34508]]]]}},{"type":"Feature","properties":{"code":"94","nom":"Corse"},"geometry":{"type":"MultiPolygon","coordinates":[[[[8.59421,41.87416],[8.58667,41.87601],[8.59789,41.88207],[8.59421,41.87416]]],[[[9.37449,41.56152],[9.37082,41.56044],[9.37098,41.56292],[9.37449,41.56152]]],[[[8.5376,42.37276],[8.54166,42.36619],[8.53514,42.37075],[8.5376,42.37276]]],[[[9.2592,41.34743],[9.25896,41.33363],[9.24887,41.34111],[9.2592,41.34743]]],[[[9.36321,41.54966],[9.36185,41.55372],[9.36486,41.55263],[9.36321,41.54966]]],[[[9.2683,41.37294],[9.26656,41.36239],[9.25038,41.36856],[9.2683,41.37294]]],[[[9.22633,41.37072],[9.22795,41.3741],[9.23027,41.37224],[9.22633,41.37072]]],[[[9.35497,41.54042],[9.35196,41.54033],[9.35231,41.54126],[9.35497,41.54042]]],[[[9.39651,41.66997],[9.38975,41.67043],[9.39411,41.67273],[9.39651,41.66997]]],[[[9.36316,41.63409],[9.36091,41.63323],[9.36134,41.63448],[9.36316,41.63409]]],[[[9.41705,41.96123],[9.40595,41.81782],[9.39408,41.79791],[9.40815,41.76636],[9.40647,41.7137],[9.40019,41.69296],[9.37231,41.67883],[9.3881,41.67026],[9.38546,41.64626],[9.34943,41.63846],[9.35461,41.6166],[9.32008,41.61511],[9.30761,41.6283],[9.28094,41.59719],[9.29602,41.5847],[9.31806,41.60486],[9.36796,41.59124],[9.34281,41.55937],[9.2725,41.52883],[9.28453,41.51734],[9.26821,41.50081],[9.28581,41.49924],[9.28775,41.48385],[9.26705,41.47071],[9.27794,41.46422],[9.22395,41.44249],[9.22887,41.42612],[9.21532,41.4133],[9.22369,41.40475],[9.2651,41.42829],[9.25974,41.41366],[9.22004,41.36739],[9.18035,41.3662],[9.16724,41.38559],[9.12672,41.39431],[9.13294,41.39976],[9.0965,41.39206],[9.09503,41.41179],[9.12237,41.44149],[9.07012,41.44461],[9.06745,41.46554],[9.07994,41.47749],[9.0418,41.45681],[9.0374,41.47035],[9.02254,41.46256],[9.01819,41.47781],[8.99589,41.48531],[8.98355,41.4738],[8.95991,41.49193],[8.92003,41.48911],[8.91475,41.50721],[8.8833,41.50524],[8.89046,41.51638],[8.87781,41.52379],[8.84088,41.51969],[8.85328,41.54711],[8.82181,41.54435],[8.78219,41.56633],[8.80259,41.57317],[8.77415,41.59226],[8.78706,41.59731],[8.79435,41.63269],[8.87244,41.64718],[8.88125,41.67024],[8.91337,41.67977],[8.9135,41.691],[8.84344,41.69684],[8.81272,41.71413],[8.78283,41.69921],[8.78787,41.70854],[8.77115,41.7136],[8.7846,41.73225],[8.77498,41.74142],[8.7072,41.7218],[8.70456,41.73938],[8.65872,41.74026],[8.72801,41.7739],[8.71083,41.80101],[8.73931,41.79738],[8.74895,41.81115],[8.77129,41.81124],[8.78452,41.83112],[8.75093,41.84516],[8.78823,41.85046],[8.77927,41.88361],[8.80263,41.89646],[8.78033,41.92455],[8.75238,41.93339],[8.71944,41.90815],[8.64148,41.90991],[8.60661,41.89517],[8.6234,41.93484],[8.59208,41.9644],[8.66291,41.97654],[8.65999,42.01231],[8.74652,42.0511],[8.73784,42.06521],[8.71886,42.06379],[8.70034,42.11231],[8.65893,42.10129],[8.64701,42.12114],[8.61209,42.1346],[8.57986,42.12942],[8.59371,42.14441],[8.58546,42.15173],[8.55879,42.14632],[8.5934,42.16831],[8.56114,42.1716],[8.58511,42.17901],[8.58139,42.20594],[8.56772,42.20452],[8.57385,42.22797],[8.53971,42.23713],[8.6928,42.26829],[8.66047,42.30235],[8.60165,42.30896],[8.59782,42.31874],[8.62822,42.33201],[8.61487,42.34959],[8.59038,42.35236],[8.55779,42.33224],[8.55773,42.36005],[8.54322,42.36729],[8.54729,42.37889],[8.56918,42.36941],[8.57683,42.38338],[8.60791,42.38612],[8.60611,42.41645],[8.65682,42.4168],[8.66372,42.43447],[8.64822,42.44228],[8.66834,42.44478],[8.66467,42.45685],[8.67983,42.46812],[8.64924,42.47431],[8.6655,42.51363],[8.7202,42.52542],[8.71026,42.53573],[8.72282,42.55678],[8.70916,42.57672],[8.72681,42.58405],[8.72704,42.56161],[8.75576,42.57139],[8.76044,42.55857],[8.78105,42.55652],[8.80481,42.57089],[8.80263,42.60257],[8.86739,42.6084],[8.87916,42.62873],[8.91147,42.62896],[8.93066,42.64531],[8.94669,42.63364],[9.01495,42.64136],[9.05932,42.66007],[9.0571,42.69548],[9.07024,42.69223],[9.08582,42.71489],[9.12456,42.73164],[9.1629,42.73668],[9.19806,42.72498],[9.2211,42.73567],[9.23308,42.72033],[9.25779,42.7179],[9.254,42.70621],[9.28746,42.67449],[9.31418,42.689],[9.34563,42.74327],[9.34158,42.79757],[9.30955,42.83378],[9.3403,42.86567],[9.32137,42.89688],[9.36147,42.92476],[9.34969,42.92882],[9.35905,42.9454],[9.3471,42.95277],[9.34016,42.99306],[9.35769,43.00727],[9.4199,43.01161],[9.46355,42.9864],[9.45159,42.96176],[9.46935,42.93633],[9.49279,42.80588],[9.46671,42.76061],[9.44619,42.67358],[9.53269,42.54802],[9.52962,42.48944],[9.54349,42.4293],[9.53224,42.37191],[9.55996,42.28231],[9.55912,42.1967],[9.54998,42.10416],[9.41705,41.96123]]],[[[9.4064,43.02766],[9.40392,43.02591],[9.40434,43.02737],[9.4064,43.02766]]],[[[9.34291,42.96376],[9.34015,42.96533],[9.34135,42.96567],[9.34291,42.96376]]]]}},{"type":"Feature","properties":{"code":"03","nom":"Guyane"},"geometry":{"type":"MultiPolygon","coordinates":[[[[-53.87049,5.74494],[-53.88376,5.7365],[-53.90259,5.74655],[-53.89023,5.74816],[-53.87049,5.74494]]],[[[-52.17997,4.89393],[-52.18157,4.88863],[-52.1902,4.89246],[-52.17997,4.89393]]],[[[-52.2032,4.92512],[-52.20617,4.92934],[-52.20104,4.93122],[-52.2032,4.92512]]],[[[-53.46939,5.56526],[-53.40307,5.5637],[-53.31831,5.53874],[-53.28022,5.54305],[-53.25077,5.52123],[-53.26205,5.53803],[-53.30056,5.5529],[-53.27474,5.56324],[-53.26143,5.5485],[-53.13142,5.50816],[-53.07247,5.46828],[-53.02008,5.45805],[-52.99557,5.43198],[-52.99695,5.45973],[-52.94077,5.4497],[-52.8551,5.37761],[-52.83165,5.33329],[-52.66638,5.20027],[-52.6283,5.16281],[-52.6277,5.14633],[-52.57599,5.10651],[-52.55644,5.10698],[-52.55225,5.08784],[-52.5382,5.08848],[-52.41635,4.98177],[-52.36473,4.92075],[-52.30229,4.95135],[-52.25881,4.91351],[-52.26278,4.89989],[-52.22914,4.85964],[-52.20112,4.85128],[-52.18595,4.82164],[-52.14575,4.79091],[-52.11003,4.78476],[-52.00623,4.70183],[-51.91607,4.66885],[-51.86183,4.67209],[-51.83605,4.65428],[-51.7897,4.5907],[-51.7766,4.49024],[-51.74751,4.43897],[-51.75238,4.41825],[-51.71188,4.38806],[-51.69226,4.39508],[-51.71922,4.35284],[-51.71047,4.31221],[-51.66107,4.24388],[-51.66093,4.22659],[-51.6348,4.20072],[-51.61907,4.20109],[-51.63497,4.17635],[-51.6477,4.0795],[-51.67572,4.03606],[-51.77577,3.97647],[-51.79865,3.88696],[-51.874,3.80317],[-51.90471,3.79835],[-51.89809,3.78385],[-51.92125,3.77839],[-51.9217,3.72428],[-51.95577,3.72044],[-51.9726,3.70546],[-51.99347,3.6429],[-51.98827,3.62773],[-52.07315,3.51557],[-52.19084,3.29674],[-52.23361,3.24068],[-52.25976,3.2531],[-52.29251,3.22642],[-52.30272,3.1729],[-52.32958,3.17188],[-52.34077,3.14442],[-52.33142,3.1385],[-52.35286,3.12796],[-52.33925,3.12089],[-52.34546,3.09773],[-52.32594,3.07781],[-52.39339,2.94462],[-52.39513,2.92783],[-52.37931,2.91299],[-52.39015,2.8982],[-52.42264,2.89034],[-52.52934,2.65161],[-52.55524,2.64031],[-52.52768,2.58105],[-52.53692,2.55864],[-52.56121,2.55029],[-52.5517,2.52086],[-52.59379,2.47793],[-52.61798,2.47524],[-52.61029,2.45247],[-52.64637,2.43212],[-52.66058,2.37398],[-52.8559,2.28163],[-52.85404,2.26368],[-52.88734,2.23858],[-52.9045,2.18672],[-52.93461,2.19434],[-52.94116,2.17861],[-52.98784,2.16808],[-53.05191,2.18985],[-53.07969,2.22221],[-53.13062,2.22548],[-53.22419,2.20113],[-53.24475,2.21113],[-53.2742,2.19034],[-53.27893,2.2187],[-53.26318,2.21951],[-53.25594,2.24879],[-53.25187,2.24136],[-53.22685,2.26403],[-53.25598,2.27009],[-53.28145,2.305],[-53.30091,2.30706],[-53.31921,2.34505],[-53.33191,2.33409],[-53.34009,2.35197],[-53.35638,2.34789],[-53.37214,2.31304],[-53.39922,2.30501],[-53.41074,2.28726],[-53.43082,2.28861],[-53.46108,2.25353],[-53.48404,2.2621],[-53.54676,2.25253],[-53.60446,2.28073],[-53.65692,2.27948],[-53.65188,2.29612],[-53.66549,2.30208],[-53.68284,2.2928],[-53.69896,2.31118],[-53.73963,2.30581],[-53.74771,2.31984],[-53.73318,2.32239],[-53.73829,2.33246],[-53.72084,2.34995],[-53.75089,2.35803],[-53.7361,2.37245],[-53.76604,2.37557],[-53.83464,2.33232],[-53.81326,2.31142],[-53.83824,2.30216],[-53.8556,2.3133],[-53.88277,2.30883],[-53.88524,2.27513],[-53.90545,2.26069],[-53.9151,2.27818],[-53.9344,2.28111],[-53.93278,2.23707],[-53.94433,2.21536],[-53.99041,2.20914],[-54.02353,2.18137],[-54.0656,2.19679],[-54.08288,2.17253],[-54.0843,2.13618],[-54.09369,2.13978],[-54.10649,2.12131],[-54.10138,2.11176],[-54.12617,2.12407],[-54.14216,2.11306],[-54.1686,2.12948],[-54.18718,2.17891],[-54.22414,2.14983],[-54.34188,2.15183],[-54.33916,2.16931],[-54.36307,2.17967],[-54.36228,2.21178],[-54.41565,2.19483],[-54.42675,2.21456],[-54.4489,2.20353],[-54.47724,2.21331],[-54.49589,2.24863],[-54.54821,2.26951],[-54.51391,2.28084],[-54.53371,2.29254],[-54.53912,2.32474],[-54.58765,2.32163],[-54.60155,2.33666],[-54.59049,2.35196],[-54.56974,2.35418],[-54.53363,2.33363],[-54.50642,2.33807],[-54.50502,2.39113],[-54.47616,2.43541],[-54.41956,2.43688],[-54.3871,2.47037],[-54.37004,2.50896],[-54.34863,2.52474],[-54.34533,2.56279],[-54.32818,2.57452],[-54.31281,2.61336],[-54.31842,2.63001],[-54.26642,2.68884],[-54.26477,2.72319],[-54.20821,2.77775],[-54.19792,2.80436],[-54.20784,2.83126],[-54.18596,2.83786],[-54.17945,2.85855],[-54.19521,2.88498],[-54.19114,2.92529],[-54.17941,2.92806],[-54.17596,2.95774],[-54.16072,2.9686],[-54.18145,2.98374],[-54.18558,2.99924],[-54.16961,3.0156],[-54.19464,3.06535],[-54.17431,3.07257],[-54.17445,3.10932],[-54.19178,3.13499],[-54.19852,3.1238],[-54.21139,3.12774],[-54.20119,3.14196],[-54.21389,3.15021],[-54.18909,3.20636],[-54.17529,3.20611],[-54.13635,3.26604],[-54.10052,3.30041],[-54.0809,3.29251],[-54.06429,3.31269],[-54.05851,3.38547],[-54.01218,3.42707],[-54.02006,3.4427],[-54.00004,3.52421],[-54.00931,3.53556],[-53.98063,3.60836],[-54.00669,3.64855],[-54.04637,3.63315],[-54.05039,3.65275],[-54.08289,3.67444],[-54.0791,3.71359],[-54.12195,3.79271],[-54.19776,3.80551],[-54.1919,3.84741],[-54.23694,3.8605],[-54.24924,3.90887],[-54.29002,3.9358],[-54.31789,4.01481],[-54.35762,4.05018],[-54.34437,4.11348],[-54.32309,4.14444],[-54.39123,4.18717],[-54.38729,4.35405],[-54.41365,4.37546],[-54.43648,4.36171],[-54.44195,4.37081],[-54.43219,4.46316],[-54.45008,4.52592],[-54.42474,4.55499],[-54.41529,4.6065],[-54.43796,4.6426],[-54.42372,4.66549],[-54.42729,4.71498],[-54.46631,4.73988],[-54.46667,4.87252],[-54.47873,4.90356],[-54.44355,4.94013],[-54.4379,5.01734],[-54.41555,5.08471],[-54.37539,5.1079],[-54.27901,5.26252],[-54.1842,5.32338],[-54.11753,5.4174],[-54.01886,5.52147],[-54.0037,5.5731],[-54.01488,5.65248],[-53.96839,5.74519],[-53.79928,5.72392],[-53.5926,5.6083],[-53.46939,5.56526]]],[[[-52.58621,5.28484],[-52.59398,5.2869],[-52.58662,5.289],[-52.58621,5.28484]]],[[[-52.5851,5.29029],[-52.58314,5.29646],[-52.58002,5.29501],[-52.5851,5.29029]]]]}},{"type":"Feature","properties":{"code":"04","nom":"La Réunion"},"geometry":{"type":"MultiPolygon","coordinates":[[[[55.56819,-21.37591],[55.56843,-21.37745],[55.56725,-21.37728],[55.56819,-21.37591]]],[[[55.2869,-21.16087],[55.2209,-21.07737],[55.2167,-21.03785],[55.27653,-21.00109],[55.28719,-20.92377],[55.32478,-20.93543],[55.32172,-20.92636],[55.34451,-20.92222],[55.39505,-20.88184],[55.45117,-20.87174],[55.46962,-20.88425],[55.59245,-20.89596],[55.64773,-20.91561],[55.69683,-20.96581],[55.70282,-21.01805],[55.73874,-21.07151],[55.78003,-21.12198],[55.82589,-21.14362],[55.83498,-21.16044],[55.83663,-21.18341],[55.82584,-21.1861],[55.80159,-21.25972],[55.80729,-21.33676],[55.77525,-21.36552],[55.68155,-21.37474],[55.64681,-21.38936],[55.4841,-21.35238],[55.4196,-21.32155],[55.39069,-21.29216],[55.33535,-21.27776],[55.33056,-21.25868],[55.29297,-21.22979],[55.28055,-21.20247],[55.2869,-21.16087]]]]}},{"type":"Feature","properties":{"code":"06","nom":"Mayotte"},"geometry":{"type":"MultiPolygon","coordinates":[[[[45.04101,-12.64686],[45.03175,-12.65602],[45.01841,-12.64345],[45.0266,-12.63659],[45.04101,-12.64686]]],[[[45.0283,-12.65543],[45.02791,-12.65712],[45.02702,-12.65815],[45.0283,-12.65543]]],[[[45.13846,-13.00247],[45.13757,-13.00526],[45.13845,-13.0012],[45.13846,-13.00247]]],[[[45.23123,-12.89514],[45.23174,-12.90177],[45.22952,-12.89908],[45.23123,-12.89514]]],[[[45.06653,-12.7595],[45.0663,-12.75988],[45.06612,-12.75985],[45.06653,-12.7595]]],[[[45.08949,-12.84598],[45.08957,-12.84697],[45.08857,-12.84687],[45.08949,-12.84598]]],[[[45.21729,-12.98083],[45.21724,-12.98618],[45.21604,-12.98632],[45.21729,-12.98083]]],[[[45.16105,-12.97534],[45.15978,-12.97592],[45.15946,-12.97587],[45.16105,-12.97534]]],[[[45.14159,-12.9173],[45.1418,-12.92254],[45.13906,-12.9214],[45.14159,-12.9173]]],[[[45.20126,-12.93271],[45.20218,-12.93507],[45.19787,-12.93243],[45.20126,-12.93271]]],[[[45.20675,-12.9202],[45.20785,-12.92132],[45.20543,-12.92016],[45.20675,-12.9202]]],[[[45.20585,-12.91095],[45.20535,-12.91109],[45.20561,-12.91086],[45.20585,-12.91095]]],[[[45.20522,-12.9096],[45.2052,-12.90982],[45.20502,-12.90977],[45.20522,-12.9096]]],[[[45.12768,-12.72436],[45.12851,-12.72483],[45.1279,-12.72475],[45.12768,-12.72436]]],[[[45.17372,-12.71816],[45.17327,-12.71881],[45.17314,-12.71866],[45.17372,-12.71816]]],[[[45.1277,-12.72311],[45.12775,-12.72349],[45.12757,-12.72337],[45.1277,-12.72311]]],[[[45.19544,-12.90692],[45.19559,-12.90717],[45.19548,-12.9072],[45.19544,-12.90692]]],[[[45.11359,-12.67322],[45.11824,-12.67669],[45.11088,-12.67547],[45.11359,-12.67322]]],[[[45.05996,-12.67518],[45.05708,-12.67767],[45.05515,-12.67673],[45.05996,-12.67518]]],[[[45.04865,-12.67127],[45.04945,-12.67305],[45.04613,-12.6718],[45.04865,-12.67127]]],[[[45.12954,-12.68912],[45.12881,-12.68979],[45.12814,-12.68916],[45.12954,-12.68912]]],[[[45.11898,-12.68848],[45.11878,-12.68869],[45.1187,-12.68853],[45.11898,-12.68848]]],[[[45.05146,-12.67552],[45.0516,-12.67576],[45.05141,-12.67579],[45.05146,-12.67552]]],[[[45.09984,-12.80194],[45.11262,-12.79396],[45.09389,-12.78454],[45.10248,-12.76653],[45.05164,-12.75623],[45.04258,-12.74402],[45.05777,-12.72699],[45.03981,-12.72219],[45.10501,-12.65074],[45.08825,-12.67017],[45.13052,-12.70045],[45.12544,-12.72734],[45.15483,-12.73668],[45.1662,-12.71753],[45.17679,-12.73014],[45.2142,-12.73244],[45.23979,-12.76123],[45.22564,-12.77427],[45.23367,-12.77615],[45.23791,-12.78482],[45.22093,-12.78962],[45.20311,-12.80952],[45.20372,-12.81965],[45.19464,-12.82425],[45.19639,-12.83315],[45.18407,-12.84207],[45.22206,-12.8719],[45.19246,-12.90576],[45.205,-12.92014],[45.18645,-12.91703],[45.17945,-12.94345],[45.16936,-12.94303],[45.17692,-12.96537],[45.20436,-12.97456],[45.17818,-12.99497],[45.16048,-12.97259],[45.14914,-12.99977],[45.13413,-12.98887],[45.12634,-12.99567],[45.12504,-12.97991],[45.10881,-12.99389],[45.10828,-12.95724],[45.07887,-12.96253],[45.1043,-12.93282],[45.08713,-12.92989],[45.07115,-12.89932],[45.09917,-12.89861],[45.10568,-12.92321],[45.13704,-12.93814],[45.15497,-12.92356],[45.1385,-12.89077],[45.09294,-12.8531],[45.12126,-12.83966],[45.10096,-12.83416],[45.09984,-12.80194]]],[[[45.28765,-12.81726],[45.26022,-12.78779],[45.25451,-12.78111],[45.26808,-12.78945],[45.28464,-12.75883],[45.29999,-12.78423],[45.28765,-12.81726]]],[[[45.23124,-12.8071],[45.23939,-12.81416],[45.23293,-12.81684],[45.23124,-12.8071]]],[[[45.26738,-12.77905],[45.2671,-12.7816],[45.26562,-12.78058],[45.26738,-12.77905]]],[[[45.21006,-12.80702],[45.20547,-12.81204],[45.20447,-12.80977],[45.21006,-12.80702]]],[[[45.27009,-12.77698],[45.27041,-12.7783],[45.26936,-12.77823],[45.27009,-12.77698]]]]}}]}